radius_bin,r_center,mean_intensity,pixel_count,condition,image_num,particle_density,n_particles
0,0.01,80.82142857142857,560,A,1,0.0,0
1,0.03,89.59446450060169,1662,A,1,150.42117930204574,1
2,0.05,94.33705035971224,2780,A,1,89.92805755395683,1
3,0.07,97.90336674376766,3891,A,1,128.5016705217168,2
4,0.09,98.9632,5000,A,1,200.0,4
5,0.11,90.97556175168116,6097,A,1,82.00754469411186,2
6,0.13,88.48189106994747,7234,A,1,69.11805363560963,2
7,0.15000000000000002,86.55695292849443,8349,A,1,29.9437058330339,1
8,0.16999999999999998,84.69760542487815,9438,A,1,0.0,0
9,0.19,86.1516300227445,10552,A,1,0.0,0
10,0.21000000000000002,90.99315537303217,11688,A,1,85.55783709787818,4
11,0.22999999999999998,101.05651221039449,12776,A,1,117.407639323732,6
12,0.25,105.90605427974948,13891,A,1,71.9890576632352,4
13,0.27,109.07793245853594,15013,A,1,99.91340837940453,6
14,0.29000000000000004,109.0338751706167,16118,A,1,15.510609256731604,1
15,0.31,107.30339692880409,17192,A,1,87.24988366682179,6
16,0.33,102.6940721368639,18354,A,1,81.72605426610004,6
17,0.35,104.45993836671803,19470,A,1,38.52080123266565,3
18,0.37,105.41588012065777,20554,A,1,85.14157828159969,7
19,0.39,109.98859807044269,21663,A,1,23.08082906337996,2
20,0.41000000000000003,112.13475208424748,22790,A,1,76.7880649407635,7
21,0.43,113.78095557137473,23881,A,1,52.3428667141242,5
22,0.45,113.65461670732195,25007,A,1,29.991602351341626,3
23,0.47,115.59908221797323,26150,A,1,19.120458891013385,2
24,0.49,118.70550209358701,27226,A,1,73.45919341805627,8
25,0.51,119.62169704677123,28308,A,1,88.31425745372333,10
26,0.53,118.45136107528342,29462,A,1,33.942027017853505,4
27,0.55,118.7197554276746,30584,A,1,73.56787862934868,9
28,0.5700000000000001,117.2040049271975,31661,A,1,47.37689902403588,6
29,0.59,120.03547245775636,32786,A,1,68.62685292502898,9
30,0.61,120.71850324101355,33940,A,1,110.48909840895699,15
31,0.63,118.84335524435554,34990,A,1,100.02857959416976,14
32,0.65,116.74477868262146,36102,A,1,69.2482410946762,10
33,0.67,121.48566827697262,37260,A,1,120.77294685990337,18
34,0.69,120.71865547095024,38348,A,1,162.98112026702827,25
35,0.71,121.53837371559051,39415,A,1,158.56907268806293,25
36,0.73,119.78595202287912,40561,A,1,154.08890313355192,25
37,0.75,120.04221300668792,41717,A,1,197.76110458566055,33
38,0.77,121.25756229837766,42778,A,1,239.60914488755904,41
39,0.79,120.91686606959732,43881,A,1,319.04468904537276,56
40,0.81,119.06730000887863,45052,A,1,166.4742963686407,30
41,0.83,119.96381072226681,46091,A,1,265.77856848408584,49
42,0.85,120.88157337623846,47236,A,1,269.9212465069015,51
43,0.87,117.50117329456963,48155,A,1,186.89648011629114,36
44,0.89,117.44112925084964,47961,A,1,213.7153103563312,41
45,0.91,117.69377900413897,47838,A,1,229.9427233579999,44
46,0.9299999999999999,118.96435506550901,44803,A,1,239.93928977970228,43
47,0.95,115.86823315591327,38515,A,1,220.69323640140206,34
48,0.97,118.85869663191419,33283,A,1,300.4536850644473,40
49,0.99,118.41575708116562,29409,A,1,144.51358427692205,17
0,0.01,143.84615384615384,585,A,2,0.0,0
1,0.03,125.66666666666667,1746,A,2,572.737686139748,4
2,0.05,98.68775933609959,2892,A,2,172.89073305670817,2
3,0.07,99.51359960793923,4081,A,2,122.51899044351876,2
4,0.09,103.14977046671767,5228,A,2,143.4583014537108,3
5,0.11,102.0984860309037,6407,A,2,117.0594662088341,3
6,0.13,102.42037037037036,7560,A,2,132.27513227513228,4
7,0.15000000000000002,97.01838869095506,8701,A,2,86.1969888518561,3
8,0.16999999999999998,103.71631849833484,9909,A,2,100.91835704914725,4
9,0.19,111.41237767306995,11036,A,2,67.95940558173251,3
10,0.21000000000000002,114.5578843949566,12214,A,2,102.34157524152613,5
11,0.22999999999999998,116.73481282223716,13383,A,2,168.12373907195698,9
12,0.25,118.34265830634604,14513,A,2,137.807482946324,8
13,0.27,118.17273593898952,15735,A,2,142.99332697807438,9
14,0.29000000000000004,119.20336064600404,16842,A,2,103.90689941812137,7
15,0.31,118.11428730017762,18016,A,2,180.39520426287743,13
16,0.33,112.92989851678377,19215,A,2,195.160031225605,15
17,0.35,112.49016522423288,20336,A,2,221.28245476003147,18
18,0.37,115.6443267846361,21531,A,2,174.16747944823743,15
19,0.39,113.78775438131815,22653,A,2,231.75738312806251,21
20,0.41000000000000003,114.81071218857478,23842,A,2,178.25685764617063,17
21,0.43,112.92493811387048,25046,A,2,209.61430967020684,21
22,0.45,115.29819657694222,26117,A,2,162.72925680591186,17
23,0.47,115.64720078984898,27347,A,2,274.25311734376714,30
24,0.49,115.43130923130923,28490,A,2,298.3502983502984,34
25,0.51,113.69427675289198,29651,A,2,311.9624970490034,37
26,0.53,113.77145171743356,30860,A,2,356.44847699287106,44
27,0.55,113.4658229434246,31922,A,2,352.421527473216,45
28,0.5700000000000001,113.05782558910384,33186,A,2,233.53221237871392,31
29,0.59,114.73014393100635,34322,A,2,393.3337218110833,54
30,0.61,113.27575603701196,35448,A,2,324.4188670728955,46
31,0.63,114.73966288457342,36664,A,2,347.7525638228235,51
32,0.65,116.37509601885942,37753,A,2,331.09951527030967,50
33,0.67,114.86793517283824,38996,A,2,346.18935275412866,54
34,0.69,113.60781382369063,40134,A,2,355.0605471669906,57
35,0.71,109.46647265672365,41235,A,2,363.7686431429611,60
36,0.73,112.84670605126274,42487,A,2,423.65900157695296,72
37,0.75,112.05916494608856,43590,A,2,355.58614361092,62
38,0.77,108.8303386085132,44801,A,2,340.39418762974043,61
39,0.79,112.76574027726393,45949,A,2,397.1794815991643,73
40,0.81,112.86712721862047,47045,A,2,398.5545754065257,75
41,0.83,112.36094895044094,48306,A,2,424.3779240674037,82
42,0.85,113.64799676244435,49420,A,2,379.4010522055848,75
43,0.87,115.3455098934551,50589,A,2,380.51750380517507,77
44,0.89,106.70144753879752,51743,A,2,217.42071391299308,45
45,0.91,115.36983729662077,52734,A,2,379.2619562331703,80
46,0.9299999999999999,116.63337419083004,52214,A,2,244.18738269429656,51
47,0.95,120.83242152559649,48073,A,2,228.81867160360287,44
48,0.97,116.17138658074727,35382,A,2,190.7749703238935,27
49,0.99,113.65609553560837,25289,A,2,207.60014235438334,21
0,0.01,109.97435897435898,585,A,3,0.0,0
1,0.03,118.80758184951178,1741,A,3,143.59563469270535,1
2,0.05,120.87850787132102,2922,A,3,256.67351129363453,3
3,0.07,114.80123001230012,4065,A,3,0.0,0
4,0.09,107.77488106565175,5255,A,3,0.0,0
5,0.11,107.68093081368109,6403,A,3,39.04419803217242,1
6,0.13,109.66305353602115,7565,A,3,0.0,0
7,0.15000000000000002,115.34201805507942,8751,A,3,28.56816363844132,1
8,0.16999999999999998,118.06723963599596,9890,A,3,101.11223458038423,4
9,0.19,120.25699584762593,11078,A,3,112.83625203105254,5
10,0.21000000000000002,120.9141876430206,12236,A,3,61.29454069957503,3
11,0.22999999999999998,122.24576081272876,13387,A,3,93.37416896989617,5
12,0.25,117.15667855183763,14584,A,3,51.426220515633574,3
13,0.27,119.00718281210273,15732,A,3,63.564708873633364,4
14,0.29000000000000004,121.51866998577525,16872,A,3,74.08724513987673,5
15,0.31,126.17829671849925,18071,A,3,138.3432018150628,10
16,0.33,122.43673554364233,19213,A,3,91.08416176547131,7
17,0.35,126.24513217911618,20389,A,3,36.784540683702,3
18,0.37,130.05801604600472,21563,A,3,92.75147242962483,8
19,0.39,132.09971359330248,22695,A,3,88.12513769552766,8
20,0.41000000000000003,131.661469002132,23921,A,3,83.60854479327789,8
21,0.43,127.13812817334986,25013,A,3,69.96361891816255,7
22,0.45,123.36794969512195,26240,A,3,47.63719512195122,5
23,0.47,124.38671047827674,27390,A,3,73.01935012778387,8
24,0.49,125.93145641960592,28522,A,3,26.29549119977561,3
25,0.51,131.54948013055622,29719,A,3,50.47276153302601,6
26,0.53,131.8478950777202,30880,A,3,48.57512953367876,6
27,0.55,133.45883712937794,32007,A,3,46.86474833630143,6
28,0.5700000000000001,130.03725100800386,33234,A,3,67.70175121863153,9
29,0.59,126.38923497904052,34352,A,3,50.94317652538425,7
30,0.61,125.37858288093162,35551,A,3,70.3215099434615,10
31,0.63,122.28908803660929,36712,A,3,20.429287426454565,3
32,0.65,118.66380403762815,37844,A,3,46.24246908360639,7
33,0.67,117.71129321382843,39050,A,3,38.41229193341869,6
34,0.69,115.5657475612184,40184,A,3,68.43519808879157,11
35,0.71,116.97603095900351,41345,A,3,90.70020558713266,15
36,0.73,118.42968603120887,42552,A,3,76.37713855987968,13
37,0.75,118.85112282309808,43640,A,3,40.10082493125573,7
38,0.77,120.62842820541384,44885,A,3,94.68642085329174,17
39,0.79,118.91291682970305,46002,A,3,59.78000956480153,11
40,0.81,116.74597703625514,46421,A,3,53.85493634346525,10
41,0.83,121.01663637335614,46765,A,3,112.26344488399444,21
42,0.85,124.13319467914555,46158,A,3,86.6588673686035,16
43,0.87,123.76588562351073,45324,A,3,77.22178095490248,14
44,0.89,121.60917272839355,40555,A,3,86.30255208975466,14
45,0.91,124.5995609037601,35983,A,3,104.21587972097934,15
46,0.9299999999999999,123.96822314414335,33987,A,3,88.26904404625299,12
47,0.95,121.71480052300922,31357,A,3,87.69971617182767,11
48,0.97,118.82999415787484,29099,A,3,120.27904738994467,14
49,0.99,118.37254305592518,26303,A,3,142.5692886742957,15
0,0.01,96.5018115942029,552,A,4,0.0,0
1,0.03,101.77397678680514,1637,A,4,0.0,0
2,0.05,107.01778584392015,2755,A,4,90.74410163339383,1
3,0.07,109.8846954711088,3842,A,4,0.0,0
4,0.09,115.52979327117957,4934,A,4,50.66882853668423,1
5,0.11,118.87357272877709,6043,A,4,124.1105411219593,3
6,0.13,128.39207171872812,7139,A,4,70.03782042302844,2
7,0.15000000000000002,125.59227780475959,8236,A,4,60.70908207867897,2
8,0.16999999999999998,125.19487893721877,9334,A,4,26.78380115706021,1
9,0.19,134.73012071278023,10438,A,4,95.80379383023568,4
10,0.21000000000000002,142.36858111043531,11509,A,4,108.61065253280042,5
11,0.22999999999999998,132.66574301322143,12631,A,4,19.792573826300373,1
12,0.25,135.3156400174749,13734,A,4,72.81199941750401,4
13,0.27,135.18901780895845,14824,A,4,50.593631948192126,3
14,0.29000000000000004,127.06145532235767,15914,A,4,125.67550584391104,8
15,0.31,121.40437158469945,17019,A,4,117.51571772724603,8
16,0.33,124.6360227210059,18133,A,4,68.93509071857939,5
17,0.35,130.3543782882742,19197,A,4,104.18294525186228,8
18,0.37,133.23756090358776,20319,A,4,61.51877553029185,5
19,0.39,129.53337069730512,21411,A,4,70.05744710662744,6
20,0.41000000000000003,127.67857142857143,22512,A,4,55.52594171997158,5
21,0.43,129.71662922300877,23591,A,4,74.18083167309568,7
22,0.45,129.26156770749068,24724,A,4,80.89305937550559,8
23,0.47,130.0601092896175,25803,A,4,48.443979382242375,5
24,0.49,137.7719526715285,26876,A,4,130.2277124572109,14
25,0.51,136.92028545941125,28025,A,4,98.12667261373774,11
26,0.53,135.11710720791942,29093,A,4,94.52445605472107,11
27,0.55,132.7942550442302,30183,A,4,66.26246562634596,8
28,0.5700000000000001,132.6833359961655,31295,A,4,103.85045534430421,13
29,0.59,133.8678290387286,32405,A,4,61.71887054466904,8
30,0.61,130.07802604851236,33476,A,4,44.808220814912175,6
31,0.63,129.07088527055558,34577,A,4,86.76287705700322,12
32,0.65,129.56813282190552,35717,A,4,83.99361648514713,12
33,0.67,128.58180581996191,36770,A,4,81.58825129181399,12
34,0.69,130.27512277551884,37874,A,4,59.4075091091514,9
35,0.71,130.6912639786601,38988,A,4,128.24458807838312,20
36,0.73,128.92259884185304,40064,A,4,99.84025559105433,16
37,0.75,126.74397648887593,41172,A,4,109.29758088020985,18
38,0.77,129.32127563935745,42269,A,4,106.460999787078,18
39,0.79,132.5107946821502,43401,A,4,132.48542660307368,23
40,0.81,126.59838592673195,44112,A,4,130.3500181356547,23
41,0.83,125.52424360413184,43661,A,4,85.88900849728591,15
42,0.85,125.48778043892663,40918,A,4,140.52495234371182,23
43,0.87,119.53116883116883,36190,A,4,117.43575573362807,17
44,0.89,118.57364616660742,33756,A,4,155.52790615001777,21
45,0.91,120.58765212417781,31471,A,4,174.76406850751485,22
46,0.9299999999999999,122.31390582480796,29031,A,4,206.67562261031313,24
47,0.95,120.84938787478924,27282,A,4,192.43457224543658,21
48,0.97,120.4,25250,A,4,118.81188118811882,12
49,0.99,122.49778001172824,23874,A,4,115.18807070453212,11
0,0.01,121.78823529411764,85,A,5,0.0,0
1,0.03,120.6969696969697,264,A,5,946.9696969696971,1
2,0.05,115.83524027459954,437,A,5,572.0823798627002,1
3,0.07,123.36019736842105,608,A,5,822.3684210526317,2
4,0.09,120.92307692307692,780,A,5,320.5128205128205,1
5,0.11,115.03854166666666,960,A,5,260.4166666666667,1
6,0.13,114.25352112676056,1136,A,5,660.2112676056339,3
7,0.15000000000000002,111.71286370597244,1306,A,5,191.42419601837673,1
8,0.16999999999999998,106.18909592822637,1449,A,5,172.5327812284334,1
9,0.19,104.98930481283422,1496,A,5,0.0,0
10,0.21000000000000002,105.8426103646833,1563,A,5,319.8976327575176,2
11,0.22999999999999998,107.42114695340501,1674,A,5,149.34289127837516,1
12,0.25,106.66553480475382,1767,A,5,424.44821731748726,3
13,0.27,102.76611614278103,1877,A,5,266.3825253063399,2
14,0.29000000000000004,99.30622489959839,1992,A,5,125.50200803212853,1
15,0.31,103.96803652968036,1971,A,5,380.517503805175,3
16,0.33,107.2482191780822,1825,A,5,684.931506849315,5
17,0.35,108.47995606809445,1821,A,5,549.1488193300385,4
18,0.37,108.75908618899273,1926,A,5,129.80269989615783,1
19,0.39,113.9820806371329,2009,A,5,622.2000995520159,5
20,0.41000000000000003,113.5111111111111,2115,A,5,354.60992907801426,3
21,0.43,110.37207207207207,2220,A,5,337.83783783783787,3
22,0.45,111.09818339100346,2312,A,5,324.3944636678201,3
23,0.47,111.91683905668184,2417,A,5,103.4340091021928,1
24,0.49,114.0230648944488,2558,A,5,293.19781078967947,3
25,0.51,117.14082397003746,2670,A,5,468.1647940074906,5
26,0.53,118.18452167681835,2791,A,5,358.29451809387314,4
27,0.55,114.86030428769018,2892,A,5,86.44536652835409,1
28,0.5700000000000001,114.51570855614973,2992,A,5,584.8930481283422,7
29,0.59,111.99374588545095,3038,A,5,164.58196181698486,2
30,0.61,109.02796528447445,3111,A,5,160.72002571520412,2
31,0.63,115.60640301318267,3186,A,5,156.9365976145637,2
32,0.65,122.04233128834356,3260,A,5,383.4355828220859,5
33,0.67,117.92612612612612,3330,A,5,225.22522522522522,3
34,0.69,117.41671606401897,3374,A,5,222.28808535862478,3
35,0.71,115.93854587420658,3466,A,5,216.38776687824583,3
36,0.73,110.83385137044363,3539,A,5,70.64142413111048,1
37,0.75,112.66981132075472,3604,A,5,277.4694783573807,4
38,0.77,115.83071652868969,3503,A,5,285.46959748786753,4
39,0.79,114.43507440910417,3427,A,5,218.85030639042895,3
40,0.81,112.41482602118003,3305,A,5,453.85779122541607,6
41,0.83,109.43125202199936,3091,A,5,80.87997411840828,1
42,0.85,109.59443879281112,2949,A,5,339.097999321804,4
43,0.87,107.06058495821728,2872,A,5,87.04735376044569,1
44,0.89,106.3116485013624,2936,A,5,170.29972752043597,2
45,0.91,108.4613613942782,3041,A,5,411.04899704044726,5
46,0.9299999999999999,110.88300349243306,3436,A,5,291.03608847497094,4
47,0.95,110.28579356270811,3604,A,5,138.73473917869035,2
48,0.97,108.33060388945752,3908,A,5,191.91402251791197,3
49,0.99,107.32901807523204,4094,A,5,183.19491939423548,3
0,0.01,72.73405909797823,643,A,6,0.0,0
1,0.03,77.22337662337662,1925,A,6,0.0,0
2,0.05,90.17182130584193,3201,A,6,234.3017806935333,3
3,0.07,94.17880204854153,4491,A,6,111.333778668448,2
4,0.09,92.38310787374263,5766,A,6,216.78806798473815,5
5,0.11,92.42292939337975,7039,A,6,213.0984514845859,6
6,0.13,94.58689390302449,8332,A,6,390.06240998559775,13
7,0.15000000000000002,95.08192971511748,9618,A,6,337.9080889997921,13
8,0.16999999999999998,98.48532110091743,10900,A,6,137.61467889908258,6
9,0.19,97.86916502301118,12168,A,6,287.6397107166338,14
10,0.21000000000000002,98.2001485884101,13460,A,6,260.0297176820208,14
11,0.22999999999999998,101.68891448705787,14758,A,6,254.09947147309936,15
12,0.25,101.07345867949279,16009,A,6,218.62702229995628,14
13,0.27,100.42416363321199,17307,A,6,260.01040041601664,18
14,0.29000000000000004,100.65654393980113,18605,A,6,309.0567051867777,23
15,0.31,100.28023361192227,19862,A,6,226.56328667807878,18
16,0.33,100.36174940898346,21150,A,6,295.5082742316785,25
17,0.35,103.98925881356688,22437,A,6,267.4154298703035,24
18,0.37,105.66277403035413,23720,A,6,263.4907251264756,25
19,0.39,103.57377836474967,24987,A,6,220.11445951894987,22
20,0.41000000000000003,104.52845280719129,26254,A,6,247.58132094157082,26
21,0.43,103.974728980095,27581,A,6,190.3484282658352,21
22,0.45,104.21605409153953,28840,A,6,216.71289875173372,25
23,0.47,106.00723771580346,30120,A,6,232.40371845949537,28
24,0.49,104.0904026738819,31415,A,6,278.52936495304795,35
25,0.51,103.5022491508308,32679,A,6,306.0069157562961,40
26,0.53,104.1048401342519,33966,A,6,235.5296472943532,32
27,0.55,106.46296401407652,35236,A,6,276.70564195708937,39
28,0.5700000000000001,110.73680035016687,36554,A,6,218.8542977512721,32
29,0.59,109.53544993126785,37828,A,6,224.70127947552078,34
30,0.61,109.98392546329477,39068,A,6,326.35404934985155,51
31,0.63,108.59163016309056,40407,A,6,259.8559655505234,42
32,0.65,109.07494718647973,41656,A,6,300.0768196658345,50
33,0.67,109.53721682847896,42951,A,6,250.28520872622292,43
34,0.69,108.87081578112968,44154,A,6,305.7480635955972,54
35,0.71,107.03004157539452,44738,A,6,273.81644239796145,49
36,0.73,106.63928430642548,45662,A,6,312.07568656651046,57
37,0.75,106.55398226297073,46682,A,6,251.70301186752923,47
38,0.77,104.64702318780029,47870,A,6,250.67892208063506,48
39,0.79,104.93723133340124,49085,A,6,275.0331058368137,54
40,0.81,103.15848666693161,50326,A,6,238.4453364066288,48
41,0.83,104.39061534898086,51808,A,6,371.56423718344655,77
42,0.85,105.94616248596031,53420,A,6,327.5926619243729,70
43,0.87,105.19484677829469,53093,A,6,296.6492757990696,63
44,0.89,104.522146356821,50821,A,6,304.9920308533874,62
45,0.91,105.24678102587761,47686,A,6,330.2856184205008,63
46,0.9299999999999999,104.9587239495515,44481,A,6,393.4264067804231,70
47,0.95,105.84636899163408,40402,A,6,290.827186772932,47
48,0.97,106.98522492777549,36345,A,6,357.68331269775763,52
49,0.99,107.5676264214856,33064,A,6,310.00483909992744,41
0,0.01,100.86736214605067,671,A,7,0.0,0
1,0.03,106.16798810703666,2018,A,7,123.88503468780972,1
2,0.05,108.40291406482308,3363,A,7,223.01516503122215,3
3,0.07,106.66055045871559,4687,A,7,320.0341369746106,6
4,0.09,103.78018166804294,6055,A,7,206.4409578860446,5
5,0.11,102.86393176279448,7386,A,7,135.3912808015164,4
6,0.13,105.27774589693561,8713,A,7,229.54206358315162,8
7,0.15000000000000002,104.42653324086,10093,A,7,173.38749628455366,7
8,0.16999999999999998,106.37140350877193,11400,A,7,197.3684210526316,9
9,0.19,105.88678210452088,12763,A,7,235.05445428190865,12
10,0.21000000000000002,104.94112235510579,14131,A,7,176.9160002830656,10
11,0.22999999999999998,105.08796987599818,15403,A,7,243.45906641563332,15
12,0.25,103.50151686395812,16811,A,7,223.068229135685,15
13,0.27,103.43227157500276,18146,A,7,151.54855064477022,11
14,0.29000000000000004,104.0936294925189,19449,A,7,128.54131317805545,10
15,0.31,108.79362794491627,20841,A,7,299.8896406122547,25
16,0.33,108.19872749424665,22161,A,7,248.1837462208384,22
17,0.35,108.09360108917632,23504,A,7,255.27569775357387,24
18,0.37,106.71565430906091,24843,A,7,150.94795314575535,15
19,0.39,106.65799824340321,26187,A,7,124.10738152518427,13
20,0.41000000000000003,106.26034708103398,27544,A,7,163.37496369445253,18
21,0.43,107.80680361658641,28867,A,7,147.22693733328714,17
22,0.45,108.50430007938608,30232,A,7,157.11828526065096,19
23,0.47,108.48090563647878,31580,A,7,174.16086130462318,22
24,0.49,105.20883167473143,32859,A,7,144.55704677561704,19
25,0.51,104.70991831971995,34280,A,7,131.27187864644108,18
26,0.53,105.25045626842622,35615,A,7,147.40979924189244,21
27,0.55,104.39828577628296,36868,A,7,189.86655093848324,28
28,0.5700000000000001,105.64693142678217,38324,A,7,202.22314998434402,31
29,0.59,105.35457664749218,39636,A,7,163.9923302048643,26
30,0.61,104.82879405945431,40939,A,7,177.09274774664746,29
31,0.63,103.61107305666438,42337,A,7,135.8150081489005,23
32,0.65,105.14526701810681,43630,A,7,114.60004584001835,20
33,0.67,105.29951787420293,45009,A,7,188.85111866515587,34
34,0.69,105.17507930684737,46339,A,7,210.4059215779365,39
35,0.71,105.56862621685129,47664,A,7,209.80194696206783,40
36,0.73,104.38956191874694,49032,A,7,173.35617555881873,34
37,0.75,103.49019880439316,50351,A,7,168.81491926674744,34
38,0.77,103.25342637876709,51731,A,7,256.132686396938,53
39,0.79,103.56005878695382,53073,A,7,197.8407099655192,42
40,0.81,104.35375398768454,53916,A,7,268.9368647525781,58
41,0.83,105.42153432527991,54304,A,7,276.22274602239247,60
42,0.85,106.57084019769357,53416,A,7,266.7740002995357,57
43,0.87,107.13497715801863,50127,A,7,244.37927663734115,49
44,0.89,108.44404916649563,43851,A,7,285.0562130852204,50
45,0.91,109.64230982507435,39674,A,7,270.95831022836114,43
46,0.9299999999999999,109.90296250702491,37367,A,7,361.2813445018332,54
47,0.95,110.9897708216881,35780,A,7,279.4857462269424,40
48,0.97,110.04463570262651,33695,A,7,326.4579314438344,44
49,0.99,110.11919405471203,31218,A,7,368.37721827151006,46
0,0.01,,0,A,8,0.0,0
1,0.03,,0,A,8,0.0,0
2,0.05,,0,A,8,0.0,0
3,0.07,,0,A,8,0.0,0
4,0.09,,0,A,8,0.0,0
5,0.11,,0,A,8,0.0,0
6,0.13,,0,A,8,0.0,0
7,0.15000000000000002,,0,A,8,0.0,0
8,0.16999999999999998,,0,A,8,0.0,0
9,0.19,,0,A,8,0.0,0
10,0.21000000000000002,,0,A,8,0.0,0
11,0.22999999999999998,,0,A,8,0.0,0
12,0.25,,0,A,8,0.0,0
13,0.27,,0,A,8,0.0,0
14,0.29000000000000004,,0,A,8,0.0,0
15,0.31,,0,A,8,0.0,0
16,0.33,,0,A,8,0.0,0
17,0.35,,0,A,8,0.0,0
18,0.37,,0,A,8,0.0,0
19,0.39,,0,A,8,0.0,0
20,0.41000000000000003,,0,A,8,0.0,0
21,0.43,,0,A,8,0.0,0
22,0.45,,0,A,8,0.0,0
23,0.47,,0,A,8,0.0,0
24,0.49,,0,A,8,0.0,0
25,0.51,,0,A,8,0.0,0
26,0.53,,0,A,8,0.0,0
27,0.55,,0,A,8,0.0,0
28,0.5700000000000001,,0,A,8,0.0,0
29,0.59,,0,A,8,0.0,0
30,0.61,,0,A,8,0.0,0
31,0.63,,0,A,8,0.0,0
32,0.65,,0,A,8,0.0,0
33,0.67,86.81818181818181,44,A,8,0.0,0
34,0.69,87.06091370558376,197,A,8,0.0,0
35,0.71,88.27146814404432,361,A,8,692.5207756232687,1
36,0.73,91.26175869120654,489,A,8,1022.4948875255625,2
37,0.75,88.6027633851468,579,A,8,0.0,0
38,0.77,87.4992125984252,635,A,8,393.70078740157487,1
39,0.79,89.26286509040334,719,A,8,695.4102920723227,2
40,0.81,83.01963048498845,866,A,8,0.0,0
41,0.83,84.79692645444567,911,A,8,274.42371020856206,1
42,0.85,89.40615058324497,943,A,8,530.2226935312832,2
43,0.87,82.9990089197225,1009,A,8,0.0,0
44,0.89,94.26126126126127,1110,A,8,0.0,0
45,0.91,96.2697419859265,1279,A,8,586.3956215793589,3
46,0.9299999999999999,92.93460826650215,1621,A,8,154.22578655151142,1
47,0.95,99.1656082071324,2047,A,8,122.12994626282365,1
48,0.97,99.74335213537469,2482,A,8,201.45044319097502,2
49,0.99,97.92301886792453,2650,A,8,94.33962264150944,1
0,0.01,91.07851239669421,242,A,9,0.0,0
1,0.03,89.5635838150289,692,A,9,722.543352601156,2
2,0.05,85.6941074523397,1154,A,9,0.0,0
3,0.07,102.63746803069054,1564,A,9,319.69309462915606,2
4,0.09,99.23799582463465,1916,A,9,391.4405010438413,3
5,0.11,94.48715637674628,2219,A,9,225.32672374943667,2
6,0.13,90.26411815812337,2302,A,9,108.60121633362294,1
7,0.15000000000000002,92.65527950310559,2576,A,9,97.0496894409938,1
8,0.16999999999999998,96.61677463348107,2933,A,9,170.47391749062393,2
9,0.19,102.60493431592438,3121,A,9,240.30759371996157,3
10,0.21000000000000002,109.96646630813034,3161,A,9,316.35558367605194,4
11,0.22999999999999998,107.9490573606097,2493,A,9,300.84235860409143,3
12,0.25,103.05354245538129,1849,A,9,135.2082206598161,1
13,0.27,102.71839799749687,1598,A,9,0.0,0
14,0.29000000000000004,101.2507608034084,1643,A,9,0.0,0
15,0.31,103.71857619577308,1798,A,9,0.0,0
16,0.33,106.20374220374221,1924,A,9,259.87525987525987,2
17,0.35,106.61461461461461,1998,A,9,125.12512512512514,1
18,0.37,105.68705625341343,1831,A,9,136.53741125068268,1
19,0.39,107.40133607399794,1946,A,9,385.40596094552933,3
20,0.41000000000000003,108.74007220216606,2770,A,9,541.5162454873646,6
21,0.43,105.74075059888209,3757,A,9,266.1698163428267,4
22,0.45,106.70189023001595,4391,A,9,512.4117513094967,9
23,0.47,106.11030025020851,4796,A,9,260.63386155129274,5
24,0.49,106.66246709289206,5318,A,9,188.04061677322304,4
25,0.51,103.2854080538968,6531,A,9,344.51079467156643,9
26,0.53,106.11504424778761,8814,A,9,397.09552983889273,14
27,0.55,106.60581473968898,10353,A,9,434.6566212691974,18
28,0.5700000000000001,106.97582759750901,12204,A,9,389.21665027859717,19
29,0.59,103.67124917382684,15130,A,9,396.56311962987445,24
30,0.61,105.3412680756396,17980,A,9,570.0778642936597,41
31,0.63,105.05092592592592,20736,A,9,373.74614197530866,31
32,0.65,105.4631227135179,22141,A,9,440.3595140237569,39
33,0.67,106.6763700170971,22226,A,9,483.66777647799876,43
34,0.69,105.3004597493915,22186,A,9,439.4663301180925,39
35,0.71,107.36248082401929,22815,A,9,383.5196142888451,35
36,0.73,107.29121955373871,23484,A,9,330.0119230114121,31
37,0.75,110.04333057166528,24140,A,9,403.893951946976,39
38,0.77,106.01649017864361,24742,A,9,232.39835098213564,23
39,0.79,105.63663508241102,25118,A,9,378.21482602118004,38
40,0.81,106.86712743651472,25754,A,9,436.825347518832,45
41,0.83,103.44606042431967,26678,A,9,337.3566234350401,36
42,0.85,107.29033913840513,27275,A,9,412.4656278643447,45
43,0.87,110.65990925058549,27328,A,9,402.5175644028103,44
44,0.89,109.57463009743775,27710,A,9,342.8365211115121,38
45,0.91,112.28179453372769,28063,A,9,356.34108969105233,40
46,0.9299999999999999,113.61539814912558,28419,A,9,325.48647031915266,37
47,0.95,115.3190548048563,29158,A,9,385.82893202551617,45
48,0.97,115.40715268225584,29080,A,9,386.86382393397525,45
49,0.99,114.51756290259439,28099,A,9,266.91341328872915,30
0,0.01,,0,A,10,0.0,0
1,0.03,,0,A,10,0.0,0
2,0.05,,0,A,10,0.0,0
3,0.07,,0,A,10,0.0,0
4,0.09,115.92929292929293,594,A,10,0.0,0
5,0.11,114.7515923566879,1413,A,10,353.8570417551309,2
6,0.13,112.74106749007498,2267,A,10,0.0,0
7,0.15000000000000002,119.99205823957644,3022,A,10,496.36002647253474,6
8,0.16999999999999998,109.89281507656067,4245,A,10,117.78563015312133,2
9,0.19,104.62840261658577,4739,A,10,158.26123654779488,3
10,0.21000000000000002,103.7138878574081,5386,A,10,232.08317861121427,5
11,0.22999999999999998,109.01861042183623,6448,A,10,232.6302729528536,6
12,0.25,117.11922569291686,6819,A,10,146.64906877841327,4
13,0.27,114.30271576851983,7033,A,10,355.46708374804496,10
14,0.29000000000000004,113.04230550823395,7044,A,10,212.94718909710392,6
15,0.31,116.46589830508475,7375,A,10,305.08474576271186,9
16,0.33,112.75794621026895,8180,A,10,213.93643031784842,7
17,0.35,114.3,8750,A,10,342.8571428571429,12
18,0.37,114.21966123499142,9328,A,10,348.41337907375646,13
19,0.39,112.82002326032176,10318,A,10,460.3605349874007,19
20,0.41000000000000003,109.09571900974171,11189,A,10,357.493967289302,16
21,0.43,111.240756302521,11900,A,10,399.15966386554624,19
22,0.45,115.12298718370029,12172,A,10,390.23989484061786,19
23,0.47,118.21884350990699,12365,A,10,404.36716538617065,20
24,0.49,119.96190402596399,12941,A,10,579.5533575457847,30
25,0.51,119.3319207010487,13922,A,10,377.1009912368913,21
26,0.53,119.58558139534884,15050,A,10,498.3388704318937,30
27,0.55,118.84745762711864,16048,A,10,405.03489531405785,26
28,0.5700000000000001,119.85835778882434,16697,A,10,404.26423908486555,27
29,0.59,121.37550996619653,17158,A,10,509.9661965264017,35
30,0.61,120.26675360018143,17638,A,10,396.8703934686472,28
31,0.63,120.45439021703206,18154,A,10,385.5899526275201,28
32,0.65,119.15625,18688,A,10,454.83732876712327,34
33,0.67,118.7045501874219,19208,A,10,455.5393586005831,35
34,0.69,117.19091878714002,19689,A,10,393.620803494337,31
35,0.71,116.95346432264736,20307,A,10,393.9528241493081,32
36,0.73,116.28780943484352,21410,A,10,408.6875291919664,35
37,0.75,115.96557413600893,22425,A,10,546.2653288740245,49
38,0.77,113.85231739449699,23151,A,10,388.7521057405728,36
39,0.79,115.19166075378772,23959,A,10,396.5107057890563,38
40,0.81,121.68062002987124,24773,A,10,322.9322245993622,32
41,0.83,124.46525407102217,25485,A,10,333.5295271728468,34
42,0.85,125.12614687853824,25613,A,10,409.94807324405576,42
43,0.87,121.75701161520094,24709,A,10,303.53312558177186,30
44,0.89,117.57139870374242,23915,A,10,376.33284549445955,36
45,0.91,115.47526306856754,23568,A,10,265.1900882552614,25
46,0.9299999999999999,113.50752173913044,23000,A,10,369.5652173913044,34
47,0.95,113.94396284829722,22610,A,10,320.65457762052193,29
48,0.97,114.09012054623905,22481,A,10,411.4585650104533,37
49,0.99,113.72082004959263,22584,A,10,442.79135671271695,40
0,0.01,117.84391080617496,583,A,11,428.81646655231566,1
1,0.03,115.04810996563575,1746,A,11,0.0,0
2,0.05,113.49505288297509,2931,A,11,341.180484476288,4
3,0.07,114.89478835331539,4087,A,11,183.5086860778077,3
4,0.09,121.52451539338655,5262,A,11,427.594070695553,9
5,0.11,124.93250388802488,6430,A,11,233.28149300155522,6
6,0.13,128.51866016088618,7583,A,11,263.7478570486615,8
7,0.15000000000000002,129.22266560255386,8771,A,11,427.54531980389925,15
8,0.16999999999999998,129.49481630598893,9935,A,11,352.2898842476095,14
9,0.19,128.17433261183263,11088,A,11,496.0317460317461,22
10,0.21000000000000002,129.47888355439824,12289,A,11,447.5547237366751,22
11,0.22999999999999998,128.23975257117306,13418,A,11,335.3703979728723,18
12,0.25,130.20038364047406,14597,A,11,445.29697883126676,26
13,0.27,130.1324721377913,15792,A,11,411.60081053698076,26
14,0.29000000000000004,131.72156677678151,16952,A,11,442.4256724870222,30
15,0.31,132.6716772589113,18095,A,11,525.0069079856314,38
16,0.33,131.38172210133663,19302,A,11,453.3208993886644,35
17,0.35,130.99921653119185,20422,A,11,538.634805601802,44
18,0.37,130.95571785153,21634,A,11,462.23537025053156,40
19,0.39,132.53992712586154,22779,A,11,493.8759383642829,45
20,0.41000000000000003,131.7771698270821,23942,A,11,449.0017542394119,43
21,0.43,130.7973042821359,25151,A,11,437.3583555325832,44
22,0.45,132.556743389766,26285,A,11,437.51188891002477,46
23,0.47,132.64793147439403,27435,A,11,437.3974849644615,48
24,0.49,133.29311367840563,28651,A,11,462.4620432096611,53
25,0.51,131.84610476830088,29780,A,11,411.3498992612492,49
26,0.53,132.54747142026739,30966,A,11,532.842472389072,66
27,0.55,131.26533088578452,32141,A,11,381.1331321365235,49
28,0.5700000000000001,131.76271542664986,33306,A,11,465.3816129225966,62
29,0.59,131.65492426440719,34462,A,11,464.27949625674654,64
30,0.61,131.5784277981883,35657,A,11,378.60728608688333,54
31,0.63,131.516484113826,36793,A,11,434.8653276438453,64
32,0.65,130.35736281089618,37995,A,11,361.88972233188576,55
33,0.67,129.36273908151784,39108,A,11,409.12345300194335,64
34,0.69,129.00449120369223,40301,A,11,378.4025210292549,61
35,0.71,128.7998795761079,41520,A,11,385.35645472061657,64
36,0.73,125.55149525038114,42635,A,11,392.8697079863962,67
37,0.75,124.67307341124909,43808,A,11,336.6964937910884,59
38,0.77,122.62255141473815,45026,A,11,372.0072846799627,67
39,0.79,121.00621979498516,46143,A,11,297.9866935396485,55
40,0.81,119.96464795875244,47324,A,11,258.8538585073113,49
41,0.83,121.60531634083972,48492,A,11,288.70741565619073,56
42,0.85,125.20705981907199,49633,A,11,277.0334253420104,55
43,0.87,129.01688224091413,50408,A,11,233.09792096492623,47
44,0.89,129.11479430045242,47302,A,11,243.1186841993996,46
45,0.91,131.20069267643754,43599,A,11,252.29936466432716,44
46,0.9299999999999999,131.3702002572111,38101,A,11,275.58331802314905,42
47,0.95,131.39306795382512,34391,A,11,305.3124363932424,42
48,0.97,128.73016519114006,29481,A,11,262.8811777076761,31
49,0.99,126.16236521468333,25689,A,11,321.1491299778115,33
0,0.01,118.29246935201401,571,A,12,0.0,0
1,0.03,121.47859237536657,1705,A,12,293.2551319648094,2
2,0.05,121.35829817158931,2844,A,12,439.521800281294,5
3,0.07,120.41545042778057,3974,A,12,314.54453950679414,5
4,0.09,119.47998437805116,5121,A,12,244.0929505955868,5
5,0.11,121.77772451262385,6258,A,12,399.4886545222116,10
6,0.13,122.9859174001354,7385,A,12,270.8192281651997,8
7,0.15000000000000002,121.0397094998243,8537,A,12,614.9701300222561,21
8,0.16999999999999998,120.2537761224912,9666,A,12,284.5023794744465,11
9,0.19,120.04839455908207,10807,A,12,555.1957064865366,24
10,0.21000000000000002,117.16108506363028,11944,A,12,230.24112525117215,11
11,0.22999999999999998,120.64566929133858,13081,A,12,458.6805290115435,24
12,0.25,122.30728653819102,14218,A,12,492.33366155577437,28
13,0.27,119.91799114121939,15352,A,12,374.5440333507035,23
14,0.29000000000000004,119.46214511041009,16484,A,12,439.82043193399664,29
15,0.31,118.65366074973062,17633,A,12,439.5168150626666,31
16,0.33,119.2607513988809,18765,A,12,413.0029309885425,31
17,0.35,119.48183143187416,19897,A,12,402.07066391918386,32
18,0.37,121.24747018860754,21049,A,12,463.20490284574095,39
19,0.39,122.32470927612007,22186,A,12,552.150004507347,49
20,0.41000000000000003,122.17891757440604,23318,A,12,450.2959087400292,42
21,0.43,122.77367904465892,24452,A,12,490.7574022574841,48
22,0.45,124.98909985935302,25596,A,12,615.3305203938116,63
23,0.47,125.20989409871646,26723,A,12,458.40661602365003,49
24,0.49,125.56544051677731,27865,A,12,529.3378790597525,59
25,0.51,125.12024683697038,29007,A,12,413.6932464577516,48
26,0.53,126.17009060436095,30131,A,12,547.6087750157645,66
27,0.55,125.31985176666028,31302,A,12,511.14944731966017,64
28,0.5700000000000001,124.45000308813539,32382,A,12,455.49996911864616,59
29,0.59,123.98847184986595,33570,A,12,394.6976467083706,53
30,0.61,123.46544469421869,34698,A,12,489.94178338809155,68
31,0.63,123.36447397811034,35816,A,12,523.5090462363189,75
32,0.65,123.08672489791503,36979,A,12,452.95978798777685,67
33,0.67,122.39101672223244,38093,A,12,511.9050744231224,78
34,0.69,121.54475501312203,39247,A,12,452.2638673019594,71
35,0.71,119.90270551508846,40362,A,12,414.99430157078444,67
36,0.73,118.61226308311056,41523,A,12,403.3908917949089,67
37,0.75,120.05681924772536,42644,A,12,416.2367507738486,71
38,0.77,121.90652818991099,43810,A,12,325.2682036064826,57
39,0.79,126.70007142219444,44804,A,12,329.2116775287921,59
40,0.81,127.4176192757889,43827,A,12,393.5929906222192,69
41,0.83,125.37410911921384,41111,A,12,377.02804602174604,62
42,0.85,123.42826243691421,37449,A,12,373.8417581243825,56
43,0.87,122.78250334224599,35904,A,12,313.33556149732624,45
44,0.89,124.11389548345497,34119,A,12,417.6558515782995,57
45,0.91,123.28106627266291,32487,A,12,330.90159140579306,43
46,0.9299999999999999,124.67595874445189,31317,A,12,447.0415429319539,56
47,0.95,123.19089299435406,29933,A,12,292.31951358032944,35
48,0.97,124.53725961538461,28288,A,12,441.88348416289597,50
49,0.99,123.98677844665214,27077,A,12,313.91956272851496,34
0,0.01,112.797513321492,563,A,13,0.0,0
1,0.03,116.16,1700,A,13,294.11764705882354,2
2,0.05,114.29985805535841,2818,A,13,443.5770049680625,5
3,0.07,111.71623327442565,3961,A,13,378.6922494319616,6
4,0.09,113.230179028133,5083,A,13,295.10131811922093,6
5,0.11,115.96011579285944,6218,A,13,562.8819556127372,14
6,0.13,115.9951047049225,7354,A,13,407.9412564590699,12
7,0.15000000000000002,118.59981089705708,8461,A,13,590.946696607966,20
8,0.16999999999999998,118.34050514499532,9621,A,13,519.6964972456086,20
9,0.19,119.76392770635364,10734,A,13,605.5524501583753,26
10,0.21000000000000002,120.40043818993848,11867,A,13,442.40330327799785,21
11,0.22999999999999998,122.09022498656223,13023,A,13,518.3137525915688,27
12,0.25,123.8972432853802,14111,A,13,566.9335979023457,32
13,0.27,122.5992798690671,15275,A,13,409.1653027823241,25
14,0.29000000000000004,124.20586080586081,16380,A,13,549.4505494505495,36
15,0.31,124.44478037649743,17530,A,13,570.4506560182544,40
16,0.33,123.7594726405488,18659,A,13,509.1376815477786,38
17,0.35,124.95557579437362,19764,A,13,543.9182351750658,43
18,0.37,124.54684366345144,20942,A,13,465.57157864578363,39
19,0.39,124.74607139613043,22018,A,13,488.23689708420386,43
20,0.41000000000000003,125.30715148378192,23184,A,13,474.4651483781919,44
21,0.43,125.28174113387641,24306,A,13,524.5618365835596,51
22,0.45,125.8399402233758,25428,A,13,540.7424885952494,55
23,0.47,124.97106738402498,26579,A,13,545.5434741713383,58
24,0.49,124.4177265500795,27676,A,13,496.82034976152624,55
25,0.51,124.49344932760295,28852,A,13,528.5595452654928,61
26,0.53,124.18396525805913,29935,A,13,551.1942542174712,66
27,0.55,123.88320041162851,31096,A,13,450.2186776434268,56
28,0.5700000000000001,124.68548737358068,32234,A,13,473.1029347893529,61
29,0.59,124.06733279323072,33327,A,13,450.0855162480872,60
30,0.61,123.60856083000058,34506,A,13,412.97165710311253,57
31,0.63,123.53879661636175,35583,A,13,456.67875108900324,65
32,0.65,122.62321836579262,36764,A,13,442.00848656294204,65
33,0.67,122.14395099540582,37874,A,13,475.2600728732112,72
34,0.69,121.49647191645498,38973,A,13,442.61411746593797,69
35,0.71,120.04455950810286,40171,A,13,398.29727913171195,64
36,0.73,119.42464956104186,41234,A,13,442.59591599165736,73
37,0.75,118.70842964290769,42398,A,13,424.54832775130905,72
38,0.77,122.28780151619573,43530,A,13,356.07626923960487,62
39,0.79,125.32531308107623,44637,A,13,392.05143714855393,70
40,0.81,127.10795884737006,44906,A,13,378.56856544782437,68
41,0.83,125.76090153128486,39444,A,13,323.243078795254,51
42,0.85,124.91239655833836,36494,A,13,376.77426426261854,55
43,0.87,125.0408844633182,34145,A,13,410.0161077756626,56
44,0.89,122.76890232500156,32086,A,13,412.95268964657487,53
45,0.91,123.31946771808772,30435,A,13,394.2828979793001,48
46,0.9299999999999999,122.67204430532145,29071,A,13,343.9854150184032,40
47,0.95,123.3086937653696,27652,A,13,370.67843193982355,41
48,0.97,122.71930632289748,26064,A,13,306.9367710251688,32
49,0.99,123.3191881163809,24437,A,13,419.4459221672055,41
0,0.01,119.65930018416206,543,A,14,460.40515653775327,1
1,0.03,120.61453879047038,1637,A,14,305.43677458766035,2
2,0.05,120.00624770305035,2721,A,14,275.6339581036384,3
3,0.07,119.72534102833158,3812,A,14,327.9118572927597,5
4,0.09,121.45515832482124,4895,A,14,357.5076608784474,7
5,0.11,124.36828046744574,5990,A,14,375.62604340567617,9
6,0.13,124.09509679242618,7077,A,14,423.908435777872,12
7,0.15000000000000002,123.74678741892058,8171,A,14,428.3441439236324,14
8,0.16999999999999998,124.11791383219955,9261,A,14,377.92894935752076,14
9,0.19,124.94839771517088,10329,A,14,484.07396650208153,20
10,0.21000000000000002,125.93957677509619,11436,A,14,633.9629240993354,29
11,0.22999999999999998,123.71348673697668,12516,A,14,399.4886545222116,20
12,0.25,123.8388990825688,13625,A,14,458.7155963302752,25
13,0.27,124.45349391032184,14697,A,14,527.318500374226,31
14,0.29000000000000004,125.56856039014504,15789,A,14,538.3494838178478,34
15,0.31,125.88286526839673,16878,A,14,488.8019907571987,33
16,0.33,125.05128633478115,17958,A,14,445.4839068938635,32
17,0.35,125.98352830089702,19063,A,14,445.8899438703247,34
18,0.37,126.11909018673023,20136,A,14,533.8696861342869,43
19,0.39,125.97057023120027,21237,A,14,482.6482083156755,41
20,0.41000000000000003,126.68881823474095,22331,A,14,459.00317943665755,41
21,0.43,126.926263144396,23394,A,14,470.20603573565876,44
22,0.45,127.99632653061225,24500,A,14,500.00000000000006,49
23,0.47,127.04633793454033,25573,A,14,400.81335783834515,41
24,0.49,126.86232209737828,26700,A,14,524.3445692883896,56
25,0.51,125.45680213287217,27756,A,14,423.33189220348754,47
26,0.53,126.51968967547536,28873,A,14,458.90624458836976,53
27,0.55,125.81157046890144,29921,A,14,367.63477156512147,44
28,0.5700000000000001,126.8510062791821,31055,A,14,499.1144743197553,62
29,0.59,126.39928348909658,32100,A,14,467.2897196261683,60
30,0.61,125.56144048658577,33211,A,14,383.9089458312005,51
31,0.63,126.53754445286539,34306,A,14,495.5401387512389,68
32,0.65,125.21935228621489,35386,A,14,438.0263380998135,62
33,0.67,125.36270963498849,36492,A,14,506.9604296832183,74
34,0.69,123.64022700628797,37532,A,14,353.03207929233724,53
35,0.71,122.92360033116009,38652,A,14,439.8220014488254,68
36,0.73,121.49586361236139,39769,A,14,446.3275415524655,71
37,0.75,119.1628664495114,40831,A,14,361.24513237491124,59
38,0.77,118.78536852898395,41937,A,14,482.8671578796767,81
39,0.79,116.94692633440364,42978,A,14,482.8051561263903,83
40,0.81,115.37984039176567,44108,A,14,481.7720141470935,85
41,0.83,112.75349135736892,45183,A,14,414.9790850541133,75
42,0.85,111.53366766823027,46261,A,14,389.09664728388924,72
43,0.87,112.70108925103436,47372,A,14,337.7522587182302,64
44,0.89,116.44201014977101,48474,A,14,283.65721830259525,55
45,0.91,118.82729146459748,49488,A,14,237.43129647591337,47
46,0.9299999999999999,120.95558195278196,47143,A,14,180.30248393186687,34
47,0.95,127.16880023100245,41558,A,14,162.423600750758,27
48,0.97,138.19727352433748,35357,A,14,169.69765534406199,24
49,0.99,146.1990898748578,30765,A,14,97.51340809361288,12
0,0.01,115.15904936014626,547,A,15,457.03839122486295,1
1,0.03,111.97928092626448,1641,A,15,457.03839122486295,3
2,0.05,109.30907754502022,2721,A,15,275.6339581036384,3
3,0.07,111.60560796645703,3816,A,15,262.0545073375262,4
4,0.09,113.08155379296319,4917,A,15,406.75208460443366,8
5,0.11,113.36513486513486,6006,A,15,333.000333000333,8
6,0.13,117.4904090267983,7090,A,15,352.60930888575456,10
7,0.15000000000000002,115.23289008173722,8197,A,15,213.49274124679764,7
8,0.16999999999999998,117.38365187344779,9261,A,15,350.93402440341214,13
9,0.19,118.22136446974814,10363,A,15,337.7400366689183,14
10,0.21000000000000002,117.92878338278932,11458,A,15,152.73171583173328,7
11,0.22999999999999998,119.55731697602167,12553,A,15,438.14227674659446,22
12,0.25,120.63912693180986,13653,A,15,292.9759027320003,16
13,0.27,121.62915166745908,14723,A,15,322.6244651225973,19
14,0.29000000000000004,122.24451331351591,15811,A,15,442.72974511416106,28
15,0.31,121.13142654532561,16922,A,15,310.2470157191821,21
16,0.33,120.30443234836703,18004,A,15,361.03088202621643,26
17,0.35,120.56001885409029,19094,A,15,353.51419294019064,27
18,0.37,121.19324986390855,20207,A,15,408.2743603701688,33
19,0.39,120.97663485496686,21271,A,15,282.07418551078933,24
20,0.41000000000000003,121.88166607015032,22352,A,15,413.8332140300644,37
21,0.43,121.2045996592845,23480,A,15,340.7155025553663,32
22,0.45,121.15143613770626,24545,A,15,397.2295783255246,39
23,0.47,121.02618759985971,25661,A,15,340.984373173298,35
24,0.49,121.03640377132595,26728,A,15,420.9069140975756,45
25,0.51,120.76175244393329,27824,A,15,368.3870040253019,41
26,0.53,120.81910660530778,28901,A,15,441.1612054946196,51
27,0.55,120.57557597549606,30036,A,15,416.16726594752964,50
28,0.5700000000000001,120.79507141937974,31084,A,15,337.7943636597607,42
29,0.59,121.11363918549789,32216,A,15,388.00595977154205,50
30,0.61,120.85623685001502,33270,A,15,390.74241058010216,52
31,0.63,120.60916998807204,34373,A,15,407.29642451924474,56
32,0.65,118.04195804195804,35464,A,15,359.5195127453192,51
33,0.67,116.79728177641654,36568,A,15,403.3581273244367,59
34,0.69,116.97609244255545,37645,A,15,351.9723734891752,53
35,0.71,117.20351972750497,38753,A,15,374.1645808066473,58
36,0.73,117.25980712240695,39818,A,15,414.3854538148576,66
37,0.75,114.83196871562997,40915,A,15,384.94439692044483,63
38,0.77,113.87764767480604,42018,A,15,255.8427340663525,43
39,0.79,114.1891935783222,43104,A,15,359.59539717891613,62
40,0.81,114.38382216593926,44221,A,15,322.24508717577623,57
41,0.83,120.03829843625762,45276,A,15,320.25797331919784,58
42,0.85,122.96093868609972,46107,A,15,292.79718914698424,54
43,0.87,124.34056235889717,43851,A,15,342.06745570226445,60
44,0.89,125.46831358833526,40601,A,15,307.87419029087954,50
45,0.91,123.41449243586932,36488,A,15,287.76584082438063,42
46,0.9299999999999999,121.8325379475969,32479,A,15,361.7722220511715,47
47,0.95,120.79192312953084,29244,A,15,290.6579127342361,34
48,0.97,119.76717206945924,27239,A,15,220.2724035390433,24
49,0.99,122.64193674345958,25610,A,15,263.5689183912534,27
0,0.01,150.5211970074813,401,A,16,0.0,0
1,0.03,148.03565505804312,1206,A,16,0.0,0
2,0.05,152.12816691505216,2013,A,16,0.0,0
3,0.07,147.46370106761566,2810,A,16,0.0,0
4,0.09,151.05788313120178,3628,A,16,206.7254685777288,3
5,0.11,152.34386994806954,4429,A,16,0.0,0
6,0.13,154.8230563002681,5222,A,16,191.49751053236307,4
7,0.15000000000000002,150.28493377483443,6040,A,16,124.17218543046359,3
8,0.16999999999999998,144.59397836889798,6842,A,16,0.0,0
9,0.19,144.54312262792828,7641,A,16,65.43646119617851,2
10,0.21000000000000002,146.21804422372,8457,A,16,29.561310157266174,1
11,0.22999999999999998,150.21607007678165,9247,A,16,81.1073861793014,3
12,0.25,149.64863790017895,10058,A,16,24.8558361503281,1
13,0.27,149.04235727440147,10860,A,16,69.06077348066299,3
14,0.29000000000000004,147.3011397720456,11669,A,16,64.27285971377154,3
15,0.31,146.99839550742078,12465,A,16,80.22462896109106,4
16,0.33,145.851182406989,13278,A,16,112.96882060551287,6
17,0.35,146.73463151161965,14071,A,16,71.06815436003127,4
18,0.37,148.75629236861533,14899,A,16,50.338948922746496,3
19,0.39,146.8639117403227,15681,A,16,79.71430393469804,5
20,0.41000000000000003,149.4231935014549,16496,A,16,30.310378273520854,2
21,0.43,149.3149164884702,17303,A,16,43.34508466739872,3
22,0.45,148.56651743768307,18093,A,16,41.452495440225505,3
23,0.47,149.98186720236836,18916,A,16,92.51427363078875,7
24,0.49,149.44112727457042,19729,A,16,63.35850778042476,5
25,0.51,150.87767047117353,20502,A,16,121.93932299287874,10
26,0.53,150.60181016694804,21324,A,16,23.447758394297505,2
27,0.55,152.572383274632,22146,A,16,67.7323218639935,6
28,0.5700000000000001,152.73200331776312,22907,A,16,141.87802855022483,13
29,0.59,154.18596816305904,23746,A,16,105.28088941295375,10
30,0.61,150.88785731737113,24558,A,16,91.6198387490838,9
31,0.63,150.31467951502705,25321,A,16,88.8590498005608,9
32,0.65,147.26017441860466,26144,A,16,105.18665850673196,11
33,0.67,146.53192909589853,26966,A,16,129.79307275828822,14
34,0.69,146.01812090208227,27758,A,16,153.1090136176958,17
35,0.71,141.81396407437236,28559,A,16,157.56854231590742,18
36,0.73,137.49436288701932,29359,A,16,204.36663374093123,24
37,0.75,129.81217702398303,30188,A,16,265.0059626341593,32
38,0.77,124.58963513077171,30970,A,16,185.6635453664837,23
39,0.79,121.99153635591354,31783,A,16,243.8410471006513,31
40,0.81,120.55414149467939,32609,A,16,329.66358980649517,43
41,0.83,112.09715519050332,33359,A,16,194.84996552654457,26
42,0.85,113.64059666569172,34190,A,16,255.9227844398947,35
43,0.87,113.13224508432978,35041,A,16,249.70748551696587,35
44,0.89,112.07851031706089,35766,A,16,202.70648101548957,29
45,0.91,121.13165043215804,36445,A,16,267.52640965838935,39
46,0.9299999999999999,122.15330491040815,33541,A,16,253.42118601115052,34
47,0.95,121.85651002251836,27089,A,16,184.5767654767618,20
48,0.97,119.30852385114311,21739,A,16,184.00110400662405,16
49,0.99,117.83055447848002,18053,A,16,152.32925275577466,11
0,0.01,131.93915343915344,378,A,17,0.0,0
1,0.03,137.7066189624329,1118,A,17,0.0,0
2,0.05,134.92049092849518,1874,A,17,133.40448239060834,1
3,0.07,136.61254328587918,2599,A,17,96.19084263178146,1
4,0.09,135.52441929720072,3358,A,17,0.0,0
5,0.11,139.8104543234001,4094,A,17,61.064973131411826,1
6,0.13,138.31959612610757,4853,A,17,103.02905419328252,2
7,0.15000000000000002,139.62108262108262,5616,A,17,133.54700854700857,3
8,0.16999999999999998,141.76476160404167,6334,A,17,197.34764761604043,5
9,0.19,142.32475386779186,7110,A,17,70.32348804500704,2
10,0.21000000000000002,141.06083407728607,7841,A,17,95.6510649151894,3
11,0.22999999999999998,140.11046308176833,8573,A,17,29.16132042458883,1
12,0.25,139.57314071696095,9345,A,17,0.0,0
13,0.27,141.12657975918,10049,A,17,49.75619464623346,2
14,0.29000000000000004,138.26380934786624,10826,A,17,92.37021984112323,4
15,0.31,139.70151318633808,11565,A,17,64.8508430609598,3
16,0.33,140.20985045513655,12304,A,17,81.27438231469442,4
17,0.35,140.3680592683113,13093,A,17,95.47086229282824,5
18,0.37,140.11372037399434,13797,A,17,72.47952453431905,4
19,0.39,139.87617479591137,14577,A,17,34.30061055086781,2
20,0.41000000000000003,142.32494936956948,15307,A,17,32.66479388515059,2
21,0.43,141.04197068911756,16035,A,17,77.95447458684129,5
22,0.45,143.0552943277186,16801,A,17,29.760133325397298,2
23,0.47,141.82238831517088,17527,A,17,57.05482969133337,4
24,0.49,142.7228942039297,18271,A,17,95.78019812818128,7
25,0.51,142.19246949936894,19016,A,17,39.44047118216239,3
26,0.53,143.6434879144169,19817,A,17,138.76974314982087,11
27,0.55,144.0066270344021,20522,A,17,134.00253386609492,11
28,0.5700000000000001,142.28241871828604,21284,A,17,129.20503664724677,11
29,0.59,142.92319215579462,22029,A,17,158.8814744200826,14
30,0.61,141.10940726745463,22759,A,17,65.90799244255021,6
31,0.63,141.3088785046729,23540,A,17,180.54375531011047,17
32,0.65,140.14517393636777,24233,A,17,134.1146370651591,13
33,0.67,139.4605963578147,24985,A,17,160.09605763458075,16
34,0.69,138.8054811536819,25761,A,17,242.6148053258802,25
35,0.71,137.70017389989414,26452,A,17,321.3367609254499,34
36,0.73,134.39252096839175,27303,A,17,210.59956781306084,23
37,0.75,128.3314273461511,27982,A,17,285.89807733542995,32
38,0.77,123.25601697273233,28752,A,17,208.68113522537564,24
39,0.79,121.16133952479409,29503,A,17,322.0011524251771,38
40,0.81,119.7728371353839,30203,A,17,339.37026123232795,41
41,0.83,115.55575980392157,31008,A,17,266.0603715170279,33
42,0.85,117.79227906389957,31706,A,17,417.90197438970546,53
43,0.87,118.10433550057006,32453,A,17,238.8068899639479,31
44,0.89,118.42681952298992,32536,A,17,199.77870666338828,26
45,0.91,120.40389371551778,31538,A,17,221.95446762635552,28
46,0.9299999999999999,118.20608351950507,29095,A,17,231.9986251933322,27
47,0.95,114.18221547350097,27001,A,17,194.4372430650717,21
48,0.97,113.30827320020137,23836,A,17,209.766739385803,20
49,0.99,121.05238690327418,20005,A,17,224.94376405898527,18
0,0.01,140.46703296703296,364,A,18,0.0,0
1,0.03,137.03234750462107,1082,A,18,0.0,0
2,0.05,136.9292817679558,1810,A,18,0.0,0
3,0.07,141.28892392589674,2537,A,18,0.0,0
4,0.09,139.2811442633036,3251,A,18,0.0,0
5,0.11,136.3225075528701,3972,A,18,62.94058408862035,1
6,0.13,135.02355187778485,4713,A,18,0.0,0
7,0.15000000000000002,132.76237806000367,5433,A,18,0.0,0
8,0.16999999999999998,135.02558670143415,6136,A,18,162.97262059973926,4
9,0.19,134.25342665500145,6858,A,18,182.26888305628464,5
10,0.21000000000000002,135.0978846406517,7611,A,18,98.54158454867955,3
11,0.22999999999999998,133.79060547813552,8324,A,18,60.0672753483902,2
12,0.25,134.96150442477875,9040,A,18,55.30973451327434,2
13,0.27,134.41712763777915,9762,A,18,25.609506248719526,1
14,0.29000000000000004,137.29524897648292,10503,A,18,71.40816909454442,3
15,0.31,135.77278814391573,11201,A,18,0.0,0
16,0.33,138.60444444444445,11925,A,18,0.0,0
17,0.35,139.4178562978153,12679,A,18,98.58821673633568,5
18,0.37,142.77406107668185,13393,A,18,0.0,0
19,0.39,142.13978570921734,14093,A,18,35.478606400340595,2
20,0.41000000000000003,145.6937618147448,14812,A,18,0.0,0
21,0.43,144.11208890030832,15568,A,18,0.0,0
22,0.45,142.17869858809087,16290,A,18,30.693677102516883,2
23,0.47,144.5274537527984,16974,A,18,58.913632614587016,4
24,0.49,146.0024248576101,17733,A,18,28.196018722156435,2
25,0.51,146.81334633300835,18462,A,18,121.87195320116997,9
26,0.53,147.55057117521255,19171,A,18,65.20264983568931,5
27,0.55,147.51409585179218,19864,A,18,37.75674587192912,3
28,0.5700000000000001,147.44077575757575,20625,A,18,60.606060606060616,5
29,0.59,148.15748105174512,21374,A,18,81.87517544680453,7
30,0.61,149.28071448000725,22058,A,18,90.67005168192946,8
31,0.63,146.40477341655313,22751,A,18,131.86233572150675,12
32,0.65,144.75598248820503,23527,A,18,116.88698091554384,11
33,0.67,143.8613298157385,24259,A,18,113.3599901067645,11
34,0.69,144.37146524407365,24931,A,18,130.35979302875938,13
35,0.71,141.60792025232664,25681,A,18,126.55270433394338,13
36,0.73,135.9063493264719,26428,A,18,189.19327985469957,20
37,0.75,130.47372300434878,27134,A,18,285.619517947962,31
38,0.77,124.83006042296073,27804,A,18,179.830240253201,20
39,0.79,121.93037576096845,28582,A,18,402.3511300818697,46
40,0.81,121.73891407341763,29339,A,18,409.0118954292921,48
41,0.83,117.55388613119233,30017,A,18,449.7451444181631,54
42,0.85,105.57055873925502,30712,A,18,301.1852044803334,37
43,0.87,101.06031826700124,31483,A,18,254.10539021058986,32
44,0.89,99.38969469205206,32197,A,18,263.99975152964566,34
45,0.91,101.70534058785981,32899,A,18,189.97537919085687,25
46,0.9299999999999999,109.5156518333283,33191,A,18,256.09351932752855,34
47,0.95,111.63946602100579,30563,A,18,237.21493308902922,29
48,0.97,113.46267964765879,25884,A,18,212.48647813320972,22
49,0.99,115.58043027731175,20266,A,18,111.02338892726735,9
0,0.01,138.90029325513197,341,A,19,0.0,0
1,0.03,140.0688976377953,1016,A,19,0.0,0
2,0.05,132.20140927774514,1703,A,19,0.0,0
3,0.07,132.25681913554342,2383,A,19,0.0,0
4,0.09,127.32571055210715,3061,A,19,0.0,0
5,0.11,132.95993589743588,3744,A,19,0.0,0
6,0.13,130.61194029850745,4422,A,19,56.53550429669833,1
7,0.15000000000000002,132.3453547628381,5102,A,19,49.00039200313603,1
8,0.16999999999999998,137.3852018714261,5771,A,19,43.32004851845434,1
9,0.19,135.63553425081182,6467,A,19,0.0,0
10,0.21000000000000002,135.9798573227025,7149,A,19,0.0,0
11,0.22999999999999998,134.40937019969277,7812,A,19,32.00204813108039,1
12,0.25,140.56233827334745,8502,A,19,88.21453775582216,3
13,0.27,137.62748938948744,9189,A,19,0.0,0
14,0.29000000000000004,136.54470802919707,9864,A,19,25.34468775344688,1
15,0.31,138.0829383886256,10550,A,19,47.39336492890995,2
16,0.33,138.57536322310366,11219,A,19,66.85087797486408,3
17,0.35,139.96510945231904,11923,A,19,104.83938606055523,5
18,0.37,143.2951759274001,12562,A,19,0.0,0
19,0.39,141.34285498944828,13268,A,19,94.2116370214049,5
20,0.41000000000000003,142.017484772483,13955,A,19,0.0,0
21,0.43,139.45006156792994,14618,A,19,85.51101381857984,5
22,0.45,142.8654600104548,15304,A,19,49.00679560899111,3
23,0.47,144.8996871088861,15980,A,19,46.93366708385483,3
24,0.49,146.3075770291332,16682,A,19,89.9172761059825,6
25,0.51,146.5462925620787,17357,A,19,100.82387509362216,7
26,0.53,145.30710321864595,18020,A,19,97.11431742508326,7
27,0.55,145.56822310075862,18718,A,19,106.84902233144568,8
28,0.5700000000000001,144.840875083845,19381,A,19,219.28693049894227,17
29,0.59,144.15330541429853,20058,A,19,112.17469338917141,9
30,0.61,143.46326648669495,20744,A,19,216.93019668337834,18
31,0.63,141.10600475901646,21433,A,19,244.94937712872672,21
32,0.65,139.01795161654985,22115,A,19,248.69997739091116,22
33,0.67,139.10602801071255,22777,A,19,263.4236290995302,24
34,0.69,136.36851520572452,23478,A,19,234.26186216883892,22
35,0.71,131.37659380692168,24156,A,19,248.38549428713364,24
36,0.73,123.733486386338,24828,A,19,292.00902207185436,29
37,0.75,120.02155256867432,25519,A,19,293.89866374074217,30
38,0.77,118.16320916905444,26175,A,19,238.77745940783188,25
39,0.79,123.50275359083129,26874,A,19,344.19885391084324,37
40,0.81,121.85789492793087,27543,A,19,299.53164143339507,33
41,0.83,119.75856176575294,28090,A,19,249.1990032039872,28
42,0.85,119.26995177490119,27579,A,19,317.27038688857465,35
43,0.87,116.72347214929111,24757,A,19,242.35569737851924,24
44,0.89,114.61964589108469,22366,A,19,245.9089689707592,22
45,0.91,115.91670671921561,20806,A,19,324.42564644814,27
46,0.9299999999999999,114.42642149329659,18871,A,19,304.7003338455832,23
47,0.95,114.5313230348287,17543,A,19,384.76885367383005,27
48,0.97,114.98345111896349,16980,A,19,235.57126030624266,16
49,0.99,115.5485178616671,15788,A,19,332.53103623004813,21
0,0.01,150.45333333333335,375,A,20,666.6666666666666,1
1,0.03,132.90080428954423,1119,A,20,0.0,0
2,0.05,134.1627783669141,1886,A,20,132.5556733828208,1
3,0.07,136.46760670731706,2624,A,20,0.0,0
4,0.09,137.14980831613093,3391,A,20,73.72456502506635,1
5,0.11,136.547018904508,4126,A,20,0.0,0
6,0.13,139.47979591836736,4900,A,20,0.0,0
7,0.15000000000000002,141.8444326052211,5631,A,20,88.7941751021133,2
8,0.16999999999999998,142.8665936815765,6394,A,20,39.0991554582421,1
9,0.19,142.85320072839332,7139,A,20,105.05673063454266,3
10,0.21000000000000002,141.87468322351748,7892,A,20,126.71059300557528,4
11,0.22999999999999998,140.1890391952827,8649,A,20,57.81015146259683,2
12,0.25,141.47894680737662,9381,A,20,106.59844366272254,4
13,0.27,141.2189010555391,10137,A,20,98.64851533984414,4
14,0.29000000000000004,140.64048144064682,10884,A,20,45.93899301727306,2
15,0.31,140.76909215719925,11654,A,20,64.35558606487044,3
16,0.33,140.22196205086797,12385,A,20,80.74283407347598,4
17,0.35,140.0727963525836,13160,A,20,18.996960486322187,1
18,0.37,138.18771576524742,13904,A,20,17.980437284234753,1
19,0.39,135.55964553510566,14670,A,20,68.1663258350375,4
20,0.41000000000000003,132.59729887669633,15401,A,20,32.4654243230959,2
21,0.43,131.5493288798169,16167,A,20,30.927197377373663,2
22,0.45,133.11185377972316,16906,A,20,14.787649355258488,1
23,0.47,132.7921879422587,17665,A,20,28.30455703368242,2
24,0.49,132.2606547586731,18419,A,20,0.0,0
25,0.51,130.27144124862974,19157,A,20,0.0,0
26,0.53,131.18192317348732,19915,A,20,12.553351744915894,1
27,0.55,131.40877396862288,20652,A,20,12.10536509781135,1
28,0.5700000000000001,132.11690857329538,21427,A,20,35.002566854902696,3
29,0.59,133.5475276586137,22145,A,20,90.31384059607136,8
30,0.61,135.03793328973185,22935,A,20,43.60148245040331,4
31,0.63,138.824200913242,23652,A,20,73.98951462878404,7
32,0.65,143.909325364336,24428,A,20,133.04404781398395,13
33,0.67,147.34030040530874,25166,A,20,99.34037987761266,10
34,0.69,148.0350370027752,25944,A,20,144.54209065679927,15
35,0.71,147.8959028376504,26677,A,20,149.94189751471305,16
36,0.73,148.18252724423223,27437,A,20,173.12388380653863,19
37,0.75,150.53428936532728,28172,A,20,159.73306829476076,18
38,0.77,151.61926304520495,28957,A,20,241.73774907621646,28
39,0.79,155.21964207475312,29671,A,20,252.77206700144924,30
40,0.81,150.9937292754194,30459,A,20,270.85590465872156,33
41,0.83,146.11393298059966,31185,A,20,344.7170113836781,43
42,0.85,139.97892792285052,31938,A,20,313.10664412298826,40
43,0.87,137.42189651479453,32681,A,20,244.79055108472812,32
44,0.89,134.11733105427018,32762,A,20,289.9700872962579,38
45,0.91,132.36745577523413,30752,A,20,235.7570239334027,29
46,0.9299999999999999,138.01255581421975,26203,A,20,438.88104415524947,46
47,0.95,143.34631896236755,21896,A,20,308.2754841066862,27
48,0.97,143.5110337972167,20120,A,20,459.7415506958251,37
49,0.99,138.10467188765867,18515,A,20,418.579530110721,31
0,0.01,111.54838709677419,310,A,21,0.0,0
1,0.03,111.79631635969665,923,A,21,0.0,0
2,0.05,108.46228868660599,1538,A,21,0.0,0
3,0.07,107.83271375464685,2152,A,21,116.17100371747213,1
4,0.09,107.1420310805927,2767,A,21,0.0,0
5,0.11,104.83854781582055,3388,A,21,73.78984651711924,1
6,0.13,107.12415688233824,4003,A,21,0.0,0
7,0.15000000000000002,107.76951351351352,4625,A,21,0.0,0
8,0.16999999999999998,108.16551987767583,5232,A,21,0.0,0
9,0.19,108.38931558286397,5859,A,21,42.66939750810719,1
10,0.21000000000000002,109.17438986716095,6474,A,21,38.61600247142416,1
11,0.22999999999999998,111.45805084745763,7080,A,21,141.24293785310735,4
12,0.25,111.0168875032476,7698,A,21,64.95193556767991,2
13,0.27,110.68060240963855,8300,A,21,60.24096385542168,2
14,0.29000000000000004,113.22416498542927,8922,A,21,28.020623178659495,1
15,0.31,114.74808599895123,9535,A,21,52.43838489774515,2
16,0.33,117.57533438237608,10168,A,21,73.76081825334383,3
17,0.35,119.53622112976532,10781,A,21,139.13366107040164,6
18,0.37,121.94390885188432,11410,A,21,65.73181419807187,3
19,0.39,123.78232991922725,12009,A,21,62.45316012990258,3
20,0.41000000000000003,125.94066455696202,12640,A,21,39.55696202531645,2
21,0.43,129.6488405468691,13239,A,21,94.41800740237179,5
22,0.45,131.12370017331023,13848,A,21,54.15944540727903,3
23,0.47,133.6564294113578,14457,A,21,69.17064397869544,4
24,0.49,137.1292931971887,15082,A,21,149.18445829465588,9
25,0.51,139.8167335754795,15693,A,21,47.79200917606577,3
26,0.53,142.13742421458755,16329,A,21,76.55092167309695,5
27,0.55,144.43979459331837,16942,A,21,177.07472553417543,12
28,0.5700000000000001,146.29335761853264,17569,A,21,227.67374352552795,16
29,0.59,147.81578947368422,18164,A,21,82.58092931072451,6
30,0.61,149.03406610954383,18787,A,21,133.07074040559962,10
31,0.63,150.110853432282,19404,A,21,193.2591218305504,15
32,0.65,150.24825174825176,20020,A,21,124.87512487512488,10
33,0.67,149.83368911313798,20612,A,21,254.70599650688922,21
34,0.69,148.69701963369275,21239,A,21,258.95757804039744,22
35,0.71,146.4528440031117,21853,A,21,308.88207568754865,27
36,0.73,145.48507894151658,22485,A,21,289.08160996219704,26
37,0.75,145.74909059414514,23092,A,21,357.2665858305907,33
38,0.77,146.83881163084703,23730,A,21,368.7315634218289,35
39,0.79,140.72188643559065,24321,A,21,308.3754779819909,30
40,0.81,135.26670405383751,24964,A,21,310.4470437429899,31
41,0.83,127.87740093103314,25563,A,21,273.83327465477447,28
42,0.85,125.76854588018574,26057,A,21,287.8305253866523,30
43,0.87,123.28083704708389,25805,A,21,222.82503390815734,23
44,0.89,122.55423582159993,25426,A,21,235.97891921655003,24
45,0.91,123.39794511965918,23943,A,21,177.5049074886188,17
46,0.9299999999999999,116.74520777332216,22693,A,21,165.24919578724717,15
47,0.95,117.45692956517524,20629,A,21,181.7829269475011,15
48,0.97,115.99074125408882,18037,A,21,194.04557298885626,14
49,0.99,105.8572504235427,15937,A,21,188.2411997239129,12
0,0.01,138.74617737003058,327,A,22,0.0,0
1,0.03,133.48884381338743,986,A,22,253.54969574036514,1
2,0.05,129.81968215158923,1636,A,22,152.8117359413203,1
3,0.07,128.66232073011733,2301,A,22,108.64841373315949,1
4,0.09,133.0409752793769,2953,A,22,169.31933626820182,2
5,0.11,131.52199170124481,3615,A,22,207.4688796680498,3
6,0.13,128.17186400937865,4265,A,22,117.2332942555686,2
7,0.15000000000000002,125.09676763569831,4919,A,22,203.29335230737956,4
8,0.16999999999999998,127.25067192259452,5581,A,22,179.17935853789643,4
9,0.19,132.09730250481695,6228,A,22,240.84778420038535,6
10,0.21000000000000002,129.4296897651493,6898,A,22,144.96955639315743,4
11,0.22999999999999998,127.67900743099787,7536,A,22,99.52229299363059,3
12,0.25,130.92564602632862,8204,A,22,152.3647001462701,5
13,0.27,132.4952037016138,8861,A,22,141.06759959372533,5
14,0.29000000000000004,131.6050834996324,9521,A,22,52.5154920701607,2
15,0.31,132.3658968058968,10175,A,22,122.85012285012284,5
16,0.33,133.1213856812933,10825,A,22,92.37875288683603,4
17,0.35,135.25193562418443,11495,A,22,65.24575902566333,3
18,0.37,137.02646331409727,12130,A,22,164.88046166529267,8
19,0.39,138.5855982505467,12804,A,22,195.25148391127775,10
20,0.41000000000000003,137.9720961381055,13439,A,22,111.61544757794479,6
21,0.43,139.53130755064456,14118,A,22,194.78679699674177,11
22,0.45,139.73726287262872,14760,A,22,135.50135501355015,8
23,0.47,143.42483956699294,15427,A,22,178.25889673948274,11
24,0.49,145.2304296462103,16083,A,22,155.44363613753652,10
25,0.51,146.33996772458312,16731,A,22,209.19251688482458,14
26,0.53,148.74185016960845,17393,A,22,201.2303800379463,14
27,0.55,149.4491187229797,18042,A,22,69.2827846136792,5
28,0.5700000000000001,148.65941641727233,18712,A,22,133.60410431808467,10
29,0.59,149.47853711452038,19359,A,22,142.052791983057,11
30,0.61,150.11597461649927,20013,A,22,162.39444361165243,13
31,0.63,149.6511639161787,20663,A,22,229.8794947490684,19
32,0.65,147.59057665260198,21330,A,22,140.64697609001408,12
33,0.67,145.29471387664196,22001,A,22,204.53615744738875,18
34,0.69,139.37748695729064,22618,A,22,187.90343973826157,17
35,0.71,140.01166180758017,23324,A,22,300.12004801920773,28
36,0.73,139.1425707005305,23939,A,22,250.6370357993233,24
37,0.75,140.3209209778283,24626,A,22,274.1005441403395,27
38,0.77,132.96907665505228,25256,A,22,158.37820715869498,16
39,0.79,130.27643970974216,25908,A,22,221.9391693685348,23
40,0.81,131.56666416002406,26596,A,22,225.5978342607911,24
41,0.83,130.08925538740235,26497,A,22,141.5254557119674,15
42,0.85,129.38474269051935,25378,A,22,236.42525021672316,24
43,0.87,125.94164877971222,25158,A,22,258.367119802846,26
44,0.89,121.71413747302009,24092,A,22,259.4222148431015,25
45,0.91,113.75991782698014,21905,A,22,330.974663318877,29
46,0.9299999999999999,114.5979627897308,19242,A,22,350.7951356407858,27
47,0.95,112.88181439866833,16821,A,22,341.8346114975329,23
48,0.97,115.697049874322,15118,A,22,363.8047360762006,22
49,0.99,119.30764880531599,14146,A,22,424.1481690937368,24
0,0.01,141.32440476190476,336,A,23,0.0,0
1,0.03,139.76,1025,A,23,487.80487804878055,2
2,0.05,137.03372781065087,1690,A,23,591.7159763313609,4
3,0.07,131.85322648671448,2371,A,23,210.88148460565165,2
4,0.09,134.426614481409,3066,A,23,407.6973255055447,5
5,0.11,133.12311422413794,3712,A,23,202.04741379310346,3
6,0.13,135.25823927765236,4430,A,23,395.03386004514675,7
7,0.15000000000000002,134.71704053522237,5082,A,23,245.96615505706416,5
8,0.16999999999999998,129.88728975203745,5767,A,23,173.40038148083926,4
9,0.19,131.04773713577185,6452,A,23,348.72907625542473,9
10,0.21000000000000002,129.73117522871217,7105,A,23,281.49190710767067,8
11,0.22999999999999998,131.47558793456034,7824,A,23,319.52965235173826,10
12,0.25,131.27002477291495,8477,A,23,176.9493924737525,6
13,0.27,131.03041242752434,9141,A,23,246.14374794880212,9
14,0.29000000000000004,131.59622794564996,9862,A,23,228.1484485905496,9
15,0.31,132.39752262982373,10495,A,23,238.20867079561697,10
16,0.33,130.67044440478315,11206,A,23,178.47581652686063,8
17,0.35,131.71509037410678,11895,A,23,126.10340479192939,6
18,0.37,132.39426380123032,12517,A,23,139.80985859231447,7
19,0.39,134.0940679882415,13267,A,23,207.281224089847,11
20,0.41000000000000003,133.61920887672022,13879,A,23,198.14107644642988,11
21,0.43,134.87612859097126,14620,A,23,85.49931600547195,5
22,0.45,135.7171134561185,15257,A,23,114.70144851543554,7
23,0.47,139.00672237230634,15917,A,23,125.65181881007727,8
24,0.49,138.72153190467614,16659,A,23,120.0552254036857,8
25,0.51,140.34126157407408,17280,A,23,159.1435185185185,11
26,0.53,142.69422820284697,17984,A,23,180.71619217081852,13
27,0.55,144.29792815461212,18679,A,23,147.2241554687082,11
28,0.5700000000000001,145.74102842939257,19311,A,23,181.24385065506706,14
29,0.59,148.17630028950785,20034,A,23,187.18179095537587,15
30,0.61,148.5468115942029,20700,A,23,144.92753623188406,12
31,0.63,149.84925093632958,21360,A,23,175.56179775280899,15
32,0.65,151.143549556079,22076,A,23,237.8148215256387,21
33,0.67,149.35709879263243,22694,A,23,242.35480743808938,22
34,0.69,148.80068230277186,23450,A,23,309.16844349680173,29
35,0.71,144.89960523581965,24065,A,23,290.8788697278205,28
36,0.73,143.6822222222222,24750,A,23,444.4444444444445,44
37,0.75,139.2177992384093,25473,A,23,284.6150826365171,29
38,0.77,138.65769009768243,26105,A,23,258.5711549511588,27
39,0.79,134.8546600529594,26813,A,23,298.3627344944616,32
40,0.81,133.32051655147328,27490,A,23,372.86285922153513,41
41,0.83,130.17167839624653,28134,A,23,337.6697234662686,38
42,0.85,123.78434487489619,27697,A,23,324.9449398851861,36
43,0.87,118.72925683423964,27033,A,23,323.67846705878003,35
44,0.89,119.15868770951825,26549,A,23,244.83031375946365,26
45,0.91,116.55142001097185,23697,A,23,337.59547622061865,32
46,0.9299999999999999,117.12425735734352,21713,A,23,253.30447197531433,22
47,0.95,117.60916821818547,19873,A,23,289.33729180294876,23
48,0.97,110.77983055479639,18295,A,23,218.63897239682976,16
49,0.99,108.29284734236116,16763,A,23,223.7069736920599,15
0,0.01,138.56976744186048,344,A,24,0.0,0
1,0.03,134.73520853540253,1031,A,24,242.48302618816683,1
2,0.05,138.39953407105418,1717,A,24,145.60279557367502,1
3,0.07,133.06024096385542,2407,A,24,207.72746157041962,2
4,0.09,135.33333333333334,3102,A,24,80.59316569954869,1
5,0.11,135.17818374371194,3777,A,24,264.76039184537996,4
6,0.13,136.46724793203666,4473,A,24,111.781801922647,2
7,0.15000000000000002,134.3337866718477,5147,A,24,242.85991839906742,5
8,0.16999999999999998,133.41330369357044,5848,A,24,213.7482900136799,5
9,0.19,136.06939773769489,6542,A,24,38.21461326811372,1
10,0.21000000000000002,134.30273573114846,7201,A,24,173.58700180530482,5
11,0.22999999999999998,135.05672773215414,7915,A,24,284.2703727100442,9
12,0.25,134.95070913740992,8602,A,24,232.50406882120436,8
13,0.27,133.33548943510132,9276,A,24,53.90254420008625,2
14,0.29000000000000004,134.70555833750626,9985,A,24,275.4131196795193,11
15,0.31,135.3485076027783,10654,A,24,117.32682560540641,5
16,0.33,133.3700467743359,11331,A,24,154.44356190980497,7
17,0.35,132.30034895314057,12036,A,24,145.39714190761052,7
18,0.37,133.85141824467667,12727,A,24,157.1462245619549,8
19,0.39,135.2095103227249,13417,A,24,167.69769695162853,9
20,0.41000000000000003,134.5943376144185,14093,A,24,159.65372880153268,9
21,0.43,136.48582831630927,14783,A,24,338.2263410674424,20
22,0.45,138.3151287692507,15454,A,24,226.47858159699754,14
23,0.47,138.61123484286068,16164,A,24,231.99703043801043,15
24,0.49,140.70161912104857,16861,A,24,177.92538995314635,12
25,0.51,142.37450767737886,17519,A,24,214.0533135452937,15
26,0.53,146.24735369933637,18233,A,24,246.80524324027863,18
27,0.55,147.39390572924933,18903,A,24,238.0574511982225,18
28,0.5700000000000001,147.87758849331837,19606,A,24,153.0143833520351,12
29,0.59,149.97456875308035,20290,A,24,172.49876786594382,14
30,0.61,152.28905951926745,20968,A,24,226.5356734070965,19
31,0.63,153.95832755832757,21645,A,24,173.25017325017328,15
32,0.65,156.4513373289203,22358,A,24,212.45191877627695,19
33,0.67,154.5240017361111,23040,A,24,260.4166666666667,24
34,0.69,149.54120473801797,23723,A,24,200.22762719723477,19
35,0.71,145.37075750122972,24396,A,24,317.67502869322846,31
36,0.73,142.2239709925489,25097,A,24,288.87914890225926,29
37,0.75,139.98918772283366,25804,A,24,358.4715547977058,37
38,0.77,144.7083758358835,26469,A,24,340.02040122407345,36
39,0.79,146.82868496578115,27178,A,24,248.36264625800283,27
40,0.81,149.35672935169538,27811,A,24,341.591456617885,38
41,0.83,138.74351161080173,28551,A,24,297.71286469825924,34
42,0.85,127.61582945524226,29224,A,24,290.85683000273747,34
43,0.87,121.66243357952077,29923,A,24,150.3859907094877,18
44,0.89,121.4266762514704,30604,A,24,204.22167036988628,25
45,0.91,121.85095377722136,30353,A,24,164.72836292952923,20
46,0.9299999999999999,129.22215104009646,26536,A,24,207.26560144709077,22
47,0.95,126.56423858773181,22432,A,24,234.04065620542082,21
48,0.97,125.81273917421953,19860,A,24,138.46928499496477,11
49,0.99,110.56506595100782,17513,A,24,157.02620910181008,11
0,0.01,156.22597402597404,385,A,25,649.3506493506494,1
1,0.03,141.64044943820224,1157,A,25,648.2281763180639,3
2,0.05,140.66216917488325,1927,A,25,648.6766995329529,5
3,0.07,143.02476894639557,2705,A,25,462.10720887245844,5
4,0.09,148.58779504893494,3474,A,25,503.7420840529649,7
5,0.11,144.14127358490566,4240,A,25,530.6603773584906,9
6,0.13,140.69994010780596,5009,A,25,549.0117787981634,11
7,0.15000000000000002,140.99913539685284,5783,A,25,778.1428324399101,18
8,0.16999999999999998,141.42713261101787,6553,A,25,457.8055852281398,12
9,0.19,141.3459230979002,7334,A,25,545.404963185165,16
10,0.21000000000000002,141.33114875726474,8087,A,25,587.3624335353036,19
11,0.22999999999999998,139.27400652932567,8883,A,25,422.1546774738264,15
12,0.25,141.9363202655051,9642,A,25,622.2775357809584,24
13,0.27,138.9414648212226,10404,A,25,408.4967320261438,17
14,0.29000000000000004,140.09354060573574,11193,A,25,647.7262574823551,29
15,0.31,136.91192967768941,11945,A,25,502.30221850146506,24
16,0.33,138.57548873361074,12737,A,25,549.5799638847452,28
17,0.35,139.53125925925926,13500,A,25,574.0740740740741,31
18,0.37,138.73936505711683,14269,A,25,543.1354684981429,31
19,0.39,136.78410754691868,15026,A,25,482.4970051910023,29
20,0.41000000000000003,138.04498007211996,15807,A,25,490.2891124185488,31
21,0.43,139.10293053545587,16584,A,25,557.7665219488664,37
22,0.45,142.06800368833564,17352,A,25,576.3024435223606,40
23,0.47,141.2931443384259,18131,A,25,496.38740279080037,36
24,0.49,139.62868483725853,18895,A,25,396.930404869013,30
25,0.51,138.898047391437,19666,A,25,622.9024712702126,49
26,0.53,140.15148403501053,20451,A,25,488.9736443205711,40
27,0.55,143.1082979726544,21210,A,25,707.2135785007072,60
28,0.5700000000000001,144.50814599071632,21974,A,25,500.59160826431236,44
29,0.59,145.68176028811104,22769,A,25,570.9517326189117,52
30,0.61,146.50994897959183,23520,A,25,659.0136054421769,62
31,0.63,149.30750555509834,24302,A,25,545.222615422599,53
32,0.65,153.93171296296296,25056,A,25,568.7260536398468,57
33,0.67,152.98385035436272,25821,A,25,513.1482126950931,53
34,0.69,151.66085780815743,26626,A,25,572.748441373094,61
35,0.71,150.95820546543914,27372,A,25,557.1386818646793,61
36,0.73,152.4286779853662,28154,A,25,506.1447751651631,57
37,0.75,154.52632852746947,28923,A,25,432.1820004840439,50
38,0.77,157.09931299252375,29694,A,25,429.3796726611437,51
39,0.79,157.0372789026351,30473,A,25,303.54740261871166,37
40,0.81,149.4482007939557,31236,A,25,256.11473940325266,32
41,0.83,141.91379310344828,32016,A,25,257.68365817091455,33
42,0.85,135.95239720713732,32225,A,25,201.70674941815363,26
43,0.87,134.7414946015592,30657,A,25,220.17809961835795,27
44,0.89,134.08424655166453,28927,A,25,216.06111936944725,25
45,0.91,130.8328193169851,26588,A,25,178.65202346923425,19
46,0.9299999999999999,131.55863962822139,23670,A,25,126.74271229404309,12
47,0.95,132.7934569857396,21458,A,25,186.41066268990588,16
48,0.97,129.78478607016282,19469,A,25,141.25019261389903,11
49,0.99,130.14647280560044,16713,A,25,179.50098725542992,12
0,0.01,130.2814371257485,1169,B,1,213.85799828913602,1
1,0.03,127.10105024127165,3523,B,1,212.88674425205792,3
2,0.05,131.69887525562373,5868,B,1,298.227675528289,7
3,0.07,130.64137847053092,8212,B,1,304.4325377496347,10
4,0.09,127.06526475324429,10557,B,1,355.2145495879512,15
5,0.11,121.79972086531751,12897,B,1,232.61223540358225,12
6,0.13,121.8140053816368,15237,B,1,360.96344424755534,22
7,0.15000000000000002,121.5756438683268,17589,B,1,383.7625788845301,27
8,0.16999999999999998,123.7154524501453,19958,B,1,350.7365467481712,28
9,0.19,121.26585858585858,22275,B,1,336.7003367003367,30
10,0.21000000000000002,118.98163348232426,24610,B,1,314.9126371393742,31
11,0.22999999999999998,118.97117984812002,26995,B,1,250.04630487127247,27
12,0.25,117.56716570610101,29323,B,1,400.7093407905058,47
13,0.27,115.70550519566659,31661,B,1,339.53444300559045,43
14,0.29000000000000004,114.12703544765152,34022,B,1,367.4093233789901,50
15,0.31,112.7089248376802,36348,B,1,337.01991856498296,49
16,0.33,113.22223658694247,38675,B,1,342.5985778926955,53
17,0.35,113.02256517611548,41081,B,1,292.10583968257833,48
18,0.37,110.85331520987882,43406,B,1,334.05519974197114,58
19,0.39,113.7027943718681,45699,B,1,317.29359504584346,58
20,0.41000000000000003,112.57233122713669,48112,B,1,275.3990688393748,53
21,0.43,112.60325548197787,50438,B,1,277.56849994052106,56
22,0.45,109.07207582938389,52750,B,1,331.7535545023697,70
23,0.47,110.07936047565529,55166,B,1,335.35148461008595,74
24,0.49,110.79784568266453,57466,B,1,339.33108272717783,78
25,0.51,111.38956562479085,59764,B,1,326.28338129977914,78
26,0.53,110.00369745197331,62205,B,1,297.40374567960777,74
27,0.55,111.48092336790536,64503,B,1,344.9451963474568,89
28,0.5700000000000001,107.87297835096277,66839,B,1,302.9668307425306,81
29,0.59,107.69381827640021,69204,B,1,285.38812785388126,79
30,0.61,106.95886580352898,71522,B,1,314.58851821817063,90
31,0.63,108.16864942412062,73887,B,1,318.05324346637434,94
32,0.65,108.347643649524,76262,B,1,301.59188062206607,92
33,0.67,109.14523845879778,78588,B,1,318.114724894386,100
34,0.69,109.58719310301743,80035,B,1,262.3852064721684,84
35,0.71,107.80333288105487,81071,B,1,308.37167421149366,100
36,0.73,107.40035156579216,83057,B,1,297.9881286345522,99
37,0.75,108.10570068473876,85288,B,1,316.5744301660257,108
38,0.77,106.65570351355687,87262,B,1,369.576677133231,129
39,0.79,108.5549015650926,89196,B,1,305.50697340687924,109
40,0.81,110.05385852969826,91369,B,1,342.01972222526246,125
41,0.83,107.85602883915965,93484,B,1,286.14522271190793,107
42,0.85,106.42225372820836,95220,B,1,296.68136946019746,113
43,0.87,105.35577546212956,97213,B,1,252.02390626768027,98
44,0.89,107.08899961213713,100551,B,1,246.1437479488021,99
45,0.91,110.67090233725365,100417,B,1,276.34763038130995,111
46,0.9299999999999999,114.80316290808435,98264,B,1,203.53333876088905,80
47,0.95,114.34734085933812,93188,B,1,219.98540584624632,82
48,0.97,112.00124978765744,82414,B,1,154.70672458562865,51
49,0.99,116.33188699901204,74902,B,1,206.93706443085634,62
0,0.01,,0,B,2,0.0,0
1,0.03,,0,B,2,0.0,0
2,0.05,,0,B,2,0.0,0
3,0.07,,0,B,2,0.0,0
4,0.09,,0,B,2,0.0,0
5,0.11,,0,B,2,0.0,0
6,0.13,,0,B,2,0.0,0
7,0.15000000000000002,,0,B,2,0.0,0
8,0.16999999999999998,,0,B,2,0.0,0
9,0.19,,0,B,2,0.0,0
10,0.21000000000000002,,0,B,2,0.0,0
11,0.22999999999999998,,0,B,2,0.0,0
12,0.25,,0,B,2,0.0,0
13,0.27,,0,B,2,0.0,0
14,0.29000000000000004,,0,B,2,0.0,0
15,0.31,,0,B,2,0.0,0
16,0.33,,0,B,2,0.0,0
17,0.35,,0,B,2,0.0,0
18,0.37,112.03061224489795,294,B,2,0.0,0
19,0.39,113.52669552669553,693,B,2,360.7503607503608,1
20,0.41000000000000003,104.10466321243523,965,B,2,0.0,0
21,0.43,102.06416666666667,1200,B,2,0.0,0
22,0.45,116.2036496350365,1370,B,2,0.0,0
23,0.47,108.71629213483146,1424,B,2,526.685393258427,3
24,0.49,100.79245283018868,1537,B,2,0.0,0
25,0.51,101.71448796602171,2119,B,2,117.9801793298726,1
26,0.53,107.20325203252033,2337,B,2,106.97475395806589,1
27,0.55,104.88187702265373,2472,B,2,202.2653721682848,2
28,0.5700000000000001,101.47312925170068,2940,B,2,85.03401360544218,1
29,0.59,103.50303183425973,3958,B,2,0.0,0
30,0.61,105.44518272425249,5117,B,2,195.42700801250732,4
31,0.63,103.88098117118673,5789,B,2,345.48281223009155,8
32,0.65,101.30201672405312,6099,B,2,163.96130513198887,4
33,0.67,108.79243815154815,6427,B,2,233.39038431616618,6
34,0.69,112.36133720930232,6880,B,2,145.34883720930233,4
35,0.71,109.5866930171278,7590,B,2,131.75230566534916,4
36,0.73,114.68740884783665,8228,B,2,212.68838113757903,7
37,0.75,127.35283426104738,8803,B,2,454.3905486765875,16
38,0.77,119.34860883797054,9165,B,2,136.3884342607747,5
39,0.79,105.48078975453575,9370,B,2,186.76627534685167,7
40,0.81,104.41785198928056,9702,B,2,128.8394145537003,5
41,0.83,100.29552023121387,9688,B,2,154.83071841453346,6
42,0.85,97.433407213379,9926,B,2,151.11827523675197,6
43,0.87,93.34755432086517,10079,B,2,124.02024010318485,5
44,0.89,91.2568300621363,10139,B,2,123.28632014991618,5
45,0.91,96.45309548793284,9530,B,2,131.16474291710387,5
46,0.9299999999999999,98.85209737013693,9202,B,2,135.8400347750489,5
47,0.95,97.99945539701558,9181,B,2,108.92059688487093,4
48,0.97,103.88965896589659,9090,B,2,110.01100110011002,4
49,0.99,105.11815028901734,8650,B,2,173.41040462427748,6
0,0.01,,0,B,3,0.0,0
1,0.03,,0,B,3,0.0,0
2,0.05,,0,B,3,0.0,0
3,0.07,,0,B,3,0.0,0
4,0.09,,0,B,3,0.0,0
5,0.11,,0,B,3,0.0,0
6,0.13,,0,B,3,0.0,0
7,0.15000000000000002,,0,B,3,0.0,0
8,0.16999999999999998,,0,B,3,0.0,0
9,0.19,,0,B,3,0.0,0
10,0.21000000000000002,,0,B,3,0.0,0
11,0.22999999999999998,,0,B,3,0.0,0
12,0.25,,0,B,3,0.0,0
13,0.27,,0,B,3,0.0,0
14,0.29000000000000004,,0,B,3,0.0,0
15,0.31,,0,B,3,0.0,0
16,0.33,,0,B,3,0.0,0
17,0.35,,0,B,3,0.0,0
18,0.37,,0,B,3,0.0,0
19,0.39,,0,B,3,0.0,0
20,0.41000000000000003,,0,B,3,0.0,0
21,0.43,,0,B,3,0.0,0
22,0.45,,0,B,3,0.0,0
23,0.47,,0,B,3,0.0,0
24,0.49,,0,B,3,0.0,0
25,0.51,,0,B,3,0.0,0
26,0.53,,0,B,3,0.0,0
27,0.55,120.5,156,B,3,0.0,0
28,0.5700000000000001,125.67840375586854,426,B,3,0.0,0
29,0.59,118.52525252525253,594,B,3,420.87542087542084,1
30,0.61,102.09210526315789,1216,B,3,616.7763157894738,3
31,0.63,106.92350332594235,1804,B,3,415.74279379157434,3
32,0.65,110.45995591476856,2722,B,3,367.37692872887584,4
33,0.67,113.06263770853006,3177,B,3,78.69058860560278,1
34,0.69,108.43706967777472,3631,B,3,206.55466813549987,3
35,0.71,106.76825108028201,4397,B,3,284.28473959517856,5
36,0.73,108.7096545615589,5645,B,3,310.0088573959256,7
37,0.75,112.61324216144097,5996,B,3,250.1667778519013,6
38,0.77,113.7039530467806,5793,B,3,258.9331952356292,6
39,0.79,113.20678144764582,5692,B,3,175.68517217146874,4
40,0.81,110.63180212014134,5660,B,3,220.84805653710248,5
41,0.83,102.21910695742471,5778,B,3,129.80269989615783,3
42,0.85,99.27158206743238,5398,B,3,231.56724712856612,5
43,0.87,103.76779825412221,5155,B,3,436.4694471387003,9
44,0.89,107.15665488810365,5094,B,3,98.15469179426778,2
45,0.91,102.11305701498345,5139,B,3,243.23798404358828,5
46,0.9299999999999999,106.41875981161695,5096,B,3,196.23233908948194,4
47,0.95,108.62519968051119,5008,B,3,299.52076677316296,6
48,0.97,113.28246426414334,4967,B,3,251.66096235152003,5
49,0.99,107.85904572564613,5030,B,3,149.10536779324056,3
0,0.01,,0,B,4,0.0,0
1,0.03,,0,B,4,0.0,0
2,0.05,,0,B,4,0.0,0
3,0.07,,0,B,4,0.0,0
4,0.09,,0,B,4,0.0,0
5,0.11,,0,B,4,0.0,0
6,0.13,,0,B,4,0.0,0
7,0.15000000000000002,,0,B,4,0.0,0
8,0.16999999999999998,,0,B,4,0.0,0
9,0.19,111.78125,32,B,4,0.0,0
10,0.21000000000000002,105.82053072625699,1432,B,4,349.1620111731844,2
11,0.22999999999999998,97.86608517188301,1949,B,4,128.27090815802975,1
12,0.25,116.01130776794494,2034,B,4,614.5526057030482,5
13,0.27,109.50047892720306,2088,B,4,119.73180076628353,1
14,0.29000000000000004,108.66712995135511,2878,B,4,347.4635163307853,4
15,0.31,105.3656398697721,3993,B,4,125.2191334835963,2
16,0.33,109.07794004611837,6505,B,4,461.18370484242894,12
17,0.35,111.1360544217687,8232,B,4,273.32361516034985,9
18,0.37,114.71845198491906,9018,B,4,166.33399866932803,6
19,0.39,115.76785906112364,9309,B,4,241.70157911698357,9
20,0.41000000000000003,111.77467948717948,9360,B,4,133.54700854700855,5
21,0.43,109.81656743995073,9742,B,4,205.2966536645453,8
22,0.45,106.19736599742126,10858,B,4,299.31847485724813,13
23,0.47,105.11121632090901,11617,B,4,279.76241714728417,13
24,0.49,107.31045311799014,13374,B,4,261.7018094810827,14
25,0.51,106.89897747864354,15452,B,4,194.14962464405903,12
26,0.53,106.4275043936731,18208,B,4,247.14411247803164,18
27,0.55,104.29114169412676,20636,B,4,230.18026749370034,19
28,0.5700000000000001,105.15020986136432,23587,B,4,180.18399966083012,17
29,0.59,106.98765432098766,25920,B,4,241.12654320987656,25
30,0.61,107.12031085448669,27537,B,4,226.9673530159422,25
31,0.63,108.97273221814226,29412,B,4,169.99864001087994,20
32,0.65,108.77126785488561,31644,B,4,229.11136392365063,29
33,0.67,108.32246468391047,35607,B,4,252.75928890386723,36
34,0.69,108.46853349490266,37961,B,4,217.32831063459867,33
35,0.71,106.06514665949067,40877,B,4,201.82498715659173,33
36,0.73,105.01577234613649,42099,B,4,190.02826670467232,32
37,0.75,104.68172783887637,45282,B,4,209.7963870853761,38
38,0.77,107.23620951154142,48131,B,4,218.15461968377969,42
39,0.79,107.52020070245861,49825,B,4,170.59708981435026,34
40,0.81,105.6705360458072,51171,B,4,180.76644974692698,37
41,0.83,105.48634795845618,51897,B,4,226.4100044318554,47
42,0.85,104.47844241414316,52209,B,4,201.1147503304028,42
43,0.87,103.81780455914956,52773,B,4,189.490838117977,40
44,0.89,104.03073083371437,52488,B,4,261.964639536656,55
45,0.91,103.8707703786607,53610,B,4,256.4819996269353,55
46,0.9299999999999999,103.50731206077175,54499,B,4,206.42580597809135,45
47,0.95,102.93655528675627,54977,B,4,222.82045218909727,49
48,0.97,104.3279963652885,55025,B,4,227.1694684234439,50
49,0.99,105.13336317250022,55855,B,4,187.98675140990065,42
0,0.01,,0,B,5,0.0,0
1,0.03,,0,B,5,0.0,0
2,0.05,,0,B,5,0.0,0
3,0.07,,0,B,5,0.0,0
4,0.09,,0,B,5,0.0,0
5,0.11,,0,B,5,0.0,0
6,0.13,,0,B,5,0.0,0
7,0.15000000000000002,94.92021276595744,188,B,5,0.0,0
8,0.16999999999999998,88.36877828054298,442,B,5,0.0,0
9,0.19,98.93457943925233,642,B,5,0.0,0
10,0.21000000000000002,95.42279411764706,816,B,5,0.0,0
11,0.22999999999999998,104.96777546777547,962,B,5,0.0,0
12,0.25,111.07493309545049,1121,B,5,0.0,0
13,0.27,118.70962850644428,1319,B,5,189.5375284306293,1
14,0.29000000000000004,120.15913555992141,1527,B,5,0.0,0
15,0.31,114.44604731679169,1733,B,5,144.25851125216388,1
16,0.33,97.28430353430353,1924,B,5,0.0,0
17,0.35,112.73864168618267,2135,B,5,117.09601873536302,1
18,0.37,123.31334202520644,2301,B,5,108.64841373315949,1
19,0.39,105.28267103646047,2441,B,5,0.0,0
20,0.41000000000000003,108.79259570887673,2377,B,5,210.34917963819944,2
21,0.43,109.86489201406329,1991,B,5,251.13008538422906,2
22,0.45,109.39001189060642,1682,B,5,148.63258026159335,1
23,0.47,112.08366308648954,1769,B,5,141.32278123233465,1
24,0.49,105.4589133363269,2227,B,5,0.0,0
25,0.51,107.67738047408598,2489,B,5,200.88388911209321,2
26,0.53,105.42212189616252,2658,B,5,94.05568096313019,1
27,0.55,106.01616960114984,2783,B,5,89.8311174991017,1
28,0.5700000000000001,117.692601597777,2879,B,5,260.5071205279611,3
29,0.59,117.8843537414966,2940,B,5,170.06802721088437,2
30,0.61,120.88704869161974,3019,B,5,248.4266313348791,3
31,0.63,118.48354352506921,3251,B,5,307.59766225776684,4
32,0.65,109.46949261400128,3114,B,5,160.56518946692358,2
33,0.67,97.47561919504643,2584,B,5,290.24767801857587,3
34,0.69,94.62880067567568,2368,B,5,105.57432432432432,1
35,0.71,100.05986696230599,2255,B,5,110.86474501108647,1
36,0.73,109.15318572074108,2213,B,5,338.9064618165387,3
37,0.75,113.79550664832645,2181,B,5,229.2526364053187,2
38,0.77,104.72534913245875,2363,B,5,317.3931443080829,3
39,0.79,96.32237979937737,2891,B,5,86.47526807333104,1
40,0.81,98.76650514839491,3302,B,5,227.13506965475472,3
41,0.83,102.14060446780552,3805,B,5,262.8120893561104,4
42,0.85,105.56945358788677,4557,B,5,164.5819618169849,3
43,0.87,105.46052861893926,5713,B,5,218.79922982671104,5
44,0.89,103.23282269073259,6593,B,5,151.67602002123465,4
45,0.91,99.74283363050336,7291,B,5,240.0219448635304,7
46,0.9299999999999999,95.1604384653712,8028,B,5,186.84603886397608,6
47,0.95,99.83959122746585,8709,B,5,287.05936387644965,10
48,0.97,105.73975776724592,9495,B,5,236.96682464454977,9
49,0.99,108.98503283120895,10356,B,5,434.5307068366165,18
0,0.01,122.93315508021391,1122,B,6,222.81639928698752,1
1,0.03,125.06519797558798,3359,B,6,446.56147662994937,6
2,0.05,122.71754636233952,5608,B,6,178.3166904422254,4
3,0.07,122.02448355011477,7842,B,6,318.79622545269063,10
4,0.09,122.59108469539376,10095,B,6,297.1768202080238,12
5,0.11,121.22962662337662,12320,B,6,405.84415584415586,20
6,0.13,122.00164620344331,14579,B,6,342.9590506893477,20
7,0.15000000000000002,121.64872909101732,16799,B,6,342.2822787070659,23
8,0.16999999999999998,122.64964576226713,19055,B,6,354.2377328785096,27
9,0.19,124.06173708920188,21300,B,6,422.53521126760563,36
10,0.21000000000000002,123.4983642775205,23537,B,6,477.9708543994562,45
11,0.22999999999999998,121.35407533848004,25777,B,6,484.92842456453434,50
12,0.25,120.7215320910973,28014,B,6,455.12957806810886,51
13,0.27,122.34154476108708,30283,B,6,445.79467027705317,54
14,0.29000000000000004,119.55934969362934,32477,B,6,315.6079687163223,41
15,0.31,117.62179118222632,34748,B,6,381.31691032577413,53
16,0.33,117.68126283922587,36996,B,6,418.96421234728075,62
17,0.35,117.28087882958658,39234,B,6,420.55360146811444,66
18,0.37,118.74945113271731,41449,B,6,488.55219667543247,81
19,0.39,118.6682906745351,43719,B,6,360.25526658889726,63
20,0.41000000000000003,119.36679645863697,45971,B,6,391.55119531878796,72
21,0.43,120.08220912373916,48182,B,6,383.96081524220665,74
22,0.45,121.37942249722354,50424,B,6,416.4683484055212,84
23,0.47,118.40535666831175,52682,B,6,417.59993925819066,88
24,0.49,114.9358761948111,54925,B,6,418.7528447883478,92
25,0.51,115.38431104808922,57123,B,6,376.38079232533306,86
26,0.53,113.62126184345601,59421,B,6,399.6903451641676,95
27,0.55,113.74781057411612,61660,B,6,389.2312682452157,96
28,0.5700000000000001,113.77603832365327,63877,B,6,356.15323199273604,91
29,0.59,114.50623109497883,66120,B,6,431.0344827586207,114
30,0.61,112.04489419885059,68383,B,6,365.58793852273226,100
31,0.63,113.96459324722412,70608,B,6,410.7183322003173,116
32,0.65,114.61931638720664,72819,B,6,411.9803897334487,120
33,0.67,115.32045281811273,74997,B,6,466.6853340800299,140
34,0.69,116.25722740723879,74681,B,6,441.87946063925233,132
35,0.71,116.71079307493264,74974,B,6,470.16298983647664,141
36,0.73,118.42795241576394,75235,B,6,448.5944042001728,135
37,0.75,119.77334490521005,73742,B,6,501.7493423015378,148
38,0.77,119.35202671888833,74554,B,6,486.22474984574944,145
39,0.79,120.4592644753275,75266,B,6,478.30361650678924,144
40,0.81,119.63737899225013,74582,B,6,492.74623903891023,147
41,0.83,118.96592264666118,75446,B,6,470.5352172414707,142
42,0.85,118.02583959317484,77478,B,6,435.6075272980718,135
43,0.87,114.43127222811506,80135,B,6,436.76296250077996,140
44,0.89,111.04390220179694,82251,B,6,364.73720684247,120
45,0.91,111.11120045407246,84568,B,6,375.4375177372056,127
46,0.9299999999999999,115.31552416985876,85106,B,6,387.751744882852,132
47,0.95,117.9738317540486,86326,B,6,324.3518754488798,112
48,0.97,121.10503556811538,82096,B,6,338.0189046969402,111
49,0.99,118.0508152626033,72124,B,6,266.90144750707117,77
0,0.01,,0,B,7,0.0,0
1,0.03,,0,B,7,0.0,0
2,0.05,105.41975308641975,81,B,7,0.0,0
3,0.07,105.56535433070866,635,B,7,0.0,0
4,0.09,103.8709090909091,1100,B,7,0.0,0
5,0.11,99.1829573934837,1197,B,7,208.85547201336675,1
6,0.13,95.90287769784173,1390,B,7,539.568345323741,3
7,0.15000000000000002,88.43353293413173,1670,B,7,149.70059880239523,1
8,0.16999999999999998,84.50394477317555,2028,B,7,0.0,0
9,0.19,90.68542676108834,2683,B,7,465.89638464405516,5
10,0.21000000000000002,93.4567172568859,3558,B,7,70.26419336706014,1
11,0.22999999999999998,105.68362201271651,4561,B,7,219.25016443762334,4
12,0.25,116.56765806578689,5077,B,7,246.20839078195786,5
13,0.27,106.35569358178054,4830,B,7,103.51966873706004,2
14,0.29000000000000004,115.10435178856231,4389,B,7,56.96058327637275,1
15,0.31,123.23642333922707,3959,B,7,189.44177822682497,3
16,0.33,122.90489776509747,4206,B,7,297.19448407037567,5
17,0.35,126.35758746512127,4659,B,7,321.9575016097875,6
18,0.37,125.29036144578313,4980,B,7,251.00401606425703,5
19,0.39,119.07268031728464,5421,B,7,368.9356207341819,8
20,0.41000000000000003,111.17252987712506,5941,B,7,336.64366268304997,8
21,0.43,114.20855057351407,6713,B,7,297.92939073439595,8
22,0.45,118.99110081677435,8203,B,7,243.8132390588809,8
23,0.47,114.762931875854,10246,B,7,341.59672067148153,14
24,0.49,119.89205464677332,11126,B,7,247.1687938162862,11
25,0.51,121.70826278360988,11812,B,7,317.4737555028784,15
26,0.53,120.07985098801426,12348,B,7,242.95432458697766,12
27,0.55,121.03348178781613,12574,B,7,218.70526483219342,11
28,0.5700000000000001,123.42999228328904,11663,B,7,257.22369887678985,12
29,0.59,124.59892211404728,11504,B,7,304.24200278164113,14
30,0.61,123.5693393418927,11761,B,7,233.82365445115212,11
31,0.63,122.80734173019556,12068,B,7,227.87537288697385,11
32,0.65,118.49698140545762,12423,B,7,342.1073814698543,17
33,0.67,115.94013510365711,12879,B,7,252.34878484354377,13
34,0.69,117.23886213124624,13288,B,7,376.2793497892836,20
35,0.71,117.27164895939455,13742,B,7,382.04045990394417,21
36,0.73,116.9511461605293,14963,B,7,284.03395041101385,17
37,0.75,118.93669453699628,15907,B,7,471.49053875652226,30
38,0.77,117.18632509043468,16863,B,7,385.4592895688786,26
39,0.79,117.0145391265297,17814,B,7,294.7120242505894,21
40,0.81,115.9022564606895,18303,B,7,327.81511227667596,24
41,0.83,113.37348362855609,18630,B,7,348.8996242619431,26
42,0.85,109.20004195950908,19066,B,7,157.3481590265394,12
43,0.87,107.95696059845262,19517,B,7,217.75887687656916,17
44,0.89,111.36535263621246,20446,B,7,256.7739411131762,21
45,0.91,112.90963775487637,22609,B,7,232.20841257906142,21
46,0.9299999999999999,114.48551210116406,23882,B,7,314.04404991206763,30
47,0.95,117.3056552057721,24809,B,7,282.15566931355556,28
48,0.97,118.95500117490406,25534,B,7,195.81734158377068,20
49,0.99,115.97103867214237,23376,B,7,278.06297056810405,26
0,0.01,,0,B,8,0.0,0
1,0.03,,0,B,8,0.0,0
2,0.05,,0,B,8,0.0,0
3,0.07,,0,B,8,0.0,0
4,0.09,,0,B,8,0.0,0
5,0.11,,0,B,8,0.0,0
6,0.13,,0,B,8,0.0,0
7,0.15000000000000002,,0,B,8,0.0,0
8,0.16999999999999998,,0,B,8,0.0,0
9,0.19,,0,B,8,0.0,0
10,0.21000000000000002,,0,B,8,0.0,0
11,0.22999999999999998,,0,B,8,0.0,0
12,0.25,,0,B,8,0.0,0
13,0.27,,0,B,8,0.0,0
14,0.29000000000000004,,0,B,8,0.0,0
15,0.31,,0,B,8,0.0,0
16,0.33,,0,B,8,0.0,0
17,0.35,,0,B,8,0.0,0
18,0.37,,0,B,8,0.0,0
19,0.39,,0,B,8,0.0,0
20,0.41000000000000003,,0,B,8,0.0,0
21,0.43,,0,B,8,0.0,0
22,0.45,,0,B,8,0.0,0
23,0.47,,0,B,8,0.0,0
24,0.49,,0,B,8,0.0,0
25,0.51,,0,B,8,0.0,0
26,0.53,,0,B,8,0.0,0
27,0.55,,0,B,8,0.0,0
28,0.5700000000000001,,0,B,8,0.0,0
29,0.59,,0,B,8,0.0,0
30,0.61,,0,B,8,0.0,0
31,0.63,,0,B,8,0.0,0
32,0.65,124.07692307692308,26,B,8,0.0,0
33,0.67,112.92277992277992,259,B,8,0.0,0
34,0.69,102.50306748466258,489,B,8,0.0,0
35,0.71,109.12815884476534,554,B,8,451.2635379061372,1
36,0.73,110.59859154929578,568,B,8,440.1408450704226,1
37,0.75,109.03125,576,B,8,434.02777777777777,1
38,0.77,106.2011952191235,502,B,8,0.0,0
39,0.79,111.75055187637969,453,B,8,551.8763796909492,1
40,0.81,108.1711229946524,374,B,8,668.4491978609626,1
41,0.83,108.05730659025788,349,B,8,0.0,0
42,0.85,123.24,300,B,8,1666.6666666666667,2
43,0.87,124.41240875912409,274,B,8,912.4087591240876,1
44,0.89,118.13669064748201,278,B,8,0.0,0
45,0.91,123.44250871080139,287,B,8,871.0801393728224,1
46,0.9299999999999999,117.92581602373888,337,B,8,741.839762611276,1
47,0.95,112.21241050119332,419,B,8,0.0,0
48,0.97,112.02329450915141,601,B,8,831.946755407654,2
49,0.99,103.30315500685872,729,B,8,0.0,0
0,0.01,,0,B,9,0.0,0
1,0.03,,0,B,9,0.0,0
2,0.05,,0,B,9,0.0,0
3,0.07,,0,B,9,0.0,0
4,0.09,,0,B,9,0.0,0
5,0.11,,0,B,9,0.0,0
6,0.13,,0,B,9,0.0,0
7,0.15000000000000002,,0,B,9,0.0,0
8,0.16999999999999998,,0,B,9,0.0,0
9,0.19,,0,B,9,0.0,0
10,0.21000000000000002,,0,B,9,0.0,0
11,0.22999999999999998,,0,B,9,0.0,0
12,0.25,,0,B,9,0.0,0
13,0.27,112.16666666666667,18,B,9,0.0,0
14,0.29000000000000004,121.62307692307692,260,B,9,961.5384615384617,1
15,0.31,121.55434782608695,552,B,9,0.0,0
16,0.33,113.97567567567567,740,B,9,675.6756756756757,2
17,0.35,118.39339019189765,938,B,9,533.0490405117271,2
18,0.37,114.45546921697549,1673,B,9,298.86431560071725,2
19,0.39,113.0714928057554,2224,B,9,562.0503597122303,5
20,0.41000000000000003,116.89444027047332,2662,B,9,563.4861006761834,6
21,0.43,111.48039889958734,2908,B,9,515.818431911967,6
22,0.45,108.36174430128841,3027,B,9,412.9501156260324,5
23,0.47,106.21834061135371,2977,B,9,335.9086328518643,4
24,0.49,106.62632978723404,3008,B,9,415.5585106382979,5
25,0.51,102.88820512820513,2925,B,9,341.88034188034186,4
26,0.53,104.3276955602537,2838,B,9,352.3608174770966,4
27,0.55,109.90093659942363,2776,B,9,540.3458213256484,6
28,0.5700000000000001,104.93883677298311,2665,B,9,375.234521575985,4
29,0.59,97.71894697812384,2697,B,9,185.39117538005192,2
30,0.61,95.38531073446327,2655,B,9,282.4858757062147,3
31,0.63,91.07552758237689,2701,B,9,92.55831173639393,1
32,0.65,89.10089445438282,2795,B,9,89.44543828264759,1
33,0.67,92.25893160939096,2939,B,9,0.0,0
34,0.69,104.38528839922229,3086,B,9,405.0550874918989,5
35,0.71,115.23711980136561,3222,B,9,465.54934823091247,6
36,0.73,117.63471810089021,3370,B,9,222.5519287833828,3
37,0.75,117.67775293460033,3578,B,9,209.6143096702068,3
38,0.77,122.66967044284243,3884,B,9,514.9330587023687,8
39,0.79,131.6622179082747,4121,B,9,363.9893229798593,6
40,0.81,128.49096074380165,3872,B,9,322.8305785123967,5
41,0.83,125.65093102543929,3813,B,9,590.0865460267506,9
42,0.85,124.55893832943013,3843,B,9,390.32006245121005,6
43,0.87,124.04517993170475,3807,B,9,262.6740215392698,4
44,0.89,129.48187351151097,3779,B,9,463.0854723471818,7
45,0.91,124.60203322588643,4033,B,9,371.931564592115,6
46,0.9299999999999999,124.69770313657693,4049,B,9,246.97456162015314,4
47,0.95,126.65690072639225,4130,B,9,544.7941888619855,9
48,0.97,123.24103299856527,4182,B,9,418.4600669536107,7
49,0.99,126.37889570552147,4075,B,9,368.0981595092025,6
0,0.01,,0,B,10,0.0,0
1,0.03,,0,B,10,0.0,0
2,0.05,,0,B,10,0.0,0
3,0.07,,0,B,10,0.0,0
4,0.09,,0,B,10,0.0,0
5,0.11,,0,B,10,0.0,0
6,0.13,,0,B,10,0.0,0
7,0.15000000000000002,,0,B,10,0.0,0
8,0.16999999999999998,,0,B,10,0.0,0
9,0.19,,0,B,10,0.0,0
10,0.21000000000000002,,0,B,10,0.0,0
11,0.22999999999999998,,0,B,10,0.0,0
12,0.25,101.40567951318458,493,B,10,0.0,0
13,0.27,105.22277227722772,1414,B,10,353.60678925035364,2
14,0.29000000000000004,100.16694306246545,1809,B,10,138.19789939192924,1
15,0.31,95.0070453544694,2271,B,10,0.0,0
16,0.33,99.65865724381625,2830,B,10,353.35689045936397,4
17,0.35,90.06854580397182,3122,B,10,160.1537475976938,2
18,0.37,92.01071532001158,3453,B,10,217.2024326672459,3
19,0.39,104.90728831725616,3732,B,10,267.9528403001072,4
20,0.41000000000000003,110.20055922724961,3934,B,10,127.09710218607016,2
21,0.43,114.81805054151624,4155,B,10,180.50541516245488,3
22,0.45,117.85541066117594,4371,B,10,285.9757492564631,5
23,0.47,113.84931506849315,4599,B,10,108.71928680147859,2
24,0.49,116.1748784098118,4729,B,10,264.3264960879679,5
25,0.51,123.92843961451712,4877,B,10,410.08816895632566,8
26,0.53,118.13817891373802,5008,B,10,249.6006389776358,5
27,0.55,110.06003463536656,5197,B,10,96.20935154897057,2
28,0.5700000000000001,115.15964977645305,5368,B,10,186.28912071535024,4
29,0.59,115.84149755073479,5716,B,10,218.68439468159553,5
30,0.61,116.61406414696582,6641,B,10,188.2246649600964,5
31,0.63,109.95295822901568,7589,B,10,197.6544999341152,6
32,0.65,112.89122207300696,8191,B,10,152.60651935050666,5
33,0.67,115.74297703695069,8579,B,10,291.40925515794385,10
34,0.69,116.92498347653668,9078,B,10,110.15642211940957,4
35,0.71,114.33488221309705,9254,B,10,189.10741301059002,7
36,0.73,119.6647209899603,8566,B,10,321.03665654914784,11
37,0.75,120.35356495046742,7167,B,10,244.1746895493233,7
38,0.77,123.5150842945874,6762,B,10,184.85655131617864,5
39,0.79,120.13301626265725,6518,B,10,268.4872660325253,7
40,0.81,126.6737641453246,6716,B,10,372.24538415723646,10
41,0.83,128.9924328954883,7004,B,10,356.93889206167904,10
42,0.85,131.71058344640434,7370,B,10,440.976933514247,13
43,0.87,129.06421188630492,7740,B,10,96.89922480620156,3
44,0.89,131.81802554027504,8144,B,10,306.97445972495086,10
45,0.91,130.86748553206567,8467,B,10,413.3695523798276,14
46,0.9299999999999999,130.59799200901546,9761,B,10,384.1819485708432,15
47,0.95,132.08151326053041,10256,B,10,341.26365054602184,14
48,0.97,127.51711467801199,10342,B,10,241.73274028234388,10
49,0.99,126.91514878268711,11090,B,10,315.5996393146979,14
0,0.01,125.69560185185185,864,B,11,868.0555555555555,3
1,0.03,124.19389725762842,2589,B,11,289.68713789107767,3
2,0.05,125.11260426320668,4316,B,11,579.2400370713624,10
3,0.07,125.62896825396825,6048,B,11,454.69576719576725,11
4,0.09,126.18594775447175,7771,B,11,353.87980954832074,11
5,0.11,125.4554830561987,9502,B,11,368.34350663018313,14
6,0.13,125.85348899385082,11221,B,11,445.5930843953302,20
7,0.15000000000000002,126.19052396018212,12959,B,11,385.8322401419863,20
8,0.16999999999999998,125.63714402507154,14678,B,11,408.7750374710451,24
9,0.19,127.5254175301719,16406,B,11,472.38815067658174,31
10,0.21000000000000002,125.99179018127721,18149,B,11,371.92131797895206,27
11,0.22999999999999998,126.51483253588516,19855,B,11,428.10375220347527,34
12,0.25,126.32737461214282,21593,B,11,393.64608901032744,34
13,0.27,126.67556203878496,23308,B,11,439.7631714432813,41
14,0.29000000000000004,125.26806964299976,25042,B,11,409.31235524319146,41
15,0.31,126.56043627670701,26772,B,11,401.538921261019,43
16,0.33,126.51424461441303,28502,B,11,385.937828924286,44
17,0.35,127.07155380594793,30229,B,11,479.6718383009693,58
18,0.37,126.18059164188449,31945,B,11,477.3830020347472,61
19,0.39,125.0406969840893,33688,B,11,400.7361671811922,54
20,0.41000000000000003,125.63727290707202,35393,B,11,473.2574237843641,67
21,0.43,126.21301058186812,37139,B,11,444.27690567866665,66
22,0.45,125.3226379168382,38864,B,11,463.1535611362701,72
23,0.47,126.85028199886708,40603,B,11,461.7885377927739,75
24,0.49,125.6035558918101,42296,B,11,478.7686778891621,81
25,0.51,124.10631101021566,44050,B,11,437.0034052213394,77
26,0.53,125.09902093622973,45758,B,11,524.498448358757,96
27,0.55,124.43714213539913,47504,B,11,473.6443246884473,90
28,0.5700000000000001,124.58254616369065,49227,B,11,518.008410018892,102
29,0.59,123.27897164164459,50955,B,11,367.9717397703856,75
30,0.61,123.94110389856888,52686,B,11,512.4701059104885,108
31,0.63,123.47191217843812,54383,B,11,464.2995053601309,101
32,0.65,122.76084362029961,56139,B,11,405.2441261867864,91
33,0.67,122.26936771874028,57854,B,11,384.5887924776161,89
34,0.69,121.36966991659814,59591,B,11,427.916967327281,102
35,0.71,121.36972405244961,61316,B,11,407.72392197795034,100
36,0.73,122.45727065093263,63048,B,11,416.34944803958894,105
37,0.75,124.00785894050983,64767,B,11,497.9387651118626,129
38,0.77,124.8642393069843,66492,B,11,402.3040365758287,107
39,0.79,124.89756855388313,68231,B,11,458.00296053113686,125
40,0.81,121.51810071201852,69942,B,11,375.3109719481857,105
41,0.83,120.26755670879719,71682,B,11,411.5398565888229,118
42,0.85,118.81516245487364,73405,B,11,347.3877801239698,102
43,0.87,120.4616183263008,75127,B,11,339.42523992705685,102
44,0.89,126.67589544762623,76861,B,11,338.2729862999441,104
45,0.91,132.08936278566426,78545,B,11,286.4599910879114,90
46,0.9299999999999999,134.44325665372077,76987,B,11,246.7949134269422,76
47,0.95,135.46173907799923,66334,B,11,271.35405674314836,72
48,0.97,135.501378159794,55146,B,11,262.9383817502629,58
49,0.99,139.1547007089434,41047,B,11,274.07605915170416,45
0,0.01,132.58425720620843,902,B,12,831.4855875831487,3
1,0.03,123.43479867011452,2707,B,12,369.4126339120798,4
2,0.05,123.26979212737727,4522,B,12,276.4263600176913,5
3,0.07,123.5956102952787,6333,B,12,157.9030475288173,4
4,0.09,126.4518746158574,8135,B,12,430.239704978488,14
5,0.11,125.93166515928047,9951,B,12,376.84654808561953,15
6,0.13,122.29948979591836,11760,B,12,276.3605442176871,13
7,0.15000000000000002,124.4630298562477,13565,B,12,368.5956505713233,20
8,0.16999999999999998,124.12150565596151,15382,B,12,308.80249642439213,19
9,0.19,124.7907355679702,17184,B,12,349.1620111731844,24
10,0.21000000000000002,128.89354533010425,18994,B,12,394.8615352216489,30
11,0.22999999999999998,128.03431867339583,20805,B,12,348.4739245373708,29
12,0.25,127.06591170485711,22606,B,12,475.53746792886847,43
13,0.27,125.61572785328312,24428,B,12,347.9613558211888,34
14,0.29000000000000004,125.36431538432224,26241,B,12,314.39350634503256,33
15,0.31,125.00973748038237,28036,B,12,338.85004993579685,38
16,0.33,127.39018261015245,29845,B,12,293.18143742670463,35
17,0.35,127.68423878711307,31660,B,12,355.33796588755524,45
18,0.37,127.34387422661925,33457,B,12,328.78022536389994,44
19,0.39,126.36266507963498,35286,B,12,318.82332936575415,45
20,0.41000000000000003,127.2253646437141,37091,B,12,370.70987571108896,55
21,0.43,126.07686371353604,38874,B,12,437.3102845089263,68
22,0.45,125.459201218314,40712,B,12,368.44173707997646,60
23,0.47,126.31886206409713,42498,B,12,417.6667137277048,71
24,0.49,126.47872196398754,44318,B,12,400.5144636490817,71
25,0.51,126.96975609756097,46125,B,12,379.4037940379404,70
26,0.53,127.58160881174899,47936,B,12,427.6535380507343,82
27,0.55,126.76078912440173,49726,B,12,427.34183324618914,85
28,0.5700000000000001,127.13909147334937,51556,B,12,446.11684382031194,92
29,0.59,124.45558304284269,53358,B,12,440.42130514636983,94
30,0.61,124.59857508021972,55161,B,12,444.1543844382807,98
31,0.63,124.05754789809811,56996,B,12,456.17236297284023,104
32,0.65,121.8834218048183,58776,B,12,408.32993058391185,96
33,0.67,122.87694516411162,60599,B,12,503.30863545603063,122
34,0.69,121.97568949215558,62401,B,12,440.698065736126,110
35,0.71,122.49397327685551,64214,B,12,474.97430466876386,122
36,0.73,123.47077710633529,66027,B,12,484.6502188498644,128
37,0.75,124.92044215180546,67850,B,12,493.73618275607964,134
38,0.77,123.22111656758852,69642,B,12,366.1583527181873,102
39,0.79,123.69196316098872,71446,B,12,388.40522912409375,111
40,0.81,121.45106307486559,73278,B,12,337.7548513878654,99
41,0.83,120.37857675707359,75068,B,12,319.71012948260244,96
42,0.85,121.34833155608729,76898,B,12,312.1017451689251,96
43,0.87,124.34372379088622,78694,B,12,279.56388034665923,88
44,0.89,129.89532731180657,80489,B,12,273.32927480773776,88
45,0.91,133.9863891707293,80818,B,12,365.01769407805193,118
46,0.9299999999999999,133.69415387882972,75332,B,12,285.4032814740084,86
47,0.95,131.99222363325651,63783,B,12,270.4482385588637,69
48,0.97,132.09769416374886,55121,B,12,267.5931133324867,59
49,0.99,133.24558180227473,45720,B,12,273.40332458442697,50
0,0.01,123.12210012210012,819,B,13,0.0,0
1,0.03,125.99918566775244,2456,B,13,508.95765472312706,5
2,0.05,127.48839482042511,4093,B,13,366.47935499633525,6
3,0.07,124.43401810584959,5744,B,13,217.6183844011142,5
4,0.09,125.6007599402904,7369,B,13,373.1849640385398,11
5,0.11,124.39877913429522,9010,B,13,249.72253052164265,9
6,0.13,123.76014656144307,10644,B,13,258.36151822623077,11
7,0.15000000000000002,125.31383238405208,12290,B,13,325.4678600488202,16
8,0.16999999999999998,124.82185478073329,13910,B,13,323.5082674335011,18
9,0.19,125.87608402389671,15567,B,13,305.1326524057301,19
10,0.21000000000000002,126.17296511627907,17200,B,13,319.7674418604651,22
11,0.22999999999999998,125.09127573763533,18844,B,13,265.33644661430696,20
12,0.25,123.59168334228123,20489,B,13,329.44506808531406,27
13,0.27,123.16964649436473,22093,B,13,215.00022631602772,19
14,0.29000000000000004,122.9735656859031,23757,B,13,294.64999789535716,28
15,0.31,121.6541720862402,25371,B,13,344.881951834772,35
16,0.33,121.20488833012868,27044,B,13,323.54681260168616,35
17,0.35,122.53093826299268,28670,B,13,305.197070108127,35
18,0.37,121.6038016038016,30303,B,13,272.25027225027225,33
19,0.39,123.02434673759974,31955,B,13,359.88108277264905,46
20,0.41000000000000003,121.83618814978105,33569,B,13,357.4726682355745,48
21,0.43,121.47496025437202,35224,B,13,283.89734272087213,40
22,0.45,120.69902859933792,36854,B,13,312.04211211808763,46
23,0.47,121.0002338208932,38491,B,13,253.30596762879637,39
24,0.49,120.76138401753687,40144,B,13,317.6066161817457,51
25,0.51,119.3281294895125,41764,B,13,353.1749832391534,59
26,0.53,119.53146160578562,43418,B,13,259.10912524759317,45
27,0.55,123.15381028510525,45036,B,13,283.1068478550493,51
28,0.5700000000000001,122.40608125482129,46668,B,13,332.13336761806806,62
29,0.59,123.11384418056187,48338,B,13,320.6586950225496,62
30,0.61,121.49617740063243,49966,B,13,350.2381619501261,70
31,0.63,120.66128813559322,51625,B,13,382.5665859564165,79
32,0.65,119.17856874389236,53212,B,13,328.8731864992859,70
33,0.67,121.99322194486453,54883,B,13,423.628445966875,93
34,0.69,122.7465127805707,56492,B,13,469.0929689159527,106
35,0.71,123.00957472410356,58174,B,13,421.15034207721664,98
36,0.73,125.71681134694833,59787,B,13,413.9695920517838,99
37,0.75,124.7834955881874,61426,B,13,419.203594569075,103
38,0.77,125.7563013220887,63082,B,13,443.86671316698903,112
39,0.79,125.92508077856624,64683,B,13,413.55533911537816,107
40,0.81,126.81452402839102,66359,B,13,369.2038758872195,98
41,0.83,124.68143376134374,67989,B,13,319.90469046463403,87
42,0.85,125.71783344345178,69622,B,13,323.17370945965354,90
43,0.87,129.26297872340425,69325,B,13,281.28380815001805,78
44,0.89,130.51809937906697,67157,B,13,271.751269413464,73
45,0.91,133.6267827037864,65841,B,13,265.79183183730504,70
46,0.9299999999999999,131.59400714174816,57969,B,13,306.1981403853784,71
47,0.95,131.41075457020614,51420,B,13,272.2676001555815,56
48,0.97,131.9793934600254,48043,B,13,254.9799138271965,49
49,0.99,131.94444048043763,42045,B,13,303.24652158401716,51
0,0.01,132.8058361391695,891,B,14,0.0,0
1,0.03,135.76574212893553,2668,B,14,468.5157421289356,5
2,0.05,134.05252479711453,4436,B,14,507.2137060414788,9
3,0.07,133.88976377952756,6223,B,14,401.7354973485458,10
4,0.09,132.3009114745911,8009,B,14,249.71906605069296,8
5,0.11,132.4642126789366,9780,B,14,306.7484662576687,12
6,0.13,132.0573380610568,11563,B,14,281.0689267491136,13
7,0.15000000000000002,131.80057022809123,13328,B,14,356.3925570228091,19
8,0.16999999999999998,128.24557800596224,15095,B,14,331.2355084465055,20
9,0.19,133.21313609467455,16900,B,14,355.0295857988166,24
10,0.21000000000000002,136.7769271948608,18680,B,14,388.11563169164884,29
11,0.22999999999999998,132.8226579307647,20452,B,14,391.1597887737141,32
12,0.25,135.62726822459362,22209,B,14,450.26790940609663,40
13,0.27,136.18030669222435,23998,B,14,395.86632219351617,38
14,0.29000000000000004,137.2105732681716,25782,B,14,397.5641920719882,41
15,0.31,138.2588252367304,27563,B,14,462.5766426005878,51
16,0.33,137.72424128887224,29359,B,14,289.51939779965255,34
17,0.35,136.51620787239517,31096,B,14,426.099819912529,53
18,0.37,134.42655684891955,32903,B,14,319.11983709692123,42
19,0.39,134.5990821981067,34648,B,14,404.0637266220273,56
20,0.41000000000000003,133.42365951374788,36442,B,14,294.98929806267495,43
21,0.43,133.85019078981756,38262,B,14,346.2965866917569,53
22,0.45,132.54300860172035,39992,B,14,293.80876175235045,47
23,0.47,132.42248869103182,41781,B,14,341.06412005457025,57
24,0.49,130.1375763420122,43554,B,14,338.6600541856087,59
25,0.51,129.97423226261913,45328,B,14,336.4366396046594,61
26,0.53,128.2438889831947,47128,B,14,350.110337803429,66
27,0.55,128.70279112565177,48905,B,14,398.7322359676925,78
28,0.5700000000000001,127.79380649745391,50666,B,14,360.2021079224727,73
29,0.59,127.41320470534403,52451,B,14,305.0466149358449,64
30,0.61,125.89898915369291,54212,B,14,387.3681103814654,84
31,0.63,127.40884412058865,55992,B,14,366.1237319617088,82
32,0.65,127.30338613724405,57824,B,14,402.0821804095185,93
33,0.67,127.53568310048361,59552,B,14,394.6131112305212,94
34,0.69,127.71670279874162,61349,B,14,383.05432851391225,94
35,0.71,127.97182562948643,63107,B,14,411.9986689273773,104
36,0.73,128.0096038230307,64870,B,14,389.24001849853556,101
37,0.75,128.87903600725843,66681,B,14,378.6685862539555,101
38,0.77,129.40250332267158,68469,B,14,361.477456951321,99
39,0.79,130.38188443963614,70249,B,14,352.31818246523085,99
40,0.81,129.045577003194,72010,B,14,312.4566032495487,90
41,0.83,128.0956597198682,73751,B,14,284.7419018047213,84
42,0.85,124.21002130785214,75559,B,14,238.22443388610225,72
43,0.87,125.30908855850032,77350,B,14,316.7420814479638,98
44,0.89,127.26171766429997,79154,B,14,331.6320084897794,105
45,0.91,134.79895435500018,80907,B,14,265.7372044446093,86
46,0.9299999999999999,138.1069885391405,81233,B,14,270.8258958797533,88
47,0.95,141.1880202160557,73407,B,14,316.7272875883771,93
48,0.97,141.55270260671924,56316,B,14,230.84025854108958,52
49,0.99,144.50866639932272,44886,B,14,256.2046072271978,46
0,0.01,132.84769038701623,801,B,15,0.0,0
1,0.03,133.59832985386223,2395,B,15,626.3048016701462,6
2,0.05,134.2555527826304,4007,B,15,436.73571250311954,7
3,0.07,136.67619728377412,5596,B,15,446.7476769120801,10
4,0.09,132.32986111111111,7200,B,15,381.94444444444446,11
5,0.11,135.98886743155742,8803,B,15,283.9940929228672,10
6,0.13,133.26759615384614,10400,B,15,384.61538461538464,16
7,0.15000000000000002,135.24291666666667,12000,B,15,291.6666666666667,14
8,0.16999999999999998,134.61644238546953,13599,B,15,349.2903889991911,19
9,0.19,136.67659043112513,15216,B,15,410.751840168244,25
10,0.21000000000000002,135.15666309396212,16794,B,15,342.38418482791474,23
11,0.22999999999999998,134.153461580263,18402,B,15,271.7095967829584,20
12,0.25,133.71799230115482,20003,B,15,337.44938259261113,27
13,0.27,136.04599509509046,21611,B,15,358.613668964879,31
14,0.29000000000000004,134.45820580247445,23197,B,15,344.8721817476398,32
15,0.31,137.26591156435165,24809,B,15,463.54145672941274,46
16,0.33,136.18079181663194,26395,B,15,350.44516006819475,37
17,0.35,139.02342940819315,27999,B,15,446.444515875567,50
18,0.37,136.83470711438417,29602,B,15,320.92426187419767,38
19,0.39,136.22006088767824,31205,B,15,320.4614645088928,40
20,0.41000000000000003,137.70034758216966,32798,B,15,373.4983840478078,49
21,0.43,136.39380376656592,34408,B,15,326.95884677981866,45
22,0.45,136.94182333175974,36011,B,15,367.9431284885174,53
23,0.47,137.28745811393011,37602,B,15,359.02345619913837,54
24,0.49,137.38320879345082,39211,B,15,357.04266659865857,56
25,0.51,135.00524496948603,40801,B,15,343.1288448812529,56
26,0.53,134.0133748496214,42393,B,15,294.860000471776,50
27,0.55,135.98345717726724,44007,B,15,329.4930351989456,58
28,0.5700000000000001,136.3606410031568,45616,B,15,323.35145562960366,59
29,0.59,134.74942255938632,47191,B,15,376.1310419359624,71
30,0.61,134.61201737847364,48796,B,15,348.3892122305107,68
31,0.63,133.58884084417645,50416,B,15,361.9882576959696,73
32,0.65,134.5334205061149,52004,B,15,389.3931236058765,81
33,0.67,134.28628460562643,53604,B,15,401.08947093500484,86
34,0.69,133.77017238881646,55224,B,15,371.21541358829495,82
35,0.71,134.8256690140845,56800,B,15,396.1267605633803,90
36,0.73,133.56291413406387,58405,B,15,402.3628114031333,94
37,0.75,133.98712353411514,60032,B,15,370.63566098081026,89
38,0.77,133.34501566482152,61603,B,15,369.3001964190056,91
39,0.79,130.82408052161801,63188,B,15,403.5576375261126,102
40,0.81,129.55872687720813,64817,B,15,401.1293333539041,104
41,0.83,130.39732277299282,66412,B,15,383.9667529964464,102
42,0.85,135.9875435680986,67997,B,15,437.51930232216125,119
43,0.87,139.9226795197414,69296,B,15,360.77118448395294,100
44,0.89,142.82103857566764,67400,B,15,408.0118694362018,110
45,0.91,140.27340277428337,59619,B,15,389.97634982136566,93
46,0.9299999999999999,140.90098001074492,53979,B,15,375.1458900683599,81
47,0.95,142.8818403908795,49120,B,15,452.9723127035831,89
48,0.97,143.02907795178604,45464,B,15,368.4233679394686,67
49,0.99,143.11073950204386,40365,B,15,346.8351294438251,56
0,0.01,129.62226847034339,961,B,16,520.2913631633716,2
1,0.03,130.0987951807229,2905,B,16,344.2340791738382,4
2,0.05,130.79966784305586,4817,B,16,311.3971351463567,6
3,0.07,129.45528696425924,6743,B,16,370.7548568886252,10
4,0.09,129.96647079156585,8679,B,16,345.66194262011754,12
5,0.11,127.6387814769405,10603,B,16,282.93879090823356,12
6,0.13,127.70678668153576,12554,B,16,358.4514895650789,18
7,0.15000000000000002,126.79575321621247,14458,B,16,380.41222852400057,22
8,0.16999999999999998,127.93083257090576,16395,B,16,335.4681305275999,22
9,0.19,128.6226446010159,18309,B,16,382.3256322027419,28
10,0.21000000000000002,127.22851504686729,20270,B,16,468.67291563887517,38
11,0.22999999999999998,126.65597799125062,22173,B,16,383.3491182970279,34
12,0.25,126.39951071858026,24117,B,16,445.74366629348594,43
13,0.27,125.89051150993429,26021,B,16,403.52023365743054,42
14,0.29000000000000004,126.00628795998571,27990,B,16,446.58806716684535,50
15,0.31,124.94803629423778,29867,B,16,435.26299929688287,52
16,0.33,123.64026879356905,31846,B,16,439.6156503171513,56
17,0.35,125.17478577993892,33727,B,16,481.80982595546595,65
18,0.37,123.97801674647847,35709,B,16,392.058024587639,56
19,0.39,122.84879112695162,37597,B,16,379.01960262786923,57
20,0.41000000000000003,123.50530866070075,39558,B,16,436.06855756104966,69
21,0.43,123.53109759041962,41418,B,16,434.593654932638,72
22,0.45,123.83972735227744,43426,B,16,500.8520241330079,87
23,0.47,123.7470541506686,45318,B,16,524.0743192550422,95
24,0.49,122.78014799154334,47300,B,16,480.97251585623684,91
25,0.51,122.41204966415631,49130,B,16,401.9947079177692,79
26,0.53,121.2409551374819,51134,B,16,386.2400750968045,79
27,0.55,120.84158901422266,53014,B,16,424.41619194929643,90
28,0.5700000000000001,121.81403763978544,54995,B,16,422.7657059732703,93
29,0.59,121.35800407761529,56896,B,16,443.79218222722164,101
30,0.61,120.7504420265216,58820,B,16,340.02040122407345,80
31,0.63,121.12731462431076,60755,B,16,436.1780923380792,106
32,0.65,119.8851425744786,62669,B,16,438.8134484354306,110
33,0.67,121.49215680207914,64642,B,16,464.0945515299651,120
34,0.69,120.46286186931349,66495,B,16,484.9988720956463,129
35,0.71,120.26803852889667,68520,B,16,481.61120840630474,132
36,0.73,118.41772655572767,70369,B,16,429.876792337535,121
37,0.75,118.04070321894048,72353,B,16,504.4711345763134,146
38,0.77,119.93381481082247,74216,B,16,532.2302468470411,158
39,0.79,120.65680473372781,76219,B,16,501.84337238746247,153
40,0.81,117.74595550090305,78069,B,16,521.974151071488,163
41,0.83,112.0925479718848,80099,B,16,471.2917764266721,151
42,0.85,110.74343542854352,81917,B,16,454.7285667199727,149
43,0.87,115.95193510345567,83949,B,16,363.3158227018785,122
44,0.89,121.15628424218404,85786,B,16,367.19278203902735,126
45,0.91,116.81435488464825,87775,B,16,293.36371404158365,103
46,0.9299999999999999,117.284754516059,87521,B,16,274.21990150935204,96
47,0.95,118.39429679395346,80972,B,16,234.6490144741392,76
48,0.97,119.29057259088935,62191,B,16,200.99371291665997,50
49,0.99,122.99376193224704,45046,B,16,166.4964702748302,30
0,0.01,124.73535564853556,956,B,17,523.0125523012553,2
1,0.03,124.64356087262492,2842,B,17,351.8648838845883,4
2,0.05,127.07360672975815,4755,B,17,368.0336487907466,7
3,0.07,127.39567697388172,6662,B,17,337.7364154908436,9
4,0.09,128.26640926640925,8547,B,17,351.00035100035103,12
5,0.11,130.0616222413299,10467,B,17,358.26884494124397,15
6,0.13,129.5239329391755,12347,B,17,323.96533570907917,16
7,0.15000000000000002,126.75993551552534,14267,B,17,385.50501156515037,22
8,0.16999999999999998,127.81955352173644,16171,B,17,432.8736627295777,28
9,0.19,126.65057369325426,18041,B,17,346.433124549637,25
10,0.21000000000000002,124.85388424791157,19991,B,17,275.1238057125707,22
11,0.22999999999999998,125.27149528431462,21842,B,17,434.94185514147057,38
12,0.25,123.4747938057566,23764,B,17,389.24423497727656,37
13,0.27,124.10537793527786,25679,B,17,477.04349857860507,49
14,0.29000000000000004,123.27563055706769,27555,B,17,399.2015968063872,44
15,0.31,121.34240954867586,29491,B,17,398.4266386355159,47
16,0.33,122.44077583181803,31347,B,17,438.6384662009124,55
17,0.35,122.69623219758428,33282,B,17,420.6477976083168,56
18,0.37,119.26042229105687,35189,B,17,369.43362982750295,52
19,0.39,119.18245377243892,37045,B,17,425.15859090295584,63
20,0.41000000000000003,118.72924196980183,39009,B,17,384.5266476966854,60
21,0.43,118.6461086637298,40860,B,17,373.22564855604503,61
22,0.45,117.93017981153693,42767,B,17,391.65711880655647,67
23,0.47,116.90216297224148,44707,B,17,369.06972062540547,66
24,0.49,116.6704699284471,46539,B,17,376.0287071058682,70
25,0.51,116.44368417798479,48521,B,17,360.66857649265273,70
26,0.53,116.42029589911627,50355,B,17,382.28577102571745,77
27,0.55,116.89463718777493,52286,B,17,377.7301763378342,79
28,0.5700000000000001,117.6891630248382,54231,B,17,350.3531190647416,76
29,0.59,117.59936829707883,56039,B,17,477.34613394243297,107
30,0.61,117.31052667861574,58024,B,17,417.9305115124776,97
31,0.63,117.08562839248434,59875,B,17,405.01043841336116,97
32,0.65,118.74584338422186,61769,B,17,477.5858440317959,118
33,0.67,118.93458339871331,63730,B,17,486.42711438882793,124
34,0.69,117.85437900518767,65540,B,17,503.50930729325603,132
35,0.71,117.77474316842822,67554,B,17,503.30106285342094,136
36,0.73,118.0071065111787,69373,B,17,497.3116342092746,138
37,0.75,117.26887785167102,71274,B,17,501.585430872408,143
38,0.77,117.70969459500047,73247,B,17,563.1629964367141,165
39,0.79,117.06635399456377,75052,B,17,542.9568832276289,163
40,0.81,116.29823582101177,77033,B,17,541.9755169862267,167
41,0.83,114.32541573717299,78896,B,17,472.1405394443318,149
42,0.85,111.03646987459612,80779,B,17,414.71174438901204,134
43,0.87,110.92704116772798,82759,B,17,368.53997752510304,122
44,0.89,111.59572731466695,84537,B,17,307.55763748417854,104
45,0.91,119.85024785366812,86543,B,17,314.8723755820806,109
46,0.9299999999999999,122.5077714311722,87886,B,17,264.54725439774256,93
47,0.95,127.73821652900737,80876,B,17,185.46911321034673,60
48,0.97,130.3933781398086,64574,B,17,236.16316164400536,61
49,0.99,128.09019530219055,45468,B,17,170.44954693410753,31
0,0.01,133.4227027027027,925,B,18,540.5405405405406,2
1,0.03,135.1985533453888,2765,B,18,180.83182640144668,2
2,0.05,132.86379385015158,4618,B,18,108.27197921177999,2
3,0.07,131.99984534488092,6466,B,18,270.64645839777296,7
4,0.09,129.22111218103032,8308,B,18,361.0977371208474,12
5,0.11,127.51087705482823,10159,B,18,221.47849197755684,9
6,0.13,129.46477348434377,12008,B,18,166.55562958027983,8
7,0.15000000000000002,130.19580773400796,13835,B,18,252.9815684857246,14
8,0.16999999999999998,128.93216128415824,15699,B,18,270.71788011975286,17
9,0.19,129.7478201401949,17547,B,18,299.19644383655327,21
10,0.21000000000000002,131.19314722121885,19379,B,18,438.6191237937974,34
11,0.22999999999999998,129.59141000282565,21234,B,18,247.2449844588867,21
12,0.25,129.9047742717396,23103,B,18,313.8120590399515,29
13,0.27,127.9104735152488,24920,B,18,300.9630818619583,30
14,0.29000000000000004,126.74815922257523,26755,B,18,308.35357877032334,33
15,0.31,126.60544336524352,28622,B,18,410.5233736286773,47
16,0.33,127.62863519989496,30466,B,18,410.29344186962516,50
17,0.35,126.75896753427625,32311,B,18,417.8143666243694,54
18,0.37,125.85417032484635,34170,B,18,417.0324846356453,57
19,0.39,124.64310502790194,36019,B,18,367.8614064799134,53
20,0.41000000000000003,123.43940795559666,37835,B,18,310.55900621118013,47
21,0.43,123.24075146692185,39709,B,18,377.74811755521415,60
22,0.45,122.95769323380689,41530,B,18,415.3623886347219,69
23,0.47,122.76720442498271,43390,B,18,397.5570407928094,69
24,0.49,123.90607319660538,45248,B,18,419.90806223479495,76
25,0.51,123.01828491335372,47088,B,18,387.5722052327557,73
26,0.53,122.24739508846484,48946,B,18,357.5368773750664,70
27,0.55,123.04115307368173,50786,B,18,403.65455046666403,82
28,0.5700000000000001,122.63925855513308,52600,B,18,442.0152091254753,93
29,0.59,123.74337453396757,54449,B,18,422.4136347774982,92
30,0.61,123.23956484702208,56348,B,18,443.67147014978354,100
31,0.63,121.0479391990646,58157,B,18,399.7799061162027,93
32,0.65,120.70376912053854,60014,B,18,479.0548871929883,115
33,0.67,121.75649812491918,61864,B,18,440.48234837708526,109
34,0.69,119.01965370547698,63703,B,18,396.3706575828454,101
35,0.71,118.46950986827042,65513,B,18,507.5328560743669,133
36,0.73,117.88593251761216,67425,B,18,478.3092324805339,129
37,0.75,117.30225976463794,69255,B,18,487.3294346978558,135
38,0.77,118.39139001083637,71057,B,18,496.0806113401917,141
39,0.79,116.1537491432488,72950,B,18,503.7697052775874,147
40,0.81,114.88732337882819,74807,B,18,528.0254521635676,158
41,0.83,114.59353912419239,76615,B,18,512.3017685831757,157
42,0.85,115.1636827014973,78475,B,18,465.1162790697674,146
43,0.87,112.12721002041934,80316,B,18,379.74998754918073,122
44,0.89,110.29721965233482,82148,B,18,322.5884988070312,106
45,0.91,116.1515721324352,84026,B,18,276.7000690262538,93
46,0.9299999999999999,118.56490592301046,83336,B,18,257.9917442641836,86
47,0.95,122.75448054220068,77167,B,18,272.137053403657,84
48,0.97,127.7544194487031,63922,B,18,211.19489377679048,54
49,0.99,129.96622494478476,47994,B,18,171.89648706088263,33
0,0.01,135.323706377858,831,B,19,0.0,0
1,0.03,132.77307537283355,2481,B,19,503.8291011688836,5
2,0.05,130.14787028073573,4132,B,19,544.5304937076477,9
3,0.07,127.25780845556514,5795,B,19,388.26574633304574,9
4,0.09,130.8273265196342,7436,B,19,302.5820333512641,9
5,0.11,129.3461918892186,9099,B,19,247.27992087042534,9
6,0.13,130.28903561796707,10753,B,19,371.989212312843,16
7,0.15000000000000002,129.67453856693803,12407,B,19,322.3986459256871,16
8,0.16999999999999998,127.40306049822064,14050,B,19,320.2846975088968,18
9,0.19,127.12550092233319,15721,B,19,270.3390369569366,17
10,0.21000000000000002,124.27856484680949,17364,B,19,244.75927205712972,17
11,0.22999999999999998,126.0518347176953,19022,B,19,328.566922510777,25
12,0.25,125.20675146297819,20677,B,19,229.7238477535426,19
13,0.27,124.17554858934169,22330,B,19,268.6968204209584,24
14,0.29000000000000004,125.37988407489263,23981,B,19,302.3226721154247,29
15,0.31,124.97659632562312,25637,B,19,312.0489916916956,32
16,0.33,125.58647965723074,27307,B,19,238.03420368403707,26
17,0.35,124.38433106497634,28949,B,19,336.7991985906249,39
18,0.37,124.57288091268674,30591,B,19,367.75522212415416,45
19,0.39,124.27125681705503,32272,B,19,395.07932573128414,51
20,0.41000000000000003,124.10345030964318,33910,B,19,339.13299911530527,46
21,0.43,125.1788014286116,35559,B,19,400.74242807728,57
22,0.45,123.51285840969554,37213,B,19,396.36686104318386,59
23,0.47,123.4650612328908,38868,B,19,437.377791499434,68
24,0.49,121.97060928361671,40523,B,19,363.9908200281322,59
25,0.51,124.20204367102113,42179,B,19,468.2424903387942,79
26,0.53,124.73757328284326,43837,B,19,461.93854506467136,81
27,0.55,125.05953375852211,45470,B,19,456.34484275346387,83
28,0.5700000000000001,124.73455363013554,47147,B,19,509.04617473009955,96
29,0.59,124.95275171085522,48806,B,19,394.41871900995784,77
30,0.61,126.34604024184756,50445,B,19,505.5010407374368,102
31,0.63,126.45872915347266,52107,B,19,484.5798069357284,101
32,0.65,124.67550272522648,53757,B,19,483.65794222147815,104
33,0.67,123.35892254677323,55427,B,19,496.14808667256034,110
34,0.69,122.28994373258077,57049,B,19,508.3349401391786,116
35,0.71,119.90222517322982,58737,B,19,455.419922706301,107
36,0.73,118.72150179692288,60381,B,19,534.1084115864262,129
37,0.75,116.39332129381792,62018,B,19,540.1657583282273,134
38,0.77,115.54091565659738,63692,B,19,506.3430258117189,129
39,0.79,114.00273909716908,65350,B,19,485.8454475899006,127
40,0.81,111.83559291665422,66974,B,19,421.8054767521725,113
41,0.83,114.10145708873671,68630,B,19,404.34212443537814,111
42,0.85,109.51122595708937,70239,B,19,348.8090661883,98
43,0.87,111.75980219003885,70775,B,19,310.8442246555988,88
44,0.89,118.0807514168177,69522,B,19,320.04257645061995,89
45,0.91,118.34955149579675,63879,B,19,309.1782902049187,79
46,0.9299999999999999,119.28123331323745,58055,B,19,245.45689432434762,57
47,0.95,119.09363537032701,51252,B,19,258.5264965269648,53
48,0.97,115.56734525566455,46076,B,19,260.43927424255577,48
49,0.99,113.07626002633785,41765,B,19,179.57620016760447,30
0,0.01,118.61350407450524,859,B,20,291.03608847497094,1
1,0.03,114.26848998459168,2596,B,20,385.20801232665644,4
2,0.05,118.23448756681385,4303,B,20,174.29700209156405,3
3,0.07,120.65475599669148,6045,B,20,372.20843672456573,9
4,0.09,120.0494002321682,7753,B,20,225.71907648652137,7
5,0.11,120.43256648374842,9476,B,20,237.44195863233432,9
6,0.13,121.48377318116975,11216,B,20,222.89586305278175,10
7,0.15000000000000002,120.62912831618841,12929,B,20,212.700131487354,11
8,0.16999999999999998,119.21633960207141,14676,B,20,357.72690106295994,21
9,0.19,117.06374404689217,16378,B,20,198.4369275857858,13
10,0.21000000000000002,118.11456492932862,18112,B,20,317.4690812720848,23
11,0.22999999999999998,118.87883373688459,19824,B,20,290.0524616626312,23
12,0.25,119.23772393947833,21546,B,20,255.26779912744826,22
13,0.27,118.31350075123417,23295,B,20,268.2979180081563,25
14,0.29000000000000004,119.1630447832873,24987,B,20,230.1196622243567,23
15,0.31,120.77337470559647,26749,B,20,299.0766009944297,32
16,0.33,120.59071255316906,28447,B,20,202.13027735789362,23
17,0.35,121.36949826130154,30195,B,20,347.73969200198707,42
18,0.37,122.19736594543744,31890,B,20,415.4907494512386,53
19,0.39,124.35532028787247,33626,B,20,267.6500327127818,36
20,0.41000000000000003,124.53288078065337,35355,B,20,360.62791684344506,51
21,0.43,122.65985641800712,37052,B,20,296.8800604555759,44
22,0.45,122.52070030895983,38840,B,20,354.0164778578785,55
23,0.47,121.09512291440419,40516,B,20,327.03129627801366,53
24,0.49,119.70663542997775,42258,B,20,354.9623739883573,60
25,0.51,120.56953476738369,43978,B,20,375.18759379689845,66
26,0.53,120.79764901604536,45683,B,20,383.07466672503995,70
27,0.55,121.66606239460371,47440,B,20,400.50590219224284,76
28,0.5700000000000001,121.92526219325934,49105,B,20,402.1993686997251,79
29,0.59,122.57558973150276,50913,B,20,422.2890028087129,86
30,0.61,124.25556802404093,52577,B,20,442.20857028738806,93
31,0.63,125.87130661956802,54354,B,20,450.7487949368952,98
32,0.65,127.60795160513214,56039,B,20,463.96259747675725,104
33,0.67,129.8352234361203,57757,B,20,458.8188444690687,106
34,0.69,129.83035264060243,59494,B,20,542.0714693918715,129
35,0.71,126.27227269756193,61196,B,20,445.2905418654814,109
36,0.73,126.51523185115806,62993,B,20,511.9616465321544,129
37,0.75,126.01188210721745,64635,B,20,514.4271679430649,133
38,0.77,125.26433442218242,66431,B,20,508.0459424064067,135
39,0.79,123.14826725403817,68100,B,20,543.3186490455214,148
40,0.81,117.4750286368843,69840,B,20,504.7250859106529,141
41,0.83,112.42514844568635,71575,B,20,443.5906391896612,127
42,0.85,114.98191299124998,73257,B,20,416.3424655664305,122
43,0.87,124.2435241445475,75048,B,20,369.7633514550688,111
44,0.89,122.2983624938072,76702,B,20,345.4929467288989,106
45,0.91,120.91472392638036,78240,B,20,325.92024539877303,102
46,0.9299999999999999,120.09969535202214,71558,B,20,296.9619050280891,85
47,0.95,119.14772380353776,55685,B,20,291.8200592619197,65
48,0.97,118.97195742140048,48569,B,20,277.95507422429944,54
49,0.99,123.4802275694833,42888,B,20,244.82372691662005,42
0,0.01,130.46134020618555,388,B,21,0.0,0
1,0.03,124.13213981244672,1173,B,21,0.0,0
2,0.05,128.61265432098764,1944,B,21,0.0,0
3,0.07,124.27219152854512,2715,B,21,0.0,0
4,0.09,123.22705175865028,3497,B,21,71.48984844152132,1
5,0.11,123.51684604585868,4274,B,21,175.4796443612541,3
6,0.13,121.1837784371909,5055,B,21,98.91196834817013,2
7,0.15000000000000002,123.19694892012342,5834,B,21,128.55673637298594,3
8,0.16999999999999998,123.25094596639927,6607,B,21,37.83865597093991,1
9,0.19,124.75892374256355,7396,B,21,67.60411032990805,2
10,0.21000000000000002,124.35267474599094,8169,B,21,30.60350104051904,1
11,0.22999999999999998,126.01433210166834,8931,B,21,0.0,0
12,0.25,127.48811850632651,9721,B,21,51.435037547577416,2
13,0.27,128.14100486223663,10489,B,21,71.50347983601868,3
14,0.29000000000000004,125.32866015971607,11270,B,21,22.18278615794144,1
15,0.31,126.38302105786768,12062,B,21,103.63123860056376,5
16,0.33,127.53144237512663,12833,B,21,97.40512740590665,5
17,0.35,127.91398323775915,13602,B,21,0.0,0
18,0.37,128.00695120255804,14386,B,21,34.75601279021271,2
19,0.39,130.16357515347548,15149,B,21,49.50821836424847,3
20,0.41000000000000003,130.0946589769308,15952,B,21,15.672016048144432,1
21,0.43,130.49880368465128,16718,B,21,89.72365115444431,6
22,0.45,130.81840539922214,17484,B,21,57.19514985129261,4
23,0.47,132.43555360954517,18271,B,21,68.4144272344152,5
24,0.49,133.50572238555228,19048,B,21,118.12263754724906,9
25,0.51,134.72333451006102,19829,B,21,138.68576327600988,11
26,0.53,135.43144867750547,20605,B,21,109.19679689395778,9
27,0.55,138.04730961619373,21391,B,21,105.18442335561684,9
28,0.5700000000000001,138.11550097078612,22147,B,21,90.30568474285457,8
29,0.59,140.28661781383582,22926,B,21,119.95114716915293,11
30,0.61,140.83817270007165,23729,B,21,316.06894517257365,30
31,0.63,143.60960078373745,24498,B,21,336.7621846681362,33
32,0.65,143.70577524442862,25263,B,21,296.87685548034676,30
33,0.67,144.55716753022452,26055,B,21,307.04279408942625,32
34,0.69,145.10621481564328,26823,B,21,438.0568914737352,47
35,0.71,146.365020113797,27593,B,21,398.65183198637334,44
36,0.73,149.3621819719501,28378,B,21,414.0531397561491,47
37,0.75,147.24145973384552,29156,B,21,360.1317053093703,42
38,0.77,148.39681160389026,29921,B,21,367.63477156512147,44
39,0.79,144.07610711612924,30733,B,21,349.786874044187,43
40,0.81,141.8785373608903,31450,B,21,437.2019077901431,55
41,0.83,135.16539591275546,32002,B,21,421.84863446034626,54
42,0.85,128.41889558560027,30695,B,21,309.49666069392407,38
43,0.87,123.30244840739412,30673,B,21,342.3206077005836,42
44,0.89,123.1008980631325,29842,B,21,335.09818376784403,40
45,0.91,127.42873009996298,27010,B,21,379.4890781192151,41
46,0.9299999999999999,130.8439983942192,24910,B,21,331.1922922521076,33
47,0.95,130.2020630810375,23557,B,21,254.70136265229021,24
48,0.97,126.07263580601033,22661,B,21,375.0937734433608,34
49,0.99,117.51918285999004,22077,B,21,249.1280518186348,22
0,0.01,127.0,387,B,22,0.0,0
1,0.03,133.48625429553263,1164,B,22,0.0,0
2,0.05,135.09156378600824,1944,B,22,0.0,0
3,0.07,135.06691176470588,2720,B,22,183.82352941176472,2
4,0.09,134.75836431226764,3497,B,22,142.97969688304264,2
5,0.11,133.09112204263295,4269,B,22,351.3703443429374,6
6,0.13,134.2390099009901,5050,B,22,99.00990099009901,2
7,0.15000000000000002,132.33898595409386,5838,B,22,171.29153819801303,4
8,0.16999999999999998,135.94539663279235,6593,B,22,189.5950250265433,5
9,0.19,130.89283294946483,7381,B,22,33.87074922097277,1
10,0.21000000000000002,133.1710751898114,8166,B,22,30.614744060739653,1
11,0.22999999999999998,130.8176523297491,8928,B,22,168.01075268817203,6
12,0.25,132.8789002162496,9711,B,22,77.23200494284832,3
13,0.27,132.95565938781348,10487,B,22,119.19519404977592,5
14,0.29000000000000004,132.22710330138446,11268,B,22,66.5601703940362,3
15,0.31,133.57837029653626,12039,B,22,83.06337735692334,4
16,0.33,130.50327715355806,12816,B,22,0.0,0
17,0.35,132.6496618641576,13604,B,22,147.0155836518671,8
18,0.37,133.80207102647856,14389,B,22,69.49753283758427,4
19,0.39,133.9677483312405,15131,B,22,99.13422774436589,6
20,0.41000000000000003,137.02840087967326,15915,B,22,78.54225573358468,5
21,0.43,136.2827854154214,16730,B,22,74.71607890017933,5
22,0.45,137.85667677866178,17471,B,22,57.23770820216358,4
23,0.47,139.11812102609076,18244,B,22,109.62508221881167,8
24,0.49,140.75653406108952,19054,B,22,196.8090689618978,15
25,0.51,141.59084254631733,19809,B,22,126.2052602352466,10
26,0.53,145.26536760775548,20579,B,22,60.74153263035133,5
27,0.55,144.4792525290371,21352,B,22,199.04458598726114,17
28,0.5700000000000001,146.10316027088035,22150,B,22,248.30699774266367,22
29,0.59,145.593583820068,22942,B,22,141.66158137912998,13
30,0.61,146.57655603411874,23682,B,22,126.6784899923993,12
31,0.63,146.62484162341113,24467,B,22,204.35688887072385,20
32,0.65,146.28395647873393,25275,B,22,108.80316518298714,11
33,0.67,148.2954903694591,26011,B,22,173.00372919149592,18
34,0.69,150.00768685398708,26799,B,22,335.83342662039627,36
35,0.71,148.03800406150276,27576,B,22,299.17319408181027,33
36,0.73,145.3282082025602,28357,B,22,317.38195154635537,36
37,0.75,144.52429649965683,29140,B,22,411.80507892930683,48
38,0.77,142.43745819397992,29900,B,22,409.6989966555184,49
39,0.79,140.21156163491287,30705,B,22,521.0877707213809,64
40,0.81,141.82691147041072,31481,B,22,532.0669610241098,67
41,0.83,140.59488722737566,32233,B,22,411.0694009245184,53
42,0.85,140.9380512198818,32995,B,22,424.3067131383543,56
43,0.87,142.73514280645733,33822,B,22,376.9735675004435,51
44,0.89,135.0927089061912,34549,B,22,274.9717792121335,38
45,0.91,131.34476217440545,35320,B,22,283.12570781426956,40
46,0.9299999999999999,128.1900843327789,34269,B,22,145.90446175844056,20
47,0.95,117.59304856261166,30785,B,22,162.41676140977748,20
48,0.97,118.15266702794767,25834,B,22,87.09452659286212,9
49,0.99,114.05747021499977,21907,B,22,91.29501985666683,8
0,0.01,128.86834733893556,357,B,23,0.0,0
1,0.03,128.32744186046511,1075,B,23,0.0,0
2,0.05,130.0670731707317,1804,B,23,415.74279379157434,3
3,0.07,132.30353595550258,2517,B,23,0.0,0
4,0.09,132.73848531684698,3235,B,23,154.5595054095827,2
5,0.11,134.08229931628262,3949,B,23,316.5358318561661,5
6,0.13,130.64974402730377,4688,B,23,106.65529010238909,2
7,0.15000000000000002,131.61233971380784,5381,B,23,185.83906337112063,4
8,0.16999999999999998,132.0839469808542,6111,B,23,163.63933889707084,4
9,0.19,135.86591606960081,6839,B,23,365.5505190817371,10
10,0.21000000000000002,135.0450749038844,7543,B,23,165.7165583985152,5
11,0.22999999999999998,133.5676887649982,8251,B,23,151.49678826808872,5
12,0.25,136.5459297153025,8992,B,23,333.62989323843414,12
13,0.27,136.23406888018147,9698,B,23,283.56362136522995,11
14,0.29000000000000004,135.117054932413,10431,B,23,143.80212827149842,6
15,0.31,132.5957484976231,11149,B,23,112.11767871557988,5
16,0.33,134.26743011114854,11876,B,23,231.55944762546312,11
17,0.35,135.4351770791882,12565,B,23,119.3792280143255,6
18,0.37,136.36155812904195,13298,B,23,131.59873665212814,7
19,0.39,137.35166322387636,14039,B,23,195.88289764228222,11
20,0.41000000000000003,140.72064117367384,14723,B,23,203.76282007742986,12
21,0.43,139.43829677085355,15453,B,23,80.890441985375,5
22,0.45,141.18063878420955,16187,B,23,154.44492493976648,10
23,0.47,143.1581442199443,16877,B,23,251.8220062807371,17
24,0.49,144.7111148955495,17616,B,23,156.10808356039965,11
25,0.51,145.40028365699322,18332,B,23,163.64826532838754,12
26,0.53,148.16562647506163,19067,B,23,183.5632244191535,14
27,0.55,149.0920732941891,19756,B,23,177.16136869811703,14
28,0.5700000000000001,149.0938339110482,20483,B,23,146.4629204706342,12
29,0.59,150.97974373469003,21228,B,23,294.42246090069716,25
30,0.61,151.72718561781346,21916,B,23,239.55101295856912,21
31,0.63,151.76485400008835,22637,B,23,231.92119097053498,21
32,0.65,152.42492518170158,23390,B,23,352.7148353997435,33
33,0.67,152.93605883086127,24069,B,23,342.7645519132494,33
34,0.69,152.49483829341077,24798,B,23,574.6431163803533,57
35,0.71,150.54782983390785,25528,B,23,470.07207771858356,48
36,0.73,150.23172776465208,26242,B,23,495.38907095495773,52
37,0.75,147.05778437557987,26945,B,23,519.5769159398775,56
38,0.77,143.28419683503142,27678,B,23,505.81689428426915,56
39,0.79,140.52280576820365,28085,B,23,560.7975787787075,63
40,0.81,132.2155620417171,28094,B,23,373.7452836904678,42
41,0.83,131.30333251395862,28477,B,23,438.95073216982126,50
42,0.85,134.21752965999102,28911,B,23,354.53633565079036,41
43,0.87,138.73661779747698,29330,B,23,502.89805659734066,59
44,0.89,136.8423703206312,29785,B,23,285.3785462481115,34
45,0.91,129.44575884743747,30263,B,23,256.0882926345703,31
46,0.9299999999999999,127.4218571381912,30617,B,23,130.64637293007155,16
47,0.95,119.50227968475217,30706,B,23,162.8346251546929,20
48,0.97,115.8783187390543,28550,B,23,131.34851138353767,15
49,0.99,117.83089895406165,21703,B,23,103.67230336819794,9
0,0.01,137.7843137254902,357,B,24,0.0,0
1,0.03,139.19662921348313,1068,B,24,0.0,0
2,0.05,142.28292410714286,1792,B,24,139.50892857142858,1
3,0.07,139.63778580024066,2493,B,24,401.1231448054553,4
4,0.09,137.0791277258567,3210,B,24,155.76323987538942,2
5,0.11,135.76883910386965,3928,B,24,190.93686354378818,3
6,0.13,133.97560449050087,4632,B,24,107.94473229706391,2
7,0.15000000000000002,135.13724756918475,5348,B,24,140.23934181002247,3
8,0.16999999999999998,136.0501809805857,6078,B,24,246.79170779861798,6
9,0.19,134.89694374723166,6773,B,24,110.73379595452533,3
10,0.21000000000000002,136.37086004273505,7488,B,24,300.4807692307692,9
11,0.22999999999999998,136.58424640857072,8214,B,24,273.92257121986853,9
12,0.25,136.20731023657362,8919,B,24,196.21033748178047,7
13,0.27,134.5559937727037,9635,B,24,103.78827192527245,4
14,0.29000000000000004,134.6627413127413,10360,B,24,168.91891891891893,7
15,0.31,135.35069287202245,11041,B,24,135.8572593062223,6
16,0.33,136.82387907608697,11776,B,24,21.22961956521739,1
17,0.35,135.93105381165918,12488,B,24,100.09609224855862,5
18,0.37,134.7176220806794,13188,B,24,170.60964513193812,9
19,0.39,136.3873744619799,13940,B,24,269.0100430416069,15
20,0.41000000000000003,136.36786007105766,14636,B,24,170.81169718502323,10
21,0.43,139.2304327958744,15319,B,24,228.47444350153404,14
22,0.45,141.13846153846154,16055,B,24,109.00031142946123,7
23,0.47,143.436281233228,16769,B,24,134.17615838750075,9
24,0.49,143.19763117239802,17477,B,24,171.6541740573325,12
25,0.51,144.11483778887853,18217,B,24,164.68134160399626,12
26,0.53,146.23343198393405,18922,B,24,158.5456082866505,12
27,0.55,146.89622978419467,19601,B,24,165.807866945564,13
28,0.5700000000000001,149.35731485576687,20349,B,24,245.7123200157256,20
29,0.59,151.17032705837613,21036,B,24,190.1502186727515,16
30,0.61,152.1426798437141,21755,B,24,172.37416685819352,15
31,0.63,152.00506396588486,22512,B,24,288.7348969438522,26
32,0.65,154.28889272162814,23192,B,24,269.48947913073476,25
33,0.67,153.74032386292313,23899,B,24,292.89928448889077,28
34,0.69,153.67317845828933,24622,B,24,375.6802859231582,37
35,0.71,154.41040325447293,25319,B,24,454.20435246257756,46
36,0.73,150.27422822915068,26044,B,24,499.15527568729846,52
37,0.75,145.80976921353349,26778,B,24,448.1290611696169,48
38,0.77,141.7422207664592,27477,B,24,509.5170506241584,56
39,0.79,138.18435813689294,28168,B,24,426.0153365521159,48
40,0.81,133.9644561233663,28922,B,24,354.4014936726368,41
41,0.83,135.69512771996216,29596,B,24,506.82524665495345,60
42,0.85,132.55552622896732,30310,B,24,329.9241174529858,40
43,0.87,131.4110170854918,31079,B,24,345.89272499115157,43
44,0.89,132.461468178954,31740,B,24,299.30686830497797,38
45,0.91,131.93924167694206,32440,B,24,254.31565967940816,33
46,0.9299999999999999,132.89544736010117,31630,B,24,260.8283275371483,33
47,0.95,122.16092154334112,28691,B,24,130.70300791188876,15
48,0.97,113.47055609756097,25625,B,24,136.58536585365854,14
49,0.99,109.98462859984629,22119,B,24,203.44500203445003,18
0,0.01,137.1212938005391,371,B,25,673.8544474393532,1
1,0.03,133.25675675675674,1110,B,25,0.0,0
2,0.05,131.17551462621884,1846,B,25,0.0,0
3,0.07,133.47492283950618,2592,B,25,96.45061728395063,1
4,0.09,139.81692677070828,3332,B,25,300.1200480192077,4
5,0.11,134.99557304476144,4066,B,25,307.42744712247907,5
6,0.13,132.8940149625935,4812,B,25,363.6741479634248,7
7,0.15000000000000002,131.52639164114575,5551,B,25,180.1477211313277,4
8,0.16999999999999998,134.56626889419252,6285,B,25,357.99522673031026,9
9,0.19,130.92432432432432,7030,B,25,142.2475106685633,4
10,0.21000000000000002,130.13365954159156,7766,B,25,32.19160442956477,1
11,0.22999999999999998,133.9207001879699,8512,B,25,293.703007518797,10
12,0.25,134.69304789706996,9249,B,25,243.2695426532598,9
13,0.27,134.4120175964807,10002,B,25,149.97000599880025,6
14,0.29000000000000004,134.488565294502,10713,B,25,256.69747036311026,11
15,0.31,134.92309704420612,11469,B,25,196.18100967826314,9
16,0.33,134.91232809430255,12216,B,25,245.5795677799607,12
17,0.35,137.6868913278714,12938,B,25,212.5521718967383,11
18,0.37,136.4157106320789,13685,B,25,219.21812203142127,12
19,0.39,136.14929401993356,14448,B,25,138.42746400885937,8
20,0.41000000000000003,139.41543535620053,15160,B,25,329.81530343007915,20
21,0.43,141.29803822937626,15904,B,25,361.5442655935614,23
22,0.45,144.24124887421195,16655,B,25,360.2521765235665,24
23,0.47,144.4123907040957,17384,B,25,215.71560055223193,15
24,0.49,145.425513131759,18124,B,25,317.258883248731,23
25,0.51,147.88622024282913,18861,B,25,437.41052966438684,33
26,0.53,151.39297727041077,19622,B,25,318.52002853939456,25
27,0.55,152.13455206644062,20349,B,25,282.56916801808444,23
28,0.5700000000000001,153.26320531057374,21090,B,25,367.4727358937886,31
29,0.59,155.71741722461707,21806,B,25,378.3362377327341,33
30,0.61,156.18119022316685,22584,B,25,420.6517888770811,38
31,0.63,156.16316286253647,23308,B,25,386.1335163892226,36
32,0.65,156.1059068219634,24040,B,25,353.5773710482529,34
33,0.67,156.90134764364106,24784,B,25,433.7475790832795,43
34,0.69,157.45810974893266,25531,B,25,440.64078962829507,45
35,0.71,155.4151984474295,26279,B,25,456.6383804558773,48
36,0.73,151.2450657285688,27005,B,25,518.4225143491947,56
37,0.75,143.84405092509107,27727,B,25,559.0218920186101,62
38,0.77,137.93956930415263,28512,B,25,613.7766554433222,70
39,0.79,130.84491136814728,29222,B,25,461.98069947299985,54
40,0.81,133.82320737081054,29956,B,25,525.7711309921218,63
41,0.83,134.60076206604572,30706,B,25,447.7952191754055,55
42,0.85,140.5066425120773,31464,B,25,301.9323671497585,38
43,0.87,145.65119388135804,32164,B,25,318.67926874766823,41
44,0.89,145.8433057951646,32924,B,25,250.57708662373952,33
45,0.91,132.86725637448424,33689,B,25,230.04541541749535,31
46,0.9299999999999999,122.34099828483386,34399,B,25,101.74714381232013,14
47,0.95,120.41985519274246,34943,B,25,64.39057894284979,9
48,0.97,112.40980969331873,29216,B,25,111.24041621029573,13
49,0.99,104.45856599298315,20237,B,25,135.88970697237735,11
0,0.01,111.65128205128205,585,C,1,427.3504273504273,1
1,0.03,113.66534316505955,1763,C,1,425.4112308564946,3
2,0.05,112.87260928961749,2928,C,1,256.1475409836066,3
3,0.07,110.16235982447587,4102,C,1,182.83764017552414,3
4,0.09,115.75526066350712,5275,C,1,331.75355450236964,7
5,0.11,113.65694336695113,6445,C,1,193.9487975174554,5
6,0.13,115.37867261280168,7624,C,1,524.6589716684156,16
7,0.15000000000000002,116.60451076432396,8779,C,1,427.15571249572844,15
8,0.16999999999999998,118.33664259927798,9972,C,1,325.9125551544324,13
9,0.19,117.64279938909353,11131,C,1,157.21857874404816,7
10,0.21000000000000002,114.59894437677629,12315,C,1,223.3049127080796,11
11,0.22999999999999998,117.49691930814342,13471,C,1,315.4925395293594,17
12,0.25,113.35725003410175,14662,C,1,323.96671668258085,19
13,0.27,111.7692696806829,15815,C,1,331.96332595637057,21
14,0.29000000000000004,112.03235294117647,17000,C,1,294.1176470588236,20
15,0.31,111.55564724652032,18177,C,1,261.31924960114435,19
16,0.33,110.48489394723228,19330,C,1,336.26487325400933,26
17,0.35,107.7291910331384,20520,C,1,280.21442495126706,23
18,0.37,105.71196679732535,21685,C,1,253.63154254092692,22
19,0.39,110.2190084452807,22853,C,1,240.66862118759028,22
20,0.41000000000000003,106.12857023898742,24018,C,1,166.54176034640687,16
21,0.43,103.7110970146295,25223,C,1,227.96653847678706,23
22,0.45,100.5669309259189,26363,C,1,218.10871296893376,23
23,0.47,104.21885668627878,27534,C,1,308.70923222198013,34
24,0.49,107.17052375152254,28735,C,1,261.00574212632677,30
25,0.51,106.9568359767115,29886,C,1,301.1443485243927,36
26,0.53,106.34951862704061,31057,C,1,273.69031136297775,34
27,0.55,105.86216845044207,32235,C,1,248.17744687451528,32
28,0.5700000000000001,107.21809529510355,33412,C,1,329.2230336406082,44
29,0.59,112.58953518641715,34573,C,1,318.1673560292714,44
30,0.61,115.76103670981631,35767,C,1,230.6595465093522,33
31,0.63,117.11688170877154,36892,C,1,318.4972351729372,47
32,0.65,115.05590111014881,38103,C,1,275.5688528462326,42
33,0.67,116.29020356234096,39300,C,1,279.8982188295165,44
34,0.69,116.62005146476643,40416,C,1,228.8697545526524,37
35,0.71,118.63530797711208,41594,C,1,306.53459633601,51
36,0.73,118.78354462889028,42831,C,1,250.98643505871914,43
37,0.75,117.23821447269582,43931,C,1,273.15563042043203,48
38,0.77,117.08644109109441,45129,C,1,216.0473309845111,39
39,0.79,112.36293352913229,46306,C,1,232.15134107890987,43
40,0.81,110.54080471876975,47470,C,1,284.39014114177377,54
41,0.83,109.9053640083061,48639,C,1,267.2752318098645,52
42,0.85,112.28586051179127,49825,C,1,280.9834420471651,56
43,0.87,113.43398113466554,50993,C,1,328.4764575529975,67
44,0.89,120.41943793911007,51240,C,1,204.91803278688525,42
45,0.91,124.03066826268213,48454,C,1,268.29570314112357,52
46,0.9299999999999999,124.98998218088575,46018,C,1,342.25737754791606,63
47,0.95,121.9002093170423,41086,C,1,206.88312320498468,34
48,0.97,126.85296017779156,38697,C,1,277.7993126082126,43
49,0.99,130.09901283609523,33733,C,1,170.45622980464233,23
0,0.01,144.1032967032967,455,C,2,549.4505494505495,1
1,0.03,145.33161764705883,1360,C,2,367.64705882352945,2
2,0.05,145.28785211267606,2272,C,2,220.0704225352113,2
3,0.07,144.27541706011962,3177,C,2,550.8341202392195,7
4,0.09,144.81893809640323,4087,C,2,428.1869341815513,7
5,0.11,147.48366406093405,4989,C,2,501.1024253357387,10
6,0.13,144.98694029850745,5896,C,2,508.819538670285,12
7,0.15000000000000002,141.17396414928004,6806,C,2,477.5198354393183,13
8,0.16999999999999998,139.52663642255348,7715,C,2,421.25729099157485,13
9,0.19,145.28336231884057,8625,C,2,405.79710144927543,14
10,0.21000000000000002,145.86586261143157,9535,C,2,524.3838489774515,20
11,0.22999999999999998,144.32768036792183,10437,C,2,431.15837884449553,18
12,0.25,143.09858037210122,11341,C,2,352.70258354642453,16
13,0.27,140.11821816105083,12257,C,2,367.1371461205842,18
14,0.29000000000000004,133.8677912012765,13161,C,2,265.9372388116405,14
15,0.31,128.8235252309879,14070,C,2,213.21961620469085,12
16,0.33,133.3503674014696,14970,C,2,367.40146960587845,22
17,0.35,136.50163645518631,15888,C,2,314.70292044310173,20
18,0.37,136.42240609560093,16799,C,2,386.92779332103106,26
19,0.39,133.3408127508054,17693,C,2,395.6366924772509,28
20,0.41000000000000003,130.3661472326706,18610,C,2,362.70822138635145,27
21,0.43,129.62186379928315,19530,C,2,435.22785458269334,34
22,0.45,127.85440031343357,20419,C,2,404.03545717224154,33
23,0.47,132.02110694183864,21320,C,2,363.5084427767355,31
24,0.49,133.05649260108848,22233,C,2,427.2927630099402,38
25,0.51,134.74780768067734,23149,C,2,334.78767981338285,31
26,0.53,132.67924214724945,24068,C,2,457.0383912248629,44
27,0.55,127.55922898132565,24954,C,2,340.6267532259357,34
28,0.5700000000000001,126.34580450662853,25873,C,2,260.88973060719667,27
29,0.59,123.87058472108133,26782,C,2,270.70420431633187,29
30,0.61,120.11732408611472,27684,C,2,270.914607715648,30
31,0.63,120.13507084135036,28585,C,2,236.13783452859892,27
32,0.65,124.1779359430605,29505,C,2,271.14048466361635,32
33,0.67,121.0614828209765,30415,C,2,205.49071181982575,25
34,0.69,123.31777671298515,31305,C,2,279.50806580418464,35
35,0.71,123.87466269656649,32241,C,2,232.62305759746906,30
36,0.73,122.22396305017207,33126,C,2,233.95520135241205,31
37,0.75,122.67480032887009,34056,C,2,264.27061310782244,36
38,0.77,120.46634422757712,34942,C,2,293.34325453608835,41
39,0.79,119.52164453865893,35852,C,2,299.84380229833766,43
40,0.81,122.99994559747573,36763,C,2,306.01419905883637,45
41,0.83,123.05793945831121,37660,C,2,338.5554965480616,51
42,0.85,123.40386060370514,38595,C,2,265.57844280347194,41
43,0.87,114.19710820186879,39491,C,2,196.24724620799677,31
44,0.89,113.08189089468341,40383,C,2,328.10836242973534,53
45,0.91,117.38579626625342,41299,C,2,260.29685948812323,43
46,0.9299999999999999,134.18716830932524,42208,C,2,248.76800606520095,42
47,0.95,152.12281283295846,42235,C,2,183.4970995619747,31
48,0.97,162.81473672529546,36046,C,2,180.3251400987627,26
49,0.99,170.88285209192694,25455,C,2,127.67629149479474,13
0,0.01,128.55522388059703,335,C,3,0.0,0
1,0.03,132.444332998997,997,C,3,501.5045135406218,2
2,0.05,129.74698795180723,1660,C,3,301.2048192771084,2
3,0.07,129.50600343053173,2332,C,3,750.4288164665523,7
4,0.09,128.19620253164558,3002,C,3,416.3890739506995,5
5,0.11,126.62534209085933,3654,C,3,410.5090311986864,6
6,0.13,127.43381843381843,4329,C,3,462.00046200046205,8
7,0.15000000000000002,126.022,5000,C,3,450.0,9
8,0.16999999999999998,125.49876106194691,5650,C,3,486.7256637168142,11
9,0.19,123.76971808679126,6314,C,3,395.94551789673744,10
10,0.21000000000000002,122.56713856713857,6993,C,3,500.5005005005005,14
11,0.22999999999999998,119.7448753100927,7659,C,3,359.05470688079384,11
12,0.25,117.67148362235068,8304,C,3,451.5895953757226,15
13,0.27,114.27687006780037,8997,C,3,389.0185617428032,14
14,0.29000000000000004,112.5731745209736,9655,C,3,362.50647332988086,14
15,0.31,107.73441287695142,10313,C,3,387.85998254630084,16
16,0.33,108.3070191431176,10970,C,3,296.2625341841386,13
17,0.35,107.97033098953867,11662,C,3,471.61721831589784,22
18,0.37,108.82317122675977,12317,C,3,284.1601039214094,14
19,0.39,112.78769183311483,12967,C,3,212.07681036477211,11
20,0.41000000000000003,111.65106569984619,13653,C,3,274.66490881125026,15
21,0.43,108.98433894987066,14303,C,3,349.57701181570303,20
22,0.45,106.74886424371994,14968,C,3,350.7482629609835,21
23,0.47,106.5230788901675,15642,C,3,335.6348293057154,21
24,0.49,105.17903956878598,16326,C,3,336.8859487933358,22
25,0.51,105.83586751532296,16968,C,3,221.004243281471,15
26,0.53,108.95171357240127,17624,C,3,326.25964593735813,23
27,0.55,113.06851558661353,18317,C,3,341.21308074466344,25
28,0.5700000000000001,114.78479945185263,18973,C,3,303.0622463500764,23
29,0.59,115.84515372457044,19613,C,3,356.9061336868404,28
30,0.61,116.61193441977254,20311,C,3,344.64083501550886,28
31,0.63,116.9489893211289,20976,C,3,286.0411899313501,24
32,0.65,120.97146556906998,21623,C,3,427.7852286916709,37
33,0.67,121.12229053538572,22283,C,3,403.8953462280662,36
34,0.69,124.56117079111034,22993,C,3,315.3133562388553,29
35,0.71,126.89308548926621,23617,C,3,423.42380488631073,40
36,0.73,125.7381226842322,24290,C,3,380.81515026759985,37
37,0.75,125.61917160711424,24964,C,3,350.5047268066015,35
38,0.77,124.3565936853608,25623,C,3,380.517503805175,39
39,0.79,127.40837835781143,26282,C,3,485.1228978007762,51
40,0.81,127.8583515790255,26947,C,3,287.60158830296507,31
41,0.83,127.62334092799537,27651,C,3,343.56804455535064,38
42,0.85,125.38074026938169,28287,C,3,327.0053381411956,37
43,0.87,129.22817563132622,28947,C,3,172.7294711023595,20
44,0.89,134.17620066243444,28984,C,3,224.26166160640355,26
45,0.91,137.09955584443722,27693,C,3,198.6061459574622,22
46,0.9299999999999999,143.26438527859014,26329,C,3,246.87606821375672,26
47,0.95,147.23841484268127,23392,C,3,245.8105335157319,23
48,0.97,151.42482850609755,20992,C,3,154.82088414634146,13
49,0.99,161.5996921554615,18191,C,3,206.14589632235723,15
0,0.01,108.09768637532133,389,C,4,0.0,0
1,0.03,106.4359415305245,1163,C,4,0.0,0
2,0.05,105.95038363171355,1955,C,4,383.63171355498724,3
3,0.07,101.33553840499816,2721,C,4,275.6339581036384,3
4,0.09,104.23666951810664,3507,C,4,356.42999714856006,5
5,0.11,116.46725704963877,4291,C,4,116.52295502213937,2
6,0.13,123.23410975128306,5066,C,4,197.39439399921042,4
7,0.15000000000000002,121.16972398422767,5833,C,4,257.1575518601063,6
8,0.16999999999999998,114.99380758193627,6621,C,4,188.79323365050598,5
9,0.19,117.90780237580994,7408,C,4,236.23110151187905,7
10,0.21000000000000002,119.0403078050568,8187,C,4,335.8983754733114,11
11,0.22999999999999998,123.96189092534645,8948,C,4,335.2704514975414,12
12,0.25,130.3486247947455,9744,C,4,205.2545155993432,8
13,0.27,132.17482650442057,10519,C,4,356.49776594733345,15
14,0.29000000000000004,129.53127488277448,11303,C,4,353.88834822613467,16
15,0.31,129.04502114252548,12061,C,4,331.64745875134736,16
16,0.33,133.532742261627,12858,C,4,311.09037175299426,16
17,0.35,135.9703616755924,13631,C,4,293.4487565108943,16
18,0.37,132.63893707070005,14413,C,4,381.59994449455354,22
19,0.39,134.0458316870802,15186,C,4,428.0258132490452,26
20,0.41000000000000003,138.08683963738667,15995,C,4,312.5976867771179,20
21,0.43,135.66272047832587,16725,C,4,433.4828101644245,29
22,0.45,134.99897394972353,17543,C,4,327.76606053696634,23
23,0.47,134.33537485645542,18287,C,4,328.1019303330235,24
24,0.49,134.73621429318823,19114,C,4,379.30312859684005,29
25,0.51,128.82159766293947,19854,C,4,377.75763070414024,30
26,0.53,127.05956993413406,20648,C,4,314.8004649360713,26
27,0.55,128.96674761815805,21412,C,4,396.97365963011396,34
28,0.5700000000000001,129.27578757875787,22220,C,4,393.7893789378938,35
29,0.59,125.23155282747813,22971,C,4,402.6816420704367,37
30,0.61,123.76732631578948,23750,C,4,400.0,38
31,0.63,125.02717789911172,24542,C,4,315.7851845815337,31
32,0.65,122.71596559071897,25342,C,4,463.6571699155552,47
33,0.67,123.69530710835059,26082,C,4,325.89525343148534,34
34,0.69,125.76004314834103,26884,C,4,399.8660913554531,43
35,0.71,122.77795850502422,27666,C,4,469.8908407431504,52
36,0.73,123.66404079479514,28435,C,4,457.183049059258,52
37,0.75,127.23054261441492,29192,C,4,556.6593587284187,65
38,0.77,126.81790617086499,30012,C,4,508.13008130081306,61
39,0.79,129.78166222626552,30778,C,4,406.1342517382546,50
40,0.81,128.44468739107012,31557,C,4,404.03080140697784,51
41,0.83,130.64062548382103,32295,C,4,425.76250193528415,55
42,0.85,130.55818445195558,33136,C,4,301.78657653307584,40
43,0.87,133.68164517747027,33893,C,4,287.67002035818604,39
44,0.89,142.32188185069805,34668,C,4,274.0279220029999,38
45,0.91,148.64943480246632,35032,C,4,228.36263987211692,32
46,0.9299999999999999,149.04254598108383,32459,C,4,169.44453002248991,22
47,0.95,144.03102598978055,27203,C,4,266.5147226408852,29
48,0.97,136.95111089597754,20659,C,4,145.21516046275232,12
49,0.99,138.89089306698003,17020,C,4,220.32902467685076,15
0,0.01,101.75912408759125,411,C,5,608.2725060827252,1
1,0.03,102.54758064516129,1240,C,5,201.61290322580646,1
2,0.05,100.99025341130604,2052,C,5,730.9941520467836,6
3,0.07,97.26615969581749,2893,C,5,172.83097131005877,2
4,0.09,97.71974004874086,3693,C,5,135.3912808015164,2
5,0.11,101.85720572057205,4545,C,5,330.03300330033005,6
6,0.13,112.35284218399401,5348,C,5,373.9715781600599,8
7,0.15000000000000002,116.46462684150882,6177,C,5,80.94544277157198,2
8,0.16999999999999998,120.18546544831524,7004,C,5,392.63278126784695,11
9,0.19,124.03775758351466,7813,C,5,447.9713298348905,14
10,0.21000000000000002,131.1667243567555,8667,C,5,259.6053997923157,9
11,0.22999999999999998,134.55441673710905,9464,C,5,422.654268808115,16
12,0.25,132.8349985449607,10309,C,5,218.25589290910858,9
13,0.27,129.6917252568956,11094,C,5,292.9511447629349,13
14,0.29000000000000004,125.83489304812834,11968,C,5,376.00267379679144,18
15,0.31,127.03543152778866,12757,C,5,411.53876303206084,21
16,0.33,127.80959387875221,13592,C,5,423.04296645085344,23
17,0.35,127.87787794729542,14420,C,5,450.76282940360613,26
18,0.37,128.19598187906243,15231,C,5,492.4167815639157,30
19,0.39,128.54842923794712,16075,C,5,388.8024883359254,25
20,0.41000000000000003,130.5134910751349,16863,C,5,459.5860760244322,31
21,0.43,130.71906882362887,17741,C,5,479.116171579956,34
22,0.45,130.71418539325842,18512,C,5,445.656871218669,33
23,0.47,130.3616944430112,19381,C,5,490.1707858211651,38
24,0.49,131.04308975377285,20144,C,5,595.7108816521048,48
25,0.51,130.12502378686966,21020,C,5,392.4833491912464,33
26,0.53,128.55977837813086,21839,C,5,572.3705297861625,50
27,0.55,125.76823882706236,22644,C,5,563.0630630630632,51
28,0.5700000000000001,125.7178188319428,23492,C,5,500.1702707304615,47
29,0.59,128.07899505766062,24280,C,5,566.3097199341022,55
30,0.61,127.81835176199189,25142,C,5,497.1760400922759,50
31,0.63,127.67960977866893,25934,C,5,588.0311560114136,61
32,0.65,126.6172070290639,26803,C,5,559.6388463977913,60
33,0.67,127.51951352332547,27545,C,5,553.6394990016337,61
34,0.69,127.94913526434196,28448,C,5,580.0056242969629,66
35,0.71,126.04618913921797,29206,C,5,445.1140176676026,52
36,0.73,126.0699331397312,29614,C,5,472.7493752954684,56
37,0.75,129.23868134792588,30061,C,5,432.45401017930214,52
38,0.77,128.00808634125664,30669,C,5,399.4261306204963,49
39,0.79,126.11594526490383,31351,C,5,406.68559216611914,51
40,0.81,128.27575040478266,32116,C,5,334.7241250467057,43
41,0.83,132.1186955333556,32933,C,5,326.42030789785326,43
42,0.85,132.8232178128928,33414,C,5,351.6490093972586,47
43,0.87,133.9751683004606,33868,C,5,287.88236683595136,39
44,0.89,131.6996694475051,31765,C,5,330.5524948843066,42
45,0.91,131.2951851115968,30198,C,5,223.5247367375323,27
46,0.9299999999999999,133.08610628690516,28790,C,5,251.82354984369573,29
47,0.95,135.23629964806435,25857,C,5,261.0511660285416,27
48,0.97,132.9710258078508,23055,C,5,281.9345044458903,26
49,0.99,129.68349534327447,19649,C,5,229.01928851341034,18
0,0.01,197.49530201342282,745,C,6,0.0,0
1,0.03,206.06222222222223,2250,C,6,444.44444444444446,4
2,0.05,199.6205237840727,3742,C,6,200.42757883484768,3
3,0.07,190.42080152671755,5240,C,6,333.96946564885496,7
4,0.09,186.85241276911657,6735,C,6,482.55382331106165,13
5,0.11,186.95473300970875,8240,C,6,424.7572815533981,14
6,0.13,188.9511768938226,9729,C,6,385.445575084798,15
7,0.15000000000000002,184.86832962138084,11225,C,6,334.075723830735,15
8,0.16999999999999998,179.1478138001413,12739,C,6,274.7468404113353,14
9,0.19,180.29928908284649,14207,C,6,351.9391849088478,20
10,0.21000000000000002,173.8575333757152,15730,C,6,317.86395422759057,20
11,0.22999999999999998,161.0661166627934,17212,C,6,305.0197536602371,21
12,0.25,152.0015498076101,18712,C,6,160.3249251817016,12
13,0.27,152.87870246748753,20223,C,6,247.24323789744352,20
14,0.29000000000000004,145.2932639144858,21704,C,6,195.81643936601552,17
15,0.31,143.00861363538482,23219,C,6,236.87497308238943,22
16,0.33,142.94710388715495,24671,C,6,202.6670990231446,20
17,0.35,141.6555864750505,26233,C,6,266.8394769946251,28
18,0.37,141.27563152759205,27671,C,6,289.11134400636047,32
19,0.39,140.34802410793782,29202,C,6,256.83172385453054,30
20,0.41000000000000003,143.04505003748736,30677,C,6,285.2299768556247,35
21,0.43,141.57190760059612,32208,C,6,294.95777446597117,38
22,0.45,143.927002315502,33686,C,6,326.54515228878466,44
23,0.47,140.34949110138172,35174,C,6,312.7309944845625,44
24,0.49,140.92306224790144,36692,C,6,347.4871906682656,51
25,0.51,142.08948733397952,38173,C,6,392.9478951091086,60
26,0.53,139.52333904627483,39676,C,6,333.9550357898982,53
27,0.55,138.35849789890452,41169,C,6,467.5848332483179,77
28,0.5700000000000001,136.0649244111098,42665,C,6,351.57623344661897,60
29,0.59,132.04757052936648,44166,C,6,300.0045283702396,53
30,0.61,131.7768115307106,45652,C,6,328.57268027687724,60
31,0.63,132.7432936390219,47194,C,6,333.72886383862357,63
32,0.65,132.75188712231844,48619,C,6,390.79372261872936,76
33,0.67,131.34593851487318,50191,C,6,338.70614253551435,68
34,0.69,131.52603137710634,51630,C,6,343.7923687778424,71
35,0.71,130.8999605033008,53169,C,6,352.6491000394967,75
36,0.73,128.51523636962608,54639,C,6,420.9447464265451,92
37,0.75,126.89888120857978,56132,C,6,351.8492125703699,79
38,0.77,128.1330836064721,57663,C,6,342.5073270554775,79
39,0.79,122.95458775358273,59103,C,6,363.7717205556402,86
40,0.81,118.1193894539041,60667,C,6,288.45995351673895,70
41,0.83,116.98731242352032,62108,C,6,293.84298319057126,73
42,0.85,123.36849629257257,63656,C,6,314.1887646097776,80
43,0.87,127.26027839233038,65088,C,6,357.2087020648968,93
44,0.89,125.43597106668322,64424,C,6,271.6378989196573,70
45,0.91,117.11373858976054,60472,C,6,223.2438153194867,54
46,0.9299999999999999,117.80126737949647,58546,C,6,247.6684999829194,58
47,0.95,129.09962892949662,57132,C,6,210.0399075824407,48
48,0.97,151.52132692417305,52633,C,6,246.99333118005814,52
49,0.99,163.25322362765564,40715,C,6,178.06705145523762,29
0,0.01,167.6988416988417,777,C,7,321.7503217503218,1
1,0.03,165.07369323050557,2334,C,7,321.33676092544994,3
2,0.05,169.109649122807,3876,C,7,386.99690402476784,6
3,0.07,161.60295202952028,5420,C,7,461.2546125461255,10
4,0.09,163.1925110761755,6997,C,7,464.4847791910819,13
5,0.11,157.9092503800725,8551,C,7,409.3088527657584,14
6,0.13,158.11929337038507,10076,C,7,521.0400952759031,21
7,0.15000000000000002,157.5132393397524,11632,C,7,408.3562585969739,19
8,0.16999999999999998,152.8860213426171,13213,C,7,359.49443729660186,19
9,0.19,154.63155398997426,14762,C,7,406.4489906516732,24
10,0.21000000000000002,154.72300411775552,16271,C,7,430.2132628603036,28
11,0.22999999999999998,152.45881167049336,17857,C,7,448.00358402867226,32
12,0.25,151.475570200278,19423,C,7,386.14014312927975,30
13,0.27,147.61197879352343,20937,C,7,346.27692601614365,29
14,0.29000000000000004,145.72216052947186,22513,C,7,366.45493714742594,33
15,0.31,142.0606438213915,24075,C,7,384.2159916926272,37
16,0.33,138.5613432253026,25610,C,7,302.61616556032806,31
17,0.35,138.07172327414722,27146,C,7,359.16893833345614,39
18,0.37,138.518216932874,28737,C,7,339.2838500887358,39
19,0.39,137.93861444987454,30284,C,7,387.99366001849165,47
20,0.41000000000000003,138.0512465809413,31807,C,7,314.3962020938787,40
21,0.43,141.66635693303758,33362,C,7,397.158443738385,53
22,0.45,143.81102339683085,34962,C,7,350.3804130198501,49
23,0.47,141.5151830738873,36488,C,7,390.5393554045166,57
24,0.49,140.31643503895558,37992,C,7,361.9182985891767,55
25,0.51,138.72234289755505,39592,C,7,397.80763790664787,63
26,0.53,137.49783812670034,41168,C,7,388.651379712398,64
27,0.55,138.6743581334333,42688,C,7,374.8125937031485,64
28,0.5700000000000001,139.7819407678907,44199,C,7,378.9678499513564,67
29,0.59,139.86649066154652,45832,C,7,332.7369523477047,61
30,0.61,136.83493383423735,47381,C,7,274.3715835461472,52
31,0.63,135.19932473910376,48870,C,7,363.20851237978314,71
32,0.65,134.8953013481364,50440,C,7,351.90325138778746,71
33,0.67,135.14763836290587,52019,C,7,273.9383686729849,57
34,0.69,135.02046570686983,53553,C,7,326.7790786697291,70
35,0.71,136.05026320566347,55090,C,7,322.20003630422946,71
36,0.73,135.91238095238094,56700,C,7,317.46031746031747,72
37,0.75,136.8158581833173,58216,C,7,309.19334890751685,72
38,0.77,136.49827522689975,59718,C,7,305.603000770287,73
39,0.79,135.560655470406,61330,C,7,317.95206261209853,78
40,0.81,134.7299354756683,62922,C,7,317.8538507994025,80
41,0.83,130.45672225845524,64398,C,7,291.15811050032613,75
42,0.85,127.05968972263084,65941,C,7,280.5538284223776,74
43,0.87,128.00953085688914,67570,C,7,258.9906763356519,70
44,0.89,127.8695318717893,69105,C,7,264.09087620287966,73
45,0.91,126.31812909586499,68972,C,7,239.22751261381433,66
46,0.9299999999999999,137.5033455484177,67403,C,7,263.341394299957,71
47,0.95,154.51174097762237,65199,C,7,180.2174879982822,47
48,0.97,165.34068287037036,51840,C,7,245.94907407407408,51
49,0.99,162.87610619469027,34013,C,7,257.25457913150854,35
0,0.01,162.41185185185185,675,C,8,370.37037037037044,1
1,0.03,163.83464180569186,2038,C,8,368.00785083415116,3
2,0.05,173.04262877442272,3378,C,8,148.01657785671995,2
3,0.07,181.1009716941276,4734,C,8,264.04731727925645,5
4,0.09,182.0760531060482,6101,C,8,40.976889034584495,1
5,0.11,184.20166711481582,7438,C,8,168.05592901317561,5
6,0.13,183.48641891123992,8799,C,8,142.0615979088533,5
7,0.15000000000000002,181.69252732105937,10157,C,8,295.36280397755246,12
8,0.16999999999999998,182.93278845317798,11501,C,8,260.8468828797496,12
9,0.19,179.1400451256516,12853,C,8,213.95783085660935,11
10,0.21000000000000002,172.07400645976688,14242,C,8,263.3057154893976,15
11,0.22999999999999998,169.73132313231324,15554,C,8,337.53375337533754,21
12,0.25,161.74554707379136,16899,C,8,281.08172081188235,19
13,0.27,158.19038514067194,18305,C,8,204.862059546572,15
14,0.29000000000000004,152.58875407830342,19616,C,8,203.9151712887439,16
15,0.31,150.17645656527128,20974,C,8,226.47086869457425,19
16,0.33,152.68167173796314,22348,C,8,234.92035081439056,21
17,0.35,157.67138152339132,23684,C,8,221.6686370545516,21
18,0.37,159.9784692817768,25034,C,8,269.63329871374935,27
19,0.39,152.78334974623135,26402,C,8,236.7244905688963,25
20,0.41000000000000003,150.82686696206636,27759,C,8,180.12176231132247,20
21,0.43,142.98101788170564,29080,C,8,343.878954607978,40
22,0.45,139.4432854424982,30486,C,8,262.415534999672,32
23,0.47,138.38242504242882,31818,C,8,290.7159469482683,37
24,0.49,136.0220357401594,33128,C,8,301.85945423810676,40
25,0.51,140.40921330746735,34537,C,8,267.82870544633295,37
26,0.53,145.0964919613252,35889,C,8,327.3983671877177,47
27,0.55,143.9286002203531,37213,C,8,315.7498723564346,47
28,0.5700000000000001,144.67592784573915,38584,C,8,362.84470246734395,56
29,0.59,146.00333007836952,39939,C,8,375.57274844137316,60
30,0.61,145.85425954642372,41272,C,8,436.13103314595855,72
31,0.63,143.78427646396398,42624,C,8,363.64489489489495,62
32,0.65,143.17633700465538,44035,C,8,351.9927330532531,62
33,0.67,144.34580676477728,45323,C,8,341.9897182445999,62
34,0.69,145.28015672504603,46706,C,8,369.3315633965658,69
35,0.71,144.10552805623726,48082,C,8,327.5654090927998,63
36,0.73,144.78839687234128,49366,C,8,349.43078231981525,69
37,0.75,142.98942038693409,50758,C,8,325.0719098467237,66
38,0.77,141.74602170328617,52158,C,8,388.24341424134366,81
39,0.79,137.869064317642,53469,C,8,374.0485140922778,80
40,0.81,139.61574691031234,54779,C,8,333.1568666824879,73
41,0.83,143.73489174716693,56211,C,8,391.3824696233834,88
42,0.85,147.50434874096936,57028,C,8,363.8563512660448,83
43,0.87,146.36419100602689,53925,C,8,324.52480296708393,70
44,0.89,142.97943434261163,49111,C,8,290.15902750911204,57
45,0.91,141.4136073423783,45108,C,8,349.1620111731844,63
46,0.9299999999999999,140.00681179440767,41986,C,8,273.9008240842186,46
47,0.95,136.6695811999475,38085,C,8,282.26335827753707,43
48,0.97,137.31342444181993,35562,C,8,323.37888757662677,46
49,0.99,137.53725867564805,33254,C,8,285.6799182053287,38
0,0.01,186.46875,704,C,9,0.0,0
1,0.03,178.64085510688835,2105,C,9,237.52969121140143,2
2,0.05,173.6504550625711,3516,C,9,355.51763367463025,5
3,0.07,169.20268893868405,4909,C,9,203.70747606437155,4
4,0.09,168.83470681458004,6310,C,9,277.33755942947704,7
5,0.11,169.79194196139397,7719,C,9,194.325689856199,6
6,0.13,174.77074882140116,9121,C,9,274.09275298761105,10
7,0.15000000000000002,167.6420492348636,10521,C,9,237.61999809904003,10
8,0.16999999999999998,164.35646555341108,11917,C,9,293.6980783754301,14
9,0.19,164.61283550757236,13338,C,9,412.3556755135703,22
10,0.21000000000000002,159.33652280130292,14736,C,9,186.61780673181326,11
11,0.22999999999999998,158.03860932077342,16136,C,9,325.3594447198811,21
12,0.25,158.9139533557621,17537,C,9,342.13377430575355,24
13,0.27,155.4401055408971,18950,C,9,343.00791556728234,26
14,0.29000000000000004,153.49398477780505,20365,C,9,417.38276454701696,34
15,0.31,150.26180514046624,21749,C,9,298.8643156007173,26
16,0.33,150.01049177496654,23161,C,9,280.6441863477398,26
17,0.35,148.1498432346594,24559,C,9,254.4891892992386,25
18,0.37,145.44692651363425,25964,C,9,279.2327838545679,29
19,0.39,144.21642363775902,27363,C,9,310.63845338595917,34
20,0.41000000000000003,141.2179126264206,28773,C,9,260.6610363882807,30
21,0.43,143.02093893913792,30183,C,9,265.0498625053838,32
22,0.45,148.3252042820042,31574,C,9,316.7162855514031,40
23,0.47,146.61750341271045,32965,C,9,273.0168360382223,36
24,0.49,147.8729355664108,34392,C,9,261.68876482903,36
25,0.51,148.88000559284117,35760,C,9,314.5973154362416,45
26,0.53,147.68351979345954,37184,C,9,302.5494836488812,45
27,0.55,145.0047705470573,38570,C,9,343.5312418978481,53
28,0.5700000000000001,143.89046024686422,40022,C,9,293.58852631052923,47
29,0.59,144.44867893542,41406,C,9,344.1530213012607,57
30,0.61,143.93188456595396,42795,C,9,432.2934922304008,74
31,0.63,142.75064447560038,44222,C,9,384.424042331871,68
32,0.65,141.53943646529984,45605,C,9,378.2479991229032,69
33,0.67,141.97645582542856,47018,C,9,393.4663320430474,74
34,0.69,145.9112020164456,48402,C,9,361.55530763191604,70
35,0.71,147.41254390366282,49825,C,9,411.44004014049176,82
36,0.73,145.12862940992818,51248,C,9,390.25913206369034,80
37,0.75,144.28353415181115,52618,C,9,356.34193621954466,75
38,0.77,142.70033115645754,54053,C,9,434.75847779031693,94
39,0.79,144.35632453497394,55427,C,9,374.3662835802046,83
40,0.81,147.57258234797297,56832,C,9,365.1112049549549,83
41,0.83,151.35389141205616,58128,C,9,322.5639966969447,75
42,0.85,153.90071315784908,57631,C,9,347.0354496711839,80
43,0.87,152.89887536702923,54151,C,9,263.1530350316707,57
44,0.89,151.35225469518932,49785,C,9,321.3819423521141,64
45,0.91,144.9193386438182,44817,C,9,323.5379431911998,58
46,0.9299999999999999,139.79150834297042,42371,C,9,342.2151943546294,58
47,0.95,140.71085395853206,39838,C,9,288.66910989507505,46
48,0.97,140.62597515561717,36789,C,9,312.59343825600047,46
49,0.99,132.64318830790015,32569,C,9,245.6323497804661,32
0,0.01,149.15086206896552,696,C,10,359.1954022988506,1
1,0.03,144.48741529525654,2066,C,10,0.0,0
2,0.05,136.171453437772,3447,C,10,145.0536698578474,2
3,0.07,141.80373443983402,4820,C,10,259.33609958506224,5
4,0.09,137.9530923694779,6225,C,10,160.6425702811245,4
5,0.11,137.63722522048178,7597,C,10,197.4463604054232,6
6,0.13,145.49654403567448,8970,C,10,167.22408026755855,6
7,0.15000000000000002,150.33942028985507,10350,C,10,144.92753623188406,6
8,0.16999999999999998,141.41362551159617,11728,C,10,106.58253751705321,5
9,0.19,145.75514560146362,13118,C,10,171.520048787925,9
10,0.21000000000000002,142.30876370406122,14503,C,10,137.9025029304282,8
11,0.22999999999999998,139.7078269630376,15881,C,10,188.9049807946603,12
12,0.25,137.86180889946047,17237,C,10,159.54052329291642,11
13,0.27,144.04362758250605,18635,C,10,187.81862087469815,14
14,0.29000000000000004,146.09498601677987,20024,C,10,174.79025169796245,14
15,0.31,143.3551807904326,21406,C,10,186.86349621601423,16
16,0.33,140.01079278725925,22793,C,10,230.33387443513362,21
17,0.35,141.97618653193075,24146,C,10,238.13468069245425,23
18,0.37,139.3476489028213,25520,C,10,195.92476489028215,20
19,0.39,139.40225228573553,26906,C,10,250.8734111350628,27
20,0.41000000000000003,137.66921065649072,28302,C,10,229.66574800367468,26
21,0.43,138.32903291002796,29687,C,10,261.0570283288982,31
22,0.45,140.38780432894865,31093,C,10,257.2926382143891,32
23,0.47,141.60473796230605,32419,C,10,262.19192448872576,34
24,0.49,139.277107364685,33810,C,10,288.3762200532387,39
25,0.51,138.950954762446,35192,C,10,312.571038872471,44
26,0.53,137.8454851144099,36579,C,10,334.8916044725116,49
27,0.55,139.63033350003948,37991,C,10,282.9617540996552,43
28,0.5700000000000001,136.78986962157217,39347,C,10,241.44153302666024,38
29,0.59,137.07735960300693,40706,C,10,251.80563061956468,41
30,0.61,140.59398317570458,42082,C,10,255.4536381350696,43
31,0.63,144.2254667525062,43492,C,10,321.89828014347466,56
32,0.65,145.10415134701518,44877,C,10,317.5345945584598,57
33,0.67,147.51833592804013,46248,C,10,345.96090641757485,64
34,0.69,151.31524249422634,47630,C,10,320.17635943732944,61
35,0.71,151.65208516197515,48989,C,10,367.4294229316786,72
36,0.73,148.50638162726534,50379,C,10,337.4421882133429,68
37,0.75,150.49778842253684,51773,C,10,342.84279450678923,71
38,0.77,150.1854157654184,53167,C,10,413.79050915041284,88
39,0.79,147.89806546254698,54535,C,10,352.9843219950491,77
40,0.81,144.35612321562735,55902,C,10,362.2410647204036,81
41,0.83,142.76354112100577,57270,C,10,331.7618299284093,76
42,0.85,147.0908191969994,58655,C,10,289.83036399283947,68
43,0.87,149.12736497378378,58933,C,10,313.9158026911917,74
44,0.89,146.6257697773567,52775,C,10,331.59639981051635,70
45,0.91,141.49146377503467,43989,C,10,340.9943394939644,60
46,0.9299999999999999,136.99612900104034,41333,C,10,290.32492197517723,48
47,0.95,134.9482380006274,38252,C,10,248.35302729269057,38
48,0.97,137.4280530048936,36374,C,10,240.55644141419697,35
49,0.99,133.03876816808173,34745,C,10,223.05367678802708,31
0,0.01,160.96328293736502,463,C,11,539.9568034557236,1
1,0.03,155.23287671232876,1387,C,11,540.7354001441961,3
2,0.05,155.57371379161262,2313,C,11,540.4236921746649,5
3,0.07,150.01511879049676,3241,C,11,308.54674483184203,4
4,0.09,155.62625778629612,4174,C,11,778.6296118830858,13
5,0.11,152.01315014720313,5095,C,11,588.8125613346418,12
6,0.13,156.03122404916127,6021,C,11,539.7774456070421,13
7,0.15000000000000002,151.08065677660954,6943,C,11,504.10485380959244,14
8,0.16999999999999998,149.50235518777848,7855,C,11,413.7492043284533,13
9,0.19,151.81822318280058,8791,C,11,540.3253327266523,19
10,0.21000000000000002,149.6510743291868,9727,C,11,539.7347589184744,21
11,0.22999999999999998,151.54165103189493,10660,C,11,586.3039399624765,25
12,0.25,148.34853589012698,11577,C,11,475.07989980133027,22
13,0.27,150.6882150572046,12499,C,11,540.0432034562765,27
14,0.29000000000000004,151.04411983902222,13418,C,11,503.0555969593084,27
15,0.31,147.74517051398286,14339,C,11,418.4392217030477,24
16,0.33,151.61574256127932,15258,C,11,507.93026608992005,31
17,0.35,154.90320192485657,16209,C,11,508.9764945400704,33
18,0.37,148.7212502915792,17148,C,11,451.94774900863075,31
19,0.39,147.7764009514853,18077,C,11,442.5513082923052,32
20,0.41000000000000003,149.50252924438823,18978,C,11,447.88702708399205,34
21,0.43,147.43695324283559,19890,C,11,540.4725992961288,43
22,0.45,148.35315592275916,20818,C,11,396.2916706696128,33
23,0.47,148.41675869685255,21732,C,11,483.1584759801215,42
24,0.49,149.85746377130775,22703,C,11,561.5997885741973,51
25,0.51,146.51389770275415,23637,C,11,412.4888945297627,39
26,0.53,142.7189944589309,24544,C,11,376.874185136897,37
27,0.55,143.9617061388005,25461,C,11,520.4037547621854,53
28,0.5700000000000001,143.80767042221464,26361,C,11,464.70164257805095,49
29,0.59,143.99681505344853,27316,C,11,411.84653682823256,45
30,0.61,146.98834614430945,28231,C,11,602.1749141015197,68
31,0.63,146.5211740904571,29163,C,11,480.06035044405587,56
32,0.65,146.1902721020632,30099,C,11,564.8028173693478,68
33,0.67,142.46412808865693,31041,C,11,491.2857188879224,61
34,0.69,146.28651069560587,31929,C,11,610.730057314667,78
35,0.71,145.04095916255858,32862,C,11,517.3148317205283,68
36,0.73,144.30547499260135,33790,C,11,643.6815625924829,87
37,0.75,140.77919571354496,34714,C,11,525.7244915596012,73
38,0.77,140.2984509176629,35634,C,11,519.1670876129539,74
39,0.79,139.44914420079837,36574,C,11,430.63378356209336,63
40,0.81,137.991446842526,37530,C,11,519.5843325339728,78
41,0.83,142.26119208745445,38420,C,11,475.01301405517967,73
42,0.85,146.06516933865188,39359,C,11,470.03226707995634,74
43,0.87,145.773809227708,40205,C,11,410.3967168262654,66
44,0.89,143.66936862420732,36270,C,11,351.5301902398677,51
45,0.91,145.89139522993173,33249,C,11,481.21748022496917,64
46,0.9299999999999999,145.7756796353573,30715,C,11,431.38531662054373,53
47,0.95,138.7686154949785,27880,C,11,421.44906743185084,47
48,0.97,138.50567977998327,25089,C,11,398.5810514568137,40
49,0.99,136.71582923401266,22768,C,11,450.1932536893886,41
0,0.01,126.75054704595186,457,C,12,547.0459518599563,1
1,0.03,129.29694323144105,1374,C,12,181.9505094614265,1
2,0.05,138.13201754385966,2280,C,12,438.5964912280702,4
3,0.07,142.32633886626996,3193,C,12,313.1850923896023,4
4,0.09,141.4276668290307,4106,C,12,730.6380905991233,12
5,0.11,137.47223880597014,5025,C,12,398.00995024875624,8
6,0.13,141.44131534569982,5930,C,12,632.3777403035414,15
7,0.15000000000000002,137.36700729927009,6850,C,12,328.46715328467155,9
8,0.16999999999999998,138.47356203249936,7754,C,12,451.37993293783853,14
9,0.19,139.7341786743516,8675,C,12,432.2766570605187,15
10,0.21000000000000002,133.60407098121087,9580,C,12,339.2484342379958,13
11,0.22999999999999998,132.28122020972356,10490,C,12,405.1477597712107,17
12,0.25,132.71781830936513,11404,C,12,284.98772360575236,13
13,0.27,136.718215010142,12325,C,12,608.5192697768763,30
14,0.29000000000000004,134.6652065553961,13241,C,12,415.3764821388113,22
15,0.31,137.121402814113,14143,C,12,477.267906384784,27
16,0.33,134.76390917540832,15062,C,12,431.5495950073032,26
17,0.35,133.34831320022533,15977,C,12,500.71978469049265,32
18,0.37,132.78304623216718,16893,C,12,325.57864204108216,22
19,0.39,135.48666404626874,17809,C,12,491.32461115166495,35
20,0.41000000000000003,134.760376048288,18721,C,12,333.84968751669254,25
21,0.43,131.71001936601775,19622,C,12,433.1872388135766,34
22,0.45,128.6343101937494,20542,C,12,352.9354493233376,29
23,0.47,132.2619869402985,21440,C,12,384.79477611940297,33
24,0.49,132.73823792486584,22360,C,12,480.76923076923083,43
25,0.51,135.6010140070465,23274,C,12,451.14720288734213,42
26,0.53,135.02282029021455,24189,C,12,475.4227128033404,46
27,0.55,132.7228219734693,25103,C,12,458.1125761861132,46
28,0.5700000000000001,130.6191739732349,26004,C,12,451.8535609906168,47
29,0.59,128.74243155900598,26921,C,12,482.8943947104491,52
30,0.61,129.74497270899167,27848,C,12,520.6837115771331,58
31,0.63,130.72008903728437,28752,C,12,521.7028380634391,60
32,0.65,130.5968176914779,29664,C,12,497.2357065803668,59
33,0.67,130.93708901756796,30567,C,12,605.2278601105768,74
34,0.69,128.80336507936508,31500,C,12,420.6349206349206,53
35,0.71,130.3176485117945,32388,C,12,548.0424848709398,71
36,0.73,128.84473186687873,33323,C,12,472.64652042133065,63
37,0.75,130.37794263683625,34238,C,12,481.9206729365033,66
38,0.77,132.40993771153902,35159,C,12,526.1810631701699,74
39,0.79,131.85217945874,36064,C,12,443.6557231588288,64
40,0.81,129.99983770624831,36970,C,12,378.6854206113065,56
41,0.83,132.21848850407835,37883,C,12,442.1508328273896,67
42,0.85,132.4373389009176,38796,C,12,470.4093205485102,73
43,0.87,129.78906013901482,39708,C,12,377.75763070414024,60
44,0.89,132.2833028520587,40462,C,12,376.89684148089566,61
45,0.91,132.74169374279427,38164,C,12,320.98312545854736,49
46,0.9299999999999999,135.61171502520094,36705,C,12,313.3088135131453,46
47,0.95,137.37042955164958,31917,C,12,281.98138922831095,36
48,0.97,138.99434405236198,28112,C,12,293.46898121798523,33
49,0.99,140.58902122796994,22753,C,12,274.6890519931438,25
0,0.01,137.25174825174824,429,C,13,582.7505827505828,1
1,0.03,140.91344667697064,1294,C,13,579.5981452859351,3
2,0.05,137.65811567164178,2144,C,13,583.0223880597015,5
3,0.07,142.0176138251911,3009,C,13,581.5885676304421,7
4,0.09,139.44797314743093,3873,C,13,516.3955589981927,8
5,0.11,137.84328674290555,4722,C,13,529.4366793731471,10
6,0.13,138.58915145005372,5586,C,13,537.0569280343717,12
7,0.15000000000000002,135.07641041537508,6452,C,13,464.9721016738996,12
8,0.16999999999999998,139.00765759606182,7313,C,13,341.8569670449884,10
9,0.19,140.31940700808624,8162,C,13,367.5569713305563,12
10,0.21000000000000002,133.87147926369482,9018,C,13,471.2796628964294,17
11,0.22999999999999998,134.20216205294,9898,C,13,454.6373004647404,18
12,0.25,132.75999254635238,10733,C,13,326.09708376036525,14
13,0.27,135.33114867195584,11596,C,13,344.9465332873405,16
14,0.29000000000000004,139.83730063316503,12477,C,13,581.0691672677727,29
15,0.31,140.87399443650853,13301,C,13,469.8894819938351,25
16,0.33,135.91761804087386,14190,C,13,334.74277660324174,19
17,0.35,138.39352866919143,15051,C,13,431.86499235931166,26
18,0.37,137.9203645505971,15910,C,13,424.26147077309867,27
19,0.39,140.20693772762553,16749,C,13,477.64045614663564,32
20,0.41000000000000003,138.82188049707767,17623,C,13,482.3242353742269,34
21,0.43,134.48400714401689,18477,C,13,284.1370352329924,21
22,0.45,137.9771434481332,19338,C,13,478.3328162167753,37
23,0.47,142.0761267954433,20190,C,13,482.91233283803865,39
24,0.49,141.39562784522002,21088,C,13,509.768588770865,43
25,0.51,138.9797698419947,21898,C,13,502.3289798155083,44
26,0.53,139.7561093530239,22752,C,13,527.4261603375528,48
27,0.55,139.21189842396586,23667,C,13,338.0234081210124,32
28,0.5700000000000001,139.96858660130718,24480,C,13,439.1339869281046,43
29,0.59,139.9191437357092,25366,C,13,492.7856185445084,50
30,0.61,138.3066595468762,26218,C,13,505.37798459073923,53
31,0.63,135.58180140273163,27090,C,13,322.99741602067184,35
32,0.65,134.85129325786343,27914,C,13,483.62828688113495,54
33,0.67,134.31354843191053,28793,C,13,442.8159622130379,51
34,0.69,138.7438481763635,29666,C,13,455.06640598665143,54
35,0.71,137.44229508196722,30500,C,13,508.1967213114754,62
36,0.73,134.94936547414068,31362,C,13,454.37153242777885,57
37,0.75,134.3347691354199,32270,C,13,433.83947939262475,56
38,0.77,133.92379800423345,33070,C,13,453.58330813426073,60
39,0.79,135.32246846634445,33932,C,13,515.7373570670753,70
40,0.81,132.83179340028695,34850,C,13,401.7216642754663,56
41,0.83,129.25279811495415,35649,C,13,329.60251339448513,47
42,0.85,127.88915649460836,36538,C,13,376.32054299633256,55
43,0.87,130.62792190425247,37390,C,13,287.51002941963094,43
44,0.89,133.68102344301283,38263,C,13,300.55144656717977,46
45,0.91,137.92054646773323,38941,C,13,301.73852751598577,47
46,0.9299999999999999,137.96339968955093,36721,C,13,231.47517769123937,34
47,0.95,138.7551684532925,31344,C,13,271.1842776927004,34
48,0.97,140.9273118758585,26937,C,13,306.2701859895311,33
49,0.99,142.38511266220078,21347,C,13,351.3374244624538,30
0,0.01,124.43566591422122,443,C,14,564.3340857787811,1
1,0.03,130.0270880361174,1329,C,14,564.3340857787811,3
2,0.05,141.49501811594203,2208,C,14,452.8985507246377,4
3,0.07,133.9574951330305,3082,C,14,405.5807916937054,5
4,0.09,138.06965049031933,3977,C,14,565.7530802112145,9
5,0.11,133.78060805258832,4868,C,14,513.5579293344289,10
6,0.13,133.5394759673781,5763,C,14,477.1820232517786,11
7,0.15000000000000002,133.76499018275186,6621,C,14,453.10376076121435,12
8,0.16999999999999998,132.10708577517315,7508,C,14,499.4672349493873,15
9,0.19,134.16400476758045,8390,C,14,357.56853396901073,12
10,0.21000000000000002,136.3915948275862,9280,C,14,565.7327586206897,21
11,0.22999999999999998,136.63328742868384,10166,C,14,245.9177650993508,10
12,0.25,136.0309586313026,11047,C,14,475.24214718928215,21
13,0.27,131.3246524870206,11942,C,14,397.75581979567914,19
14,0.29000000000000004,129.91645234198427,12831,C,14,428.6493648195776,22
15,0.31,128.87162458035323,13702,C,14,364.9102320829076,20
16,0.33,135.35402361988466,14564,C,14,411.9747322164241,24
17,0.35,137.15891598214864,15461,C,14,420.41265118685726,26
18,0.37,132.777057600587,16354,C,14,397.456279809221,26
19,0.39,133.65165478467512,17253,C,14,405.72654031182987,28
20,0.41000000000000003,135.61947586206895,18125,C,14,510.3448275862069,37
21,0.43,138.86997474215954,19004,C,14,407.8088823405599,31
22,0.45,137.33038229376257,19880,C,14,414.989939637827,33
23,0.47,135.37841608929946,20784,C,14,372.88298691301,31
24,0.49,134.64673536343054,21641,C,14,473.6380019407606,41
25,0.51,134.9132732359341,22519,C,14,388.5607709045695,35
26,0.53,134.524646835389,23431,C,14,330.7583969954334,31
27,0.55,136.99432752384084,24328,C,14,421.3252219664584,41
28,0.5700000000000001,134.12027777777777,25200,C,14,376.984126984127,38
29,0.59,135.45056757171346,26076,C,14,508.13008130081306,53
30,0.61,132.11369202226345,26950,C,14,519.4805194805195,56
31,0.63,130.88569785413895,27821,C,14,494.2309766004098,55
32,0.65,133.45030623608017,28736,C,14,513.293429844098,59
33,0.67,134.24785574390492,29614,C,14,464.3074221651922,55
34,0.69,132.95002623294857,30496,C,14,516.4611752360966,63
35,0.71,131.34829563555272,31390,C,14,390.2516725071679,49
36,0.73,131.90287502323565,32278,C,14,557.6553689819691,72
37,0.75,129.63035148589532,33145,C,14,445.0143309699804,59
38,0.77,125.75380815150268,34006,C,14,426.3953419984708,58
39,0.79,125.28200131816489,34897,C,14,415.50849643235813,58
40,0.81,124.7601630556176,35816,C,14,418.8072369890552,60
41,0.83,122.22695692450209,36703,C,14,347.3830477072719,51
42,0.85,124.19987223508744,37569,C,14,379.3020841651362,57
43,0.87,127.07644488373303,38446,C,14,364.14711543463557,56
44,0.89,132.10722875986033,38665,C,14,362.0845726108884,56
45,0.91,135.23954327981448,34069,C,14,396.2546596612757,54
46,0.9299999999999999,135.54318374259103,28344,C,14,317.52751905165115,36
47,0.95,133.0596106548835,23989,C,14,333.48618116636794,32
48,0.97,135.9920620354226,21794,C,14,401.48664770120223,35
49,0.99,133.46772209445365,18697,C,14,334.27822645344173,25
0,0.01,133.45109780439122,501,C,15,998.0039920159683,2
1,0.03,137.63076923076923,1495,C,15,501.67224080267556,3
2,0.05,134.4043062200957,2508,C,15,398.72408293460927,4
3,0.07,136.51490825688074,3488,C,15,501.72018348623857,7
4,0.09,136.17007558915074,4498,C,15,333.48154735437976,6
5,0.11,135.21559716415197,5501,C,15,590.8016724231958,13
6,0.13,130.8963442850532,6483,C,15,462.7487274409995,12
7,0.15000000000000002,129.98108432130013,7507,C,15,432.92926601838286,13
8,0.16999999999999998,130.7040792265975,8482,C,15,442.1127092666824,15
9,0.19,129.54876380852184,9505,C,15,631.246712256707,24
10,0.21000000000000002,133.39681935053804,10501,C,15,499.9523854870965,21
11,0.22999999999999998,134.05733205541517,11477,C,15,566.3500914873225,26
12,0.25,135.9661681196513,12503,C,15,519.8752299448132,26
13,0.27,137.5674632625798,13474,C,15,556.6275790411162,30
14,0.29000000000000004,133.66390671358587,14493,C,15,413.992962119644,24
15,0.31,134.52678053496615,15515,C,15,467.2897196261682,29
16,0.33,134.72949823836714,16462,C,15,349.2892722633945,23
17,0.35,137.22563692448304,17506,C,15,542.6710841997029,38
18,0.37,136.32216327414466,18472,C,15,392.4859246427025,29
19,0.39,131.26528726189866,19477,C,15,436.4121784669097,34
20,0.41000000000000003,125.84362360508747,20521,C,15,414.20983382876085,34
21,0.43,130.91206334420121,21470,C,15,454.1220307405682,39
22,0.45,128.21582317886686,22486,C,15,389.13101485368674,35
23,0.47,130.45978529436823,23474,C,15,521.8539660901423,49
24,0.49,130.8033831821525,24474,C,15,459.6714881098309,45
25,0.51,130.47869880462474,25515,C,15,401.72447579854986,41
26,0.53,130.04794831104059,26466,C,15,481.7501700294718,51
27,0.55,128.05300687597773,27487,C,15,391.0939716957107,43
28,0.5700000000000001,128.01246795209497,28473,C,15,482.9136374811225,55
29,0.59,122.88475117115894,29458,C,15,449.7929255210809,53
30,0.61,121.76182050525902,30519,C,15,434.15577181427966,53
31,0.63,122.149685174585,31446,C,15,397.5068371175984,50
32,0.65,125.12511539171642,32498,C,15,323.0968059572897,42
33,0.67,127.61927797187136,33489,C,15,567.350473289737,76
34,0.69,123.72147709458282,34446,C,15,428.2064680949893,59
35,0.71,120.75468987662667,35502,C,15,443.6369781984114,63
36,0.73,117.11961945495422,36474,C,15,397.5434556122169,58
37,0.75,117.33873681399386,37445,C,15,407.2639871811991,61
38,0.77,119.13823101693154,38508,C,15,389.52944842630103,60
39,0.79,122.63134685970637,39232,C,15,414.20269168026107,65
40,0.81,119.75176185968233,38028,C,15,368.14978436941203,56
41,0.83,121.08712363869314,35903,C,15,334.23390802996965,48
42,0.85,120.26485426008969,32112,C,15,365.90682610861984,47
43,0.87,120.14513950653885,30357,C,15,387.0606449912706,47
44,0.89,119.4895761662309,29068,C,15,412.82509976606576,48
45,0.91,121.7481923810209,27799,C,15,359.7251699701429,40
46,0.9299999999999999,120.34569957601454,26416,C,15,227.13506965475472,24
47,0.95,132.54287833248762,25619,C,15,380.576915570475,39
48,0.97,146.46367888697878,25013,C,15,239.87526486227162,24
49,0.99,145.4364104156501,22543,C,15,288.3378432329326,26
0,0.01,164.34246575342465,438,C,16,570.7762557077626,1
1,0.03,161.41189931350115,1311,C,16,953.4706331045005,5
2,0.05,163.8391959798995,2189,C,16,685.2444038373686,6
3,0.07,159.06199021207178,3065,C,16,652.5285481239804,8
4,0.09,163.8739816700611,3928,C,16,700.10183299389,11
5,0.11,157.3687162442875,4814,C,16,675.1142501038638,13
6,0.13,156.02089919213208,5694,C,16,878.117316473481,20
7,0.15000000000000002,154.03429355281207,6561,C,16,571.5592135345222,15
8,0.16999999999999998,149.18460710441335,7432,C,16,773.681377825619,23
9,0.19,150.30981853142652,8321,C,16,660.978247806754,22
10,0.21000000000000002,147.75324109380108,9179,C,16,680.9020590478266,25
11,0.22999999999999998,150.2497266129834,10059,C,16,646.1874937866587,26
12,0.25,153.13228576649004,10946,C,16,822.2181618856204,36
13,0.27,155.997628525451,11807,C,16,571.6947573473363,27
14,0.29000000000000004,154.479025390317,12682,C,16,571.6763917363193,29
15,0.31,151.15099904150998,13563,C,16,718.8675071886752,39
16,0.33,149.27244410604277,14447,C,16,605.6620751713159,35
17,0.35,149.09923564382308,15307,C,16,751.2902593584635,46
18,0.37,149.10874806800618,16175,C,16,540.9582689335394,35
19,0.39,147.46112836135686,17069,C,16,556.5645321928642,38
20,0.41000000000000003,149.2146921017403,17928,C,16,585.6760374832664,42
21,0.43,143.3114065408136,18805,C,16,545.0678011167244,41
22,0.45,142.08395475067215,19713,C,16,608.7353523055853,48
23,0.47,142.0282766340585,20547,C,16,547.5251861585633,45
24,0.49,145.99010409373105,21423,C,16,548.4759370769734,47
25,0.51,141.99722359052438,22331,C,16,492.58877793202277,44
26,0.53,140.69927473666033,23164,C,16,507.25263339664997,47
27,0.55,141.01895183076348,24061,C,16,488.3421304185196,47
28,0.5700000000000001,143.5595510122269,24945,C,16,651.4331529364603,65
29,0.59,141.12537764350452,25818,C,16,484.15833914323343,50
30,0.61,141.37256298740252,26672,C,16,478.0293941211758,51
31,0.63,145.89531340684852,27568,C,16,580.3830528148578,64
32,0.65,142.1456597405337,28443,C,16,430.68593327004885,49
33,0.67,143.31633036293488,29289,C,16,606.0295674143877,71
34,0.69,141.54143756210667,30190,C,16,563.1003643590593,68
35,0.71,135.70668125643667,31072,C,16,571.2538619979402,71
36,0.73,128.1336508035966,31919,C,16,603.0890692064288,77
37,0.75,121.5608433367863,32822,C,16,434.16001462433735,57
38,0.77,119.03377355690755,33695,C,16,600.9793737943315,81
39,0.79,115.54554142894379,34529,C,16,608.1844246864955,84
40,0.81,109.69995203295618,35441,C,16,479.67043819305326,68
41,0.83,101.45701070946782,36323,C,16,385.4307188282906,56
42,0.85,95.71689792406153,37188,C,16,396.6333225771754,59
43,0.87,93.18943854484282,38044,C,16,229.9968457575439,35
44,0.89,90.72250044944397,38937,C,16,199.03947402213834,31
45,0.91,98.38983646914015,39809,C,16,144.43969956542492,23
46,0.9299999999999999,84.5235118375135,39831,C,16,69.04170118751726,11
47,0.95,93.70638309827498,35594,C,16,112.37849075686913,16
48,0.97,98.45536022061358,31911,C,16,109.68004763247782,14
49,0.99,91.7351411456652,27879,C,16,125.5425230460203,14
0,0.01,137.92808988764045,445,C,17,561.7977528089888,1
1,0.03,150.93139448173005,1341,C,17,932.1401938851603,5
2,0.05,155.32377966860724,2233,C,17,1119.5700850873266,10
3,0.07,155.3815028901734,3114,C,17,802.8259473346178,10
4,0.09,162.5086185360979,4003,C,17,749.4379215588309,12
5,0.11,152.92111179235644,4893,C,17,664.2141835274883,13
6,0.13,150.69659228507177,5781,C,17,562.186472928559,13
7,0.15000000000000002,152.93908629441626,6698,C,17,1045.0880859958197,28
8,0.16999999999999998,143.6773470464135,7584,C,17,428.53375527426164,13
9,0.19,142.92341279206985,8474,C,17,619.5421288647628,21
10,0.21000000000000002,142.0250934329952,9365,C,17,560.5979711692472,21
11,0.22999999999999998,140.39839781164517,10236,C,17,586.1664712778429,24
12,0.25,144.0890484739677,11140,C,17,628.3662477558349,28
13,0.27,143.49842061512885,12030,C,17,561.0972568578554,27
14,0.29000000000000004,141.66116790582404,12912,C,17,697.0260223048327,36
15,0.31,138.45295990736722,13818,C,17,524.6779562888986,29
16,0.33,138.57939154699517,14693,C,17,493.4322466480637,29
17,0.35,143.33688535113623,15578,C,17,545.641288997304,34
18,0.37,143.88702243784113,16490,C,17,409.33899332929053,27
19,0.39,146.17454106002188,17377,C,17,445.9918282787593,31
20,0.41000000000000003,146.18099770265835,18282,C,17,519.6368012252489,38
21,0.43,146.61955161626693,19180,C,17,417.10114702815434,32
22,0.45,147.04114097641252,20053,C,17,548.5463521667582,44
23,0.47,144.50990879136623,20941,C,17,453.6555083329354,38
24,0.49,141.38958361962347,21831,C,17,412.25779854335576,36
25,0.51,138.89208125853787,22693,C,17,440.66452209932584,40
26,0.53,137.76332613573817,23619,C,17,423.38795037893226,40
27,0.55,133.90546004002124,24487,C,17,387.96095887613836,38
28,0.5700000000000001,130.96082214434776,25397,C,17,452.80938693546483,46
29,0.59,127.86643367269411,26324,C,17,417.8696246771007,44
30,0.61,128.0172775833487,27145,C,17,589.4271504881194,64
31,0.63,126.45661304100227,28096,C,17,427.10706150341684,48
32,0.65,129.8705423412849,28967,C,17,543.7221666033763,63
33,0.67,126.39992633024144,29863,C,17,510.66537186484953,61
34,0.69,124.98910675381264,30753,C,17,487.757291971515,60
35,0.71,123.77089851774596,31641,C,17,474.0684554849721,60
36,0.73,119.5650434033122,32486,C,17,415.56362740872993,54
37,0.75,118.50760296934865,33408,C,17,396.61159003831415,53
38,0.77,124.99754851889683,34265,C,17,415.8762585728878,57
39,0.79,113.8465381667471,35227,C,17,305.1636528798933,43
40,0.81,105.65853861057293,36130,C,17,352.89233324107397,51
41,0.83,104.47403498272625,36761,C,17,380.8383885095618,56
42,0.85,105.36279426676532,36489,C,17,274.05519471621585,40
43,0.87,107.11663229474388,35882,C,17,278.69126581572937,40
44,0.89,105.55474011396996,34746,C,17,223.04725723824325,31
45,0.91,102.02997267110266,33664,C,17,207.93726235741445,28
46,0.9299999999999999,103.74813955735962,31041,C,17,201.34660610160756,25
47,0.95,90.08833812177646,28889,C,17,173.07625739901002,20
48,0.97,81.66238197254621,25206,C,17,158.69237483138934,16
49,0.99,91.07065367288774,21754,C,17,91.93711501333088,8
0,0.01,123.22332506203475,403,C,18,620.3473945409429,1
1,0.03,137.53965658217498,1223,C,18,613.2461161079314,3
2,0.05,145.24311023622047,2032,C,18,738.1889763779528,6
3,0.07,149.24982381959126,2838,C,18,792.8118393234673,9
4,0.09,145.19207650273225,3660,C,18,887.9781420765029,13
5,0.11,140.38226711560046,4455,C,18,448.93378226711565,8
6,0.13,143.98218347232753,5276,C,18,852.9188779378318,18
7,0.15000000000000002,143.27705911249387,6107,C,18,736.8593417389881,18
8,0.16999999999999998,141.55591100770684,6877,C,18,581.6489748436819,16
9,0.19,145.02668739474026,7719,C,18,777.302759424796,24
10,0.21000000000000002,143.3416920553082,8534,C,18,410.1242090461683,14
11,0.22999999999999998,143.50530831099195,9325,C,18,509.38337801608577,19
12,0.25,143.17748917748918,10164,C,18,442.7390791027155,18
13,0.27,143.18366228070175,10944,C,18,365.49707602339186,16
14,0.29000000000000004,145.76105593752652,11781,C,18,403.1915796621679,19
15,0.31,145.76873610670054,12596,C,18,456.4941251190854,23
16,0.33,148.98221092757305,13379,C,18,448.4640107631363,24
17,0.35,149.31342338539469,14214,C,18,439.7073308006191,25
18,0.37,148.468153078203,15025,C,18,449.2512479201331,27
19,0.39,146.909757330637,15824,C,18,426.56723963599603,27
20,0.41000000000000003,145.58162162162162,16650,C,18,450.4504504504505,30
21,0.43,141.99077628186765,17455,C,18,329.41850472643944,23
22,0.45,140.4690202517789,18270,C,18,451.55993431855507,33
23,0.47,137.29146571608302,19076,C,18,288.3204026001258,22
24,0.49,138.1442007846293,19882,C,18,264.05794185695606,21
25,0.51,137.50555448222565,20704,C,18,301.8740340030912,25
26,0.53,135.5165544462503,21535,C,18,475.96935221732065,41
27,0.55,132.37483740749047,22295,C,18,381.2514016595649,34
28,0.5700000000000001,129.24340201287202,23151,C,18,377.953436136668,35
29,0.59,130.80879652812553,23964,C,18,312.96945418127194,30
30,0.61,134.0073559130224,24742,C,18,303.12828388974214,30
31,0.63,131.4772895918766,25605,C,18,419.8398750244093,43
32,0.65,131.3129362670713,26360,C,18,369.8786039453718,39
33,0.67,131.25791389389315,27199,C,18,432.00117651384244,47
34,0.69,130.28068923691626,28031,C,18,410.2600692090899,46
35,0.71,129.47800576328854,28803,C,18,407.94361698434193,47
36,0.73,124.72970236890059,29634,C,18,438.68529391914694,52
37,0.75,121.38691668582312,30451,C,18,394.0757282191061,48
38,0.77,111.07141485889807,31254,C,18,359.95392589748514,45
39,0.79,106.03367003367003,32076,C,18,296.1715924678888,38
40,0.81,105.68254499027238,32896,C,18,448.38278210116727,59
41,0.83,105.04584186930317,33681,C,18,334.0162109201034,45
42,0.85,96.58861878132878,34513,C,18,231.79671428157508,32
43,0.87,89.01342319891255,35312,C,18,254.8708654281831,36
44,0.89,90.98734913077179,36124,C,18,186.85638356771125,27
45,0.91,94.62671616125775,36637,C,18,218.35849005104131,32
46,0.9299999999999999,91.05401674795252,32601,C,18,122.69562283365542,16
47,0.95,97.40177521120735,28053,C,18,106.94043417816277,12
48,0.97,106.55853687408752,25343,C,18,177.56382433018982,18
49,0.99,97.40281379045425,20826,C,18,72.02535292422932,6
0,0.01,130.89375,480,C,19,520.8333333333334,1
1,0.03,135.8986995208761,1461,C,19,855.5783709787818,5
2,0.05,136.17391304347825,2415,C,19,517.5983436853002,5
3,0.07,139.86497641509433,3392,C,19,663.3254716981132,9
4,0.09,137.76734037666515,4354,C,19,459.34772622875516,8
5,0.11,136.1444945509207,5322,C,19,375.79857196542656,8
6,0.13,135.61494616846105,6316,C,19,435.402153261558,11
7,0.15000000000000002,132.74492753623187,7245,C,19,483.09178743961354,14
8,0.16999999999999998,126.68301566104164,8237,C,19,424.911982517907,14
9,0.19,127.60930535927818,9199,C,19,570.7142080660942,21
10,0.21000000000000002,124.70434440731276,10174,C,19,393.1590328287793,16
11,0.22999999999999998,124.58893777498429,11137,C,19,561.1924216575379,25
12,0.25,123.5889753352094,12082,C,19,434.5307068366165,21
13,0.27,123.33417277167277,13104,C,19,591.4224664224664,31
14,0.29000000000000004,122.88413331434269,14042,C,19,534.1119498646917,30
15,0.31,119.55003662028098,15019,C,19,649.1777082362341,39
16,0.33,117.26702160977138,15965,C,19,532.4146570623238,34
17,0.35,118.6954878336877,16932,C,19,428.18332152137964,29
18,0.37,120.56747424115845,17955,C,19,389.86354775828465,28
19,0.39,123.09268784134896,18859,C,19,344.66302561111405,26
20,0.41000000000000003,120.58911489276005,19862,C,19,377.60547779679797,30
21,0.43,121.76195965417867,20820,C,19,444.2843419788665,37
22,0.45,122.73716095277433,21789,C,19,424.5261370416265,37
23,0.47,120.3674928712437,22795,C,19,263.2156174599693,24
24,0.49,119.54028716216216,23680,C,19,316.72297297297297,30
25,0.51,116.8298612515675,24721,C,19,333.7243639011367,33
26,0.53,117.76205324083097,25657,C,19,380.01325174416337,39
27,0.55,112.73913369867127,26642,C,19,281.5103971173335,30
28,0.5700000000000001,110.29847391887483,27587,C,19,289.9916627396962,32
29,0.59,107.50613045610594,28546,C,19,324.038394170812,37
30,0.61,108.57533783783784,29600,C,19,295.6081081081081,35
31,0.63,109.1875574222339,30476,C,19,303.5175219845124,37
32,0.65,111.03427246450465,31483,C,19,365.2764984277229,46
33,0.67,108.3750539357702,32446,C,19,285.08907107193494,37
34,0.69,110.47451332734352,33390,C,19,321.9526804432465,43
35,0.71,112.3958393863676,34418,C,19,421.2911848451392,58
36,0.73,112.79722497522299,35315,C,19,417.6695455189013,59
37,0.75,115.05554179396141,36333,C,19,474.7749979357609,69
38,0.77,116.91837611427344,37244,C,19,322.1995489206315,48
39,0.79,122.51887038680378,38314,C,19,378.451740878008,58
40,0.81,120.73287269574972,39221,C,19,356.95163305372125,56
41,0.83,114.18998182587697,40167,C,19,304.9767221848781,49
42,0.85,100.24497231127951,41172,C,19,285.38812785388126,47
43,0.87,92.60703178785937,42123,C,19,172.11499655770007,29
44,0.89,96.29360181877233,43106,C,19,185.58901313042267,32
45,0.91,88.39519680392246,44054,C,19,90.79765742043855,16
46,0.9299999999999999,97.08703666688875,45027,C,19,77.7311390943212,14
47,0.95,96.23347543289093,45508,C,19,131.84495033840204,24
48,0.97,87.62584437683701,38786,C,19,128.91249419893776,20
49,0.99,85.56288311139294,28386,C,19,220.1789614598746,25
0,0.01,128.64893617021278,564,C,20,0.0,0
1,0.03,134.00714711137582,1679,C,20,744.4907683144729,5
2,0.05,130.95305832147938,2812,C,20,355.6187766714083,4
3,0.07,124.62681251589926,3931,C,20,381.58229458153147,6
4,0.09,113.96728786677241,5044,C,20,396.5107057890563,8
5,0.11,124.23241145075207,6183,C,20,687.3685912987223,17
6,0.13,118.58945205479452,7300,C,20,479.45205479452056,14
7,0.15000000000000002,130.12538552787663,8430,C,20,533.8078291814946,18
8,0.16999999999999998,129.8793464599916,9548,C,20,654.5873481357353,25
9,0.19,127.19532569926788,10654,C,20,445.8419373005444,19
10,0.21000000000000002,127.63530807695568,11799,C,20,317.82354436816684,15
11,0.22999999999999998,127.41925249555057,12923,C,20,599.7059506306585,31
12,0.25,127.19007911054095,14031,C,20,463.2599244529969,26
13,0.27,129.85563473211928,15156,C,20,626.814462918976,38
14,0.29000000000000004,133.50976178781926,16288,C,20,460.4616895874263,30
15,0.31,131.0439655172414,17400,C,20,474.1379310344828,33
16,0.33,129.30828526764057,18551,C,20,552.530860870034,41
17,0.35,127.55430578175896,19648,C,20,534.4055374592834,42
18,0.37,120.97515767175389,20771,C,20,529.5845168744885,44
19,0.39,128.7165670484099,21917,C,20,513.3001779440617,45
20,0.41000000000000003,129.79805268190907,23006,C,20,412.9357558897679,38
21,0.43,129.84259566009607,24148,C,20,414.112970018221,40
22,0.45,132.13615859449192,25272,C,20,395.6948401392846,40
23,0.47,132.9488492018352,26373,C,20,455.0108065066546,48
24,0.49,131.11534130126785,27527,C,20,326.95172012932755,36
25,0.51,133.59642570421306,28649,C,20,375.2312471639499,43
26,0.53,131.5117443462482,29759,C,20,352.83443664101617,42
27,0.55,129.329180688584,30904,C,20,388.29924928811806,48
28,0.5700000000000001,127.23890400675613,31971,C,20,351.88139251196395,45
29,0.59,124.30014482259233,33144,C,20,369.5993241612358,49
30,0.61,125.59178553717803,34281,C,20,430.26749511391154,59
31,0.63,120.98144114069086,35347,C,20,311.20038475683936,44
32,0.65,122.79417645930917,36507,C,20,321.8560823951571,47
33,0.67,121.58657910828703,37613,C,20,358.91845904341585,54
34,0.69,118.90907213834043,38745,C,20,367.7893921796361,57
35,0.71,121.12169206094627,39904,C,20,357.107056936648,57
36,0.73,122.02221354293805,40966,C,20,372.2599228628619,61
37,0.75,120.43463291860576,42116,C,20,320.54326146832557,54
38,0.77,122.11744175295858,43264,C,20,392.9363905325444,68
39,0.79,119.02424994360479,44330,C,20,287.6156101962554,51
40,0.81,107.78802663677722,45501,C,20,307.6855453726292,56
41,0.83,111.20490044627532,46608,C,20,295.0137315482321,55
42,0.85,112.46566430218896,45958,C,20,266.5477174811785,49
43,0.87,107.13857600257987,43413,C,20,264.8976113145832,46
44,0.89,94.29613733905579,42872,C,20,227.42116066430304,39
45,0.91,91.97496958922055,42748,C,20,222.232619069898,38
46,0.9299999999999999,93.35963230466186,38075,C,20,249.5075508864084,38
47,0.95,93.33744804131503,31756,C,20,283.41100894319186,36
48,0.97,88.84056610334515,28758,C,20,182.55789693302734,21
49,0.99,83.30200167440445,26278,C,20,171.24590912550423,18
0,0.01,91.07424593967518,431,C,21,580.0464037122971,1
1,0.03,77.45603112840467,1285,C,21,194.5525291828794,1
2,0.05,76.29986052998605,2151,C,21,697.3500697350071,6
3,0.07,69.44525790349418,3005,C,21,415.973377703827,5
4,0.09,70.87012987012987,3850,C,21,584.4155844155845,9
5,0.11,75.86548223350253,4728,C,21,528.7648054145517,10
6,0.13,76.66355977773794,5579,C,21,582.5416741351497,13
7,0.15000000000000002,73.23228713486638,6436,C,21,582.6600372902424,15
8,0.16999999999999998,67.71952889619283,7302,C,21,547.7951246233908,16
9,0.19,76.57326635628523,8162,C,21,612.5949522175938,20
10,0.21000000000000002,75.81757582490835,9001,C,21,527.7191423175202,19
11,0.22999999999999998,72.46649092568184,9863,C,21,735.0704653756463,29
12,0.25,68.18033702634764,10741,C,21,605.1578065357044,26
13,0.27,67.57040552200172,11590,C,21,711.8205349439172,33
14,0.29000000000000004,67.70041820813897,12434,C,21,663.5032974103266,33
15,0.31,63.97741766073974,13329,C,21,581.438967664491,31
16,0.33,64.44038706031925,14158,C,21,618.0251447944626,35
17,0.35,64.62255097960815,15006,C,21,699.7201119552179,42
18,0.37,67.71447451227186,15890,C,21,629.3266205160479,40
19,0.39,65.83001851520038,16743,C,21,537.5380756136893,36
20,0.41000000000000003,69.03908294458982,17578,C,21,597.3375810672431,42
21,0.43,68.36102236421725,18467,C,21,582.1194563275031,43
22,0.45,71.10645011120882,19333,C,21,698.2879015155434,54
23,0.47,70.54772896500373,20145,C,21,595.6813104988831,48
24,0.49,72.04221936956212,21033,C,21,499.2155184709742,42
25,0.51,74.13620595216359,21908,C,21,581.9791856855943,51
26,0.53,77.40005277741126,22737,C,21,505.78352465144917,46
27,0.55,77.8469076100789,23574,C,21,593.8746076185629,56
28,0.5700000000000001,78.7138720071787,24517,C,21,530.2443202675694,52
29,0.59,78.43455580145431,25304,C,21,493.9930445779323,50
30,0.61,79.2101966774871,26185,C,21,439.18273820889823,46
31,0.63,76.78160579624426,27052,C,21,508.2803489575632,55
32,0.65,77.46288193946349,27884,C,21,511.0457610098982,57
33,0.67,75.40676432722086,28739,C,21,661.1225164410731,76
34,0.69,72.54250902831686,29629,C,21,455.63468223699755,54
35,0.71,75.5270633775095,30484,C,21,598.6747146043826,73
36,0.73,79.74517695157788,31308,C,21,463.14041139644826,58
37,0.75,80.25019412952322,32195,C,21,473.676036651654,61
38,0.77,77.52233074294699,33071,C,21,408.21263342505523,54
39,0.79,75.66891991616731,33877,C,21,391.12081943501494,53
40,0.81,83.45168623388582,34752,C,21,287.7532228360958,40
41,0.83,70.73320806573744,35657,C,21,280.4498415458395,40
42,0.85,63.690936025458136,36452,C,21,171.4583561944475,25
43,0.87,60.83498952570231,37234,C,21,141.0001611430413,21
44,0.89,58.11731523637717,34923,C,21,121.69630329582225,17
45,0.91,68.05686636243001,30897,C,21,137.5538078130563,17
46,0.9299999999999999,76.9194823867721,27820,C,21,107.83608914450036,12
47,0.95,53.69523119734685,26233,C,21,38.11992528494644,4
48,0.97,47.59766892297833,24967,C,21,40.05286978812032,4
49,0.99,38.43825358548039,23637,C,21,31.7299149638279,3
0,0.01,36.997797356828194,454,C,22,0.0,0
1,0.03,37.42857142857143,1365,C,22,0.0,0
2,0.05,37.203605980650835,2274,C,22,0.0,0
3,0.07,35.35523420308079,3181,C,22,0.0,0
4,0.09,36.0518337408313,4090,C,22,0.0,0
5,0.11,36.9992007992008,5005,C,22,0.0,0
6,0.13,39.1659344373099,5918,C,22,0.0,0
7,0.15000000000000002,39.24530791788856,6820,C,22,0.0,0
8,0.16999999999999998,38.3732057416268,7733,C,22,0.0,0
9,0.19,39.96966890483908,8638,C,22,0.0,0
10,0.21000000000000002,38.908453651391504,9558,C,22,0.0,0
11,0.22999999999999998,40.15441246773114,10459,C,22,23.902858781910318,1
12,0.25,39.78871010287523,11373,C,22,0.0,0
13,0.27,37.98338897483918,12281,C,22,0.0,0
14,0.29000000000000004,38.27645051194539,13185,C,22,56.882821387940844,3
15,0.31,37.89205673758865,14100,C,22,0.0,0
16,0.33,38.80707716913235,15006,C,22,16.660002665600427,1
17,0.35,39.1356667085585,15914,C,22,15.70943823048888,1
18,0.37,39.18283338283338,16835,C,22,14.850014850014851,1
19,0.39,39.03090457929168,17732,C,22,14.098804421385069,1
20,0.41000000000000003,39.03041029766693,18645,C,22,13.408420488066508,1
21,0.43,39.64081194396155,19558,C,22,12.782493097453727,1
22,0.45,40.96691913022233,20465,C,22,24.43195699975568,2
23,0.47,40.4502527143392,21368,C,22,11.699737925870462,1
24,0.49,40.97214622112581,22295,C,22,0.0,0
25,0.51,41.43800655285394,23196,C,22,21.555440593205727,2
26,0.53,40.84236065029861,24112,C,22,10.368281353682814,1
27,0.55,41.03848459417336,25023,C,22,9.990808456220277,1
28,0.5700000000000001,42.24330581063354,25918,C,22,9.645806003549657,1
29,0.59,43.03641581870364,26829,C,22,9.318275000931829,1
30,0.61,44.66440775719126,27742,C,22,36.04642779900512,4
31,0.63,45.71466480446927,28640,C,22,8.72905027932961,1
32,0.65,46.01910268113737,29577,C,22,76.07262399837713,9
33,0.67,47.103576115485566,30480,C,22,155.83989501312337,19
34,0.69,46.543886497688504,31365,C,22,127.53068707157661,16
35,0.71,48.89349973676876,32291,C,22,216.77866897897246,28
36,0.73,52.83607989636369,33193,C,22,225.9512547826349,30
37,0.75,58.81240291902348,34121,C,22,307.7283784179831,42
38,0.77,58.642155743320394,35032,C,22,306.8622973281571,43
39,0.79,64.018872651357,35925,C,22,334.0292275574113,48
40,0.81,65.71330076004342,36840,C,22,318.9467969598263,47
41,0.83,54.938657131505764,37755,C,22,211.8924645742286,32
42,0.85,54.749611921763425,38652,C,22,310.4625892579944,48
43,0.87,46.81280725761492,39462,C,22,247.0731336475597,39
44,0.89,37.7142460427659,36010,C,22,229.10302693696195,33
45,0.91,37.57381123487843,33396,C,22,232.06372020601273,31
46,0.9299999999999999,39.41045533405349,30549,C,22,278.2415136338342,34
47,0.95,43.91204942546828,25412,C,22,265.62254053203213,27
48,0.97,47.791456412041065,22988,C,22,206.62954585000872,19
49,0.99,47.20599112426036,21632,C,22,312.03772189349115,27
0,0.01,80.04395604395604,364,C,23,686.8131868131869,1
1,0.03,89.72602739726027,1095,C,23,684.931506849315,3
2,0.05,83.2703886152162,1827,C,23,0.0,0
3,0.07,88.07045009784736,2555,C,23,195.69471624266146,2
4,0.09,91.53916488875343,3281,C,23,0.0,0
5,0.11,94.15017404276479,4022,C,23,62.15813028344108,1
6,0.13,93.48041280539175,4748,C,23,52.65374894692503,1
7,0.15000000000000002,91.3105147864184,5478,C,23,0.0,0
8,0.16999999999999998,90.8846712970441,6191,C,23,80.76239702794379,2
9,0.19,92.14444124423963,6944,C,23,216.01382488479263,6
10,0.21000000000000002,88.78819535126665,7658,C,23,32.64559937320449,1
11,0.22999999999999998,86.96465548018564,8403,C,23,148.7563965250506,5
12,0.25,88.09605263157894,9120,C,23,164.47368421052633,6
13,0.27,88.33001927564167,9857,C,23,278.9895505731967,11
14,0.29000000000000004,87.8987903987904,10582,C,23,141.75014175014175,6
15,0.31,87.05712774398307,11343,C,23,88.1600987393106,4
16,0.33,89.7420427158647,12033,C,23,186.98578908002992,9
17,0.35,89.08598950583445,12769,C,23,176.2080037591041,9
18,0.37,89.28470936690115,13505,C,23,166.60496112550908,9
19,0.39,88.80468969390621,14244,C,23,157.96124684077506,9
20,0.41000000000000003,90.32956899432008,14965,C,23,83.5282325425994,5
21,0.43,90.04845393688237,15685,C,23,79.69397513547975,5
22,0.45,91.31006760460443,16419,C,23,91.35757354284671,6
23,0.47,89.95781623259337,17163,C,23,116.52974421721146,8
24,0.49,87.7127059480592,17905,C,23,139.62580284836636,10
25,0.51,87.56357092979535,18617,C,23,67.14293387763873,5
26,0.53,86.52738273775664,19337,C,23,90.50007757149505,7
27,0.55,86.01418475014931,20092,C,23,149.31315946645432,12
28,0.5700000000000001,85.25620192307693,20800,C,23,108.17307692307693,9
29,0.59,85.41448467966573,21540,C,23,232.1262766945218,20
30,0.61,87.72758326216909,22249,C,23,157.310440918693,14
31,0.63,87.4550437165601,22989,C,23,228.3700900430641,21
32,0.65,85.43595903401189,23727,C,23,358.24166561301473,34
33,0.67,81.93917483660131,24480,C,23,245.0980392156863,24
34,0.69,82.71532933656252,25187,C,23,337.47568189939255,34
35,0.71,80.28926671293084,25938,C,23,356.61963142879176,37
36,0.73,85.93987614937136,26645,C,23,384.68755864139615,41
37,0.75,81.10556713089886,27357,C,23,310.7065833241949,34
38,0.77,81.69608958407395,28130,C,23,479.91468183434057,54
39,0.79,79.21668517490284,28816,C,23,442.46252082176574,51
40,0.81,79.5697796432319,29543,C,23,372.33862505500457,44
41,0.83,65.13857529543805,30294,C,23,420.8754208754209,51
42,0.85,55.60036067368692,31053,C,23,330.08082954948,41
43,0.87,50.260353885325685,31027,C,23,298.12743739323815,37
44,0.89,52.50693426926091,29347,C,23,306.6752990084166,36
45,0.91,55.42178140801245,25710,C,23,350.0583430571762,36
46,0.9299999999999999,57.73559392552527,24035,C,23,270.438943207822,26
47,0.95,60.07327821188443,22012,C,23,363.43812465927675,32
48,0.97,61.119175277831935,20516,C,23,329.01150321700135,27
49,0.99,52.270162558993185,19070,C,23,262.19192448872576,20
0,0.01,101.3983286908078,359,C,24,0.0,0
1,0.03,93.61851851851851,1080,C,24,231.48148148148147,1
2,0.05,91.98215281650864,1793,C,24,0.0,0
3,0.07,89.86332936034962,2517,C,24,99.32459276916966,1
4,0.09,89.90009279307145,3233,C,24,77.32755954222085,1
5,0.11,90.40612348178138,3952,C,24,0.0,0
6,0.13,93.00321336760925,4668,C,24,107.11225364181664,2
7,0.15000000000000002,90.79655044510386,5392,C,24,139.09495548961425,3
8,0.16999999999999998,92.21578258022267,6108,C,24,163.71971185330713,4
9,0.19,92.02216351093497,6813,C,24,220.16732716864817,6
10,0.21000000000000002,88.41040921732221,7551,C,24,132.43279035889287,4
11,0.22999999999999998,90.28206679574056,8264,C,24,181.5101645692159,6
12,0.25,93.03283980852721,8983,C,24,222.64276967605477,8
13,0.27,93.48515769944342,9702,C,24,154.60729746444034,6
14,0.29000000000000004,90.92748896988299,10426,C,24,143.8710915020142,6
15,0.31,90.82057502246181,11130,C,24,157.23270440251574,7
16,0.33,91.13868243243243,11840,C,24,126.6891891891892,6
17,0.35,88.60348254750735,12577,C,24,119.26532559433888,6
18,0.37,89.40997667594613,13291,C,24,131.66804604619668,7
19,0.39,92.09807280513918,14010,C,24,107.06638115631692,6
20,0.41000000000000003,90.37481340751798,14738,C,24,203.55543493011265,12
21,0.43,87.09610406419881,15452,C,24,129.43308309603935,8
22,0.45,89.66180108857002,16168,C,24,108.23849579416132,7
23,0.47,91.95568982880161,16881,C,24,162.90504117054678,11
24,0.49,91.35582438802749,17607,C,24,113.59118532401887,8
25,0.51,92.16469110176435,18307,C,24,122.90380728683017,9
26,0.53,90.76020381362609,19037,C,24,249.51410411304303,19
27,0.55,92.94576819952447,19767,C,24,227.6521475185916,18
28,0.5700000000000001,93.838478069747,20474,C,24,207.5803458044349,17
29,0.59,95.64064710876332,21202,C,24,259.4094896707858,22
30,0.61,90.95265678449259,21925,C,24,296.46522234891677,26
31,0.63,91.47224922669024,22630,C,24,265.1347768448962,24
32,0.65,89.1203925938625,23332,C,24,342.8767358134751,32
33,0.67,84.58347176079734,24080,C,24,415.2823920265781,40
34,0.69,85.39206035421793,24787,C,24,353.00762496469923,35
35,0.71,83.90917647058824,25500,C,24,392.15686274509807,40
36,0.73,86.78023193713283,26214,C,24,505.455100328069,53
37,0.75,87.07445466686453,26956,C,24,556.4623831428996,60
38,0.77,81.26468568123487,27663,C,24,542.2405379026136,60
39,0.79,79.37111659034872,28390,C,24,413.87812610073973,47
40,0.81,77.78850385038504,29088,C,24,395.35203520352036,46
41,0.83,64.9390718261686,29822,C,24,402.38749916169274,48
42,0.85,54.095333289637544,30514,C,24,401.4550698040244,49
43,0.87,51.19813254383967,30737,C,24,300.94023489605365,37
44,0.89,50.10073133710501,28988,C,24,293.22478266869047,34
45,0.91,55.41384219893217,25285,C,24,326.28040340122607,33
46,0.9299999999999999,51.369819481837844,22657,C,24,286.88705477335924,26
47,0.95,52.89098383895662,21162,C,24,342.59521784330406,29
48,0.97,47.69819249658245,19751,C,24,291.1245000253152,23
49,0.99,45.457871031528065,18206,C,24,247.17126222124574,18
0,0.01,80.609375,448,C,25,558.0357142857143,1
1,0.03,91.95440956651719,1338,C,25,373.69207772795215,2
2,0.05,101.1017937219731,2230,C,25,336.322869955157,3
3,0.07,102.62672220442165,3121,C,25,720.9227811598847,9
4,0.09,99.56096349639931,4027,C,25,372.4857213806804,6
5,0.11,99.88807488807488,4914,C,25,356.1253561253561,7
6,0.13,106.4046551724138,5800,C,25,474.1379310344828,11
7,0.15000000000000002,106.00418097655667,6697,C,25,298.64118261908317,8
8,0.16999999999999998,103.86954803004349,7589,C,25,494.13624983528797,15
9,0.19,101.74890958387363,8483,C,25,412.5898856536603,14
10,0.21000000000000002,99.49866524292578,9365,C,25,373.73198077949814,14
11,0.22999999999999998,98.39523346303503,10280,C,25,316.147859922179,13
12,0.25,97.30028658427369,11166,C,25,559.7349095468387,25
13,0.27,93.43287421174908,12052,C,25,414.868901427149,20
14,0.29000000000000004,91.15491543748551,12949,C,25,289.59765232836514,15
15,0.31,93.64151488869615,13836,C,25,325.23850823937556,18
16,0.33,95.001969038566,14728,C,25,509.23411189570885,30
17,0.35,94.09431185616482,15629,C,25,287.9262908695374,18
18,0.37,103.87394144689088,16532,C,25,438.5434309218486,29
19,0.39,109.00735167422894,17411,C,25,531.2733329504337,37
20,0.41000000000000003,110.78450442574582,18302,C,25,396.1315703201836,29
21,0.43,113.72506513809276,19190,C,25,468.9942678478374,36
22,0.45,113.68878821069401,20086,C,25,472.96624514587273,38
23,0.47,112.79225788020189,21002,C,25,464.24150080944673,39
24,0.49,113.7679641403284,21863,C,25,468.82861455426973,41
25,0.51,111.34948856402828,22779,C,25,340.2256464287282,31
26,0.53,112.68872828705464,23661,C,25,464.9000464900047,44
27,0.55,114.15138679591088,24553,C,25,519.2848124465443,51
28,0.5700000000000001,113.1512244978183,25439,C,25,442.2343645583553,45
29,0.59,114.43355475422281,26345,C,25,531.410134750427,56
30,0.61,115.83818508865313,27241,C,25,523.1085496127162,57
31,0.63,119.04760719618858,28126,C,25,471.09436108938354,53
32,0.65,116.61608957795005,29025,C,25,542.6356589147287,63
33,0.67,113.61261110739825,29926,C,25,476.1745639243468,57
34,0.69,108.54427337101279,30786,C,25,527.8373286558826,65
35,0.71,104.37208935445194,31694,C,25,449.6119139269262,57
36,0.73,97.44003803214329,32604,C,25,498.4051036682616,65
37,0.75,97.01259513505447,33505,C,25,559.6179674675421,75
38,0.77,92.63655413271246,34360,C,25,502.03725261932476,69
39,0.79,90.02234383417927,35267,C,25,567.1023903365752,80
40,0.81,93.92392146017698,36160,C,25,483.9601769911505,70
41,0.83,87.97120807361235,37059,C,25,404.75997733344127,60
42,0.85,80.41182671023506,37948,C,25,395.27774849794463,60
43,0.87,68.82167211342991,38861,C,25,263.76058258922825,41
44,0.89,60.12089726653795,39364,C,25,266.74118483893915,42
45,0.91,59.67522028561169,36203,C,25,214.07065712786235,31
46,0.9299999999999999,47.18314108251997,33810,C,25,170.06802721088437,23
47,0.95,46.553880341880344,29250,C,25,205.12820512820514,24
48,0.97,38.922502260842215,25433,C,25,98.29748751621909,10
49,0.99,34.97558994936467,20934,C,25,119.42294831374798,10
0,0.01,104.55968169761273,754,D,1,0.0,0
1,0.03,110.03220114689016,2267,D,1,551.3895015438907,5
2,0.05,115.29190904283448,3782,D,1,396.61554732945535,6
3,0.07,117.2948402948403,5291,D,1,378.000378000378,8
4,0.09,108.02144850888791,6807,D,1,477.4496841486705,13
5,0.11,105.69116939364774,8312,D,1,511.3089509143407,17
6,0.13,113.4498931732628,9829,D,1,508.6987486010785,20
7,0.15000000000000002,106.82253794564066,11332,D,1,308.85986586657253,14
8,0.16999999999999998,104.85528771384136,12860,D,1,408.24261275272164,21
9,0.19,107.82137383307789,14354,D,1,435.4186986205936,25
10,0.21000000000000002,104.77762387458289,15883,D,1,330.5420890260027,21
11,0.22999999999999998,106.83743955790928,17372,D,1,388.55629749021415,27
12,0.25,104.55774111675127,18912,D,1,423.0118443316413,32
13,0.27,101.03849360074535,20393,D,1,404.55058108174376,33
14,0.29000000000000004,99.12378563283923,21925,D,1,342.0752565564424,30
15,0.31,96.08740557381248,23431,D,1,352.0976484144936,33
16,0.33,95.98364139368911,24941,D,1,441.04085642115393,44
17,0.35,97.57279461788495,26458,D,1,396.85539345377583,42
18,0.37,96.57418593844945,27977,D,1,384.24420059334454,43
19,0.39,91.90965489185707,29498,D,1,372.90663773815174,44
20,0.41000000000000003,96.13334840459889,30964,D,1,290.66012143133963,36
21,0.43,98.15849010205336,32532,D,1,399.60654125169066,52
22,0.45,98.98358678706944,33997,D,1,330.9115510192076,45
23,0.47,99.92938925929052,35547,D,1,323.5153458801024,46
24,0.49,97.74737240279917,37011,D,1,337.7374294128773,50
25,0.51,100.32179141613103,38584,D,1,330.44785403275966,51
26,0.53,100.52424007792791,40037,D,1,393.3861178409971,63
27,0.55,100.51362204535071,41587,D,1,348.6666506360161,58
28,0.5700000000000001,104.37817388478857,43086,D,1,382.9550201921738,66
29,0.59,104.81496177729953,44607,D,1,353.0835967449055,63
30,0.61,108.76324352466484,46098,D,1,319.97049763547227,59
31,0.63,108.88212329198413,47643,D,1,341.0784375459144,65
32,0.65,111.69603192377384,49117,D,1,335.9325691715699,66
33,0.67,115.25966796296662,50657,D,1,286.2388218804904,58
34,0.69,114.6835275626773,52172,D,1,277.92685731810167,58
35,0.71,112.58665921371343,53670,D,1,284.14384199739146,61
36,0.73,111.58546443135478,55175,D,1,190.30357951971004,42
37,0.75,113.99088247742664,56704,D,1,330.6645033860045,75
38,0.77,113.50520690129227,58192,D,1,266.3596370635139,62
39,0.79,113.13403218513992,59717,D,1,267.9304050772812,64
40,0.81,111.31218659654051,61223,D,1,310.3408849615341,76
41,0.83,108.20678663075182,62741,D,1,266.970561514799,67
42,0.85,112.44431128404669,64250,D,1,303.50194552529183,78
43,0.87,115.9531057178116,65637,D,1,247.57377698554168,65
44,0.89,118.39545385613427,59347,D,1,299.0884122196573,71
45,0.91,115.32665242762882,52438,D,1,243.14428467904955,51
46,0.9299999999999999,114.8462691292876,47375,D,1,242.74406332453825,46
47,0.95,116.32644307551905,43830,D,1,262.3773671001597,46
48,0.97,112.80215174669699,39131,D,1,242.77427103830723,38
49,0.99,112.40640407733643,36102,D,1,256.21849205030196,37
0,0.01,114.51474530831099,746,D,2,335.1206434316354,1
1,0.03,122.57847533632287,2230,D,2,560.5381165919283,5
2,0.05,110.66550522648083,3731,D,2,335.0308228357009,5
3,0.07,116.7867407549339,5219,D,2,383.2151753209427,8
4,0.09,117.0479104477612,6700,D,2,485.0746268656717,13
5,0.11,117.52548158985613,8202,D,2,457.205559619605,15
6,0.13,118.58810777330443,9687,D,2,412.9245380406731,16
7,0.15000000000000002,117.86757337151037,11176,D,2,536.8647100930565,24
8,0.16999999999999998,125.73166114529106,12678,D,2,453.54156807067363,23
9,0.19,123.01420795928465,14147,D,2,388.77500530147734,22
10,0.21000000000000002,118.52772991256622,15669,D,2,430.78690407811604,27
11,0.22999999999999998,120.3625372349746,17121,D,2,438.05852461888907,30
12,0.25,119.63416988416988,18648,D,2,429.00042900042905,32
13,0.27,111.73880411551269,20119,D,2,335.503752671604,27
14,0.29000000000000004,117.47595018749132,21601,D,2,451.3679922225823,39
15,0.31,116.63862456747405,23120,D,2,464.96539792387546,43
16,0.33,112.94196174196175,24570,D,2,427.35042735042737,42
17,0.35,112.55226454134416,26098,D,2,440.64679285769023,46
18,0.37,107.96183289192032,27563,D,2,426.2961216123064,47
19,0.39,106.92214806660245,29068,D,2,361.22196229530755,42
20,0.41000000000000003,110.32248569092395,30575,D,2,425.1839738348324,52
21,0.43,107.39388640834296,32027,D,2,421.51934305429796,54
22,0.45,108.2618387721651,33555,D,2,499.1804500074504,67
23,0.47,101.58794630105685,35010,D,2,271.35104255926876,38
24,0.49,103.31245208629942,36524,D,2,355.9303471689848,52
25,0.51,105.87943821997791,38022,D,2,309.0316132765241,47
26,0.53,113.44207432928837,39473,D,2,424.34068857193523,67
27,0.55,114.67455303787898,40999,D,2,329.2763238127759,54
28,0.5700000000000001,114.23071490784115,42481,D,2,358.9840163837951,61
29,0.59,116.35503093158661,43968,D,2,341.1572052401747,60
30,0.61,117.43108491499703,45469,D,2,291.4073324682751,53
31,0.63,117.71612092289993,46939,D,2,266.3030742026886,50
32,0.65,116.74577425546406,48453,D,2,288.9397973293708,56
33,0.67,115.17557282486781,49928,D,2,325.4686748918443,65
34,0.69,117.31348480722095,51406,D,2,320.9742053456795,66
35,0.71,117.40954935217013,52946,D,2,254.97676878328863,54
36,0.73,120.63203885281186,54359,D,2,326.5328648429883,71
37,0.75,119.17044174696534,55937,D,2,232.40431199385023,52
38,0.77,115.50359937947744,57371,D,2,287.60175001307283,66
39,0.79,116.86437308868501,58860,D,2,301.56303092082914,71
40,0.81,113.53852649006623,60400,D,2,211.0927152317881,51
41,0.83,113.65820040767464,61814,D,2,250.75225677031096,62
42,0.85,123.95265441350477,63385,D,2,283.9788593515816,72
43,0.87,128.02843863242478,63470,D,2,263.9042067118324,67
44,0.89,126.53366949752301,56520,D,2,269.81599433828734,61
45,0.91,123.04235369543005,49913,D,2,300.5229098631619,60
46,0.9299999999999999,118.49636803874093,45843,D,2,229.04260192395787,42
47,0.95,121.9484064300316,43048,D,2,331.02583162980864,57
48,0.97,119.87313414176772,39995,D,2,300.037504688086,48
49,0.99,124.22636614237068,37002,D,2,317.55040268093614,47
0,0.01,110.83375634517766,788,D,3,317.25888324873097,1
1,0.03,126.73007169970477,2371,D,3,316.32222690847743,3
2,0.05,124.02359807155544,3941,D,3,190.30702867292564,3
3,0.07,120.65399239543726,5523,D,3,316.85678073510775,7
4,0.09,110.36909448818898,7112,D,3,421.82227221597304,12
5,0.11,115.24648212226067,8670,D,3,317.1856978085352,11
6,0.13,121.20128542214432,10269,D,3,413.8669782841562,17
7,0.15000000000000002,121.6208470707583,11829,D,3,401.555499196889,19
8,0.16999999999999998,121.69496574322312,13428,D,3,390.97408400357466,21
9,0.19,126.00046707146193,14987,D,3,383.6658437312338,23
10,0.21000000000000002,123.1886963347624,16561,D,3,377.39266952478715,25
11,0.22999999999999998,121.34696461005008,18169,D,3,399.03131707854044,29
12,0.25,114.06990665584415,19712,D,3,355.1136363636364,28
13,0.27,113.38611632270168,21320,D,3,457.31707317073176,39
14,0.29000000000000004,110.00974565160388,22882,D,3,305.91731492002447,28
15,0.31,117.2825793796739,24471,D,3,439.2954926239222,43
16,0.33,114.77332616294703,26033,D,3,432.1438174624516,45
17,0.35,112.89292051421329,27615,D,3,316.85678073510775,35
18,0.37,117.02429509991788,29224,D,3,410.6214070626882,48
19,0.39,109.8263696959844,30755,D,3,317.02162250040647,39
20,0.41000000000000003,116.64708244524758,32373,D,3,262.564482747969,34
21,0.43,117.80774672798019,33924,D,3,346.36245725739894,47
22,0.45,110.42520639035249,35491,D,3,331.0698486940351,47
23,0.47,106.2532334554861,37112,D,3,357.0273765897823,53
24,0.49,104.92459321726983,38657,D,3,213.41542282122256,33
25,0.51,106.70620374509512,40266,D,3,335.2704514975414,54
26,0.53,101.39841694963891,41818,D,3,269.0229087952556,45
27,0.55,102.60269492111021,43415,D,3,299.43567891281816,52
28,0.5700000000000001,105.0000444701383,44974,D,3,233.46822608618314,42
29,0.59,110.05418009886095,46530,D,3,252.52525252525254,47
30,0.61,112.11051834014904,48173,D,3,233.53330703921284,45
31,0.63,115.50467665694458,49715,D,3,226.28985215729662,45
32,0.65,120.10954552541315,51312,D,3,228.9912690988463,47
33,0.67,115.21887949140036,52851,D,3,137.17810448241283,29
34,0.69,112.87823149236193,54464,D,3,215.73883666274972,47
35,0.71,113.65121964276155,56041,D,3,209.6679217001838,47
36,0.73,114.6672399715085,57561,D,3,138.98299195635934,32
37,0.75,113.58010704577305,59227,D,3,223.7155351444443,53
38,0.77,111.26760818395799,60753,D,3,160.48590193076888,39
39,0.79,106.99047114875596,62337,D,3,196.51250461202818,49
40,0.81,105.28788352672568,63946,D,3,218.93472617521033,56
41,0.83,102.0413117156728,65502,D,3,263.3507373820647,69
42,0.85,104.8397631865428,67057,D,3,231.1466364436226,62
43,0.87,113.1091362053643,68639,D,3,214.89240810617872,59
44,0.89,118.8795833395514,67009,D,3,212.65800116402275,57
45,0.91,119.6145721508467,57754,D,3,207.77781625515115,48
46,0.9299999999999999,115.86692810457517,49725,D,3,236.29964806435396,47
47,0.95,114.28484025985583,44948,D,3,216.91732668861798,39
48,0.97,114.64822663395049,40347,D,3,247.84990209928867,40
49,0.99,118.48757066731586,36969,D,3,229.92236738889343,34
0,0.01,95.35851472471191,781,D,4,320.1024327784891,1
1,0.03,120.71086398631309,2338,D,4,534.6449957228401,5
2,0.05,117.58143113618877,3899,D,4,384.7140292382663,6
3,0.07,114.44124656278643,5455,D,4,504.12465627864344,11
4,0.09,123.57472903593839,7012,D,4,356.53166001140903,10
5,0.11,113.48029384328358,8576,D,4,320.6623134328358,11
6,0.13,107.05235653717216,10142,D,4,443.69946756063894,18
7,0.15000000000000002,108.54896421845574,11682,D,4,449.4093477144325,21
8,0.16999999999999998,112.52730426912053,13258,D,4,414.8438678533716,22
9,0.19,113.72718676122932,14805,D,4,506.58561296859176,30
10,0.21000000000000002,117.8635752688172,16368,D,4,473.48484848484844,31
11,0.22999999999999998,114.78499721137759,17930,D,4,446.1795872838818,32
12,0.25,114.77857032893723,19487,D,4,474.67542464206906,37
13,0.27,114.9890256069172,21049,D,4,380.0655613093259,32
14,0.29000000000000004,111.92188605803256,22608,D,4,442.32130219391365,40
15,0.31,107.22659385213686,24171,D,4,475.77675727111006,46
16,0.33,107.03641173266942,25706,D,4,379.2888819730802,39
17,0.35,108.06284813837584,27288,D,4,430.5922017003811,47
18,0.37,112.05569804519618,28852,D,4,346.5964231249134,40
19,0.39,108.36253617469087,30408,D,4,295.97474348855565,36
20,0.41000000000000003,109.09063028102898,31954,D,4,367.71609188208055,47
21,0.43,109.66471624324566,33497,D,4,253.7540675284354,34
22,0.45,113.11774262505344,35085,D,4,356.27761151489244,50
23,0.47,109.6944171578258,36648,D,4,313.79611438550535,46
24,0.49,111.09833577559138,38216,D,4,359.79694368850744,55
25,0.51,113.4105043180502,39717,D,4,308.43215751441454,49
26,0.53,111.04042213293314,41314,D,4,266.2535702183279,44
27,0.55,117.08765794749849,42894,D,4,297.24436984193596,51
28,0.5700000000000001,117.19756948351525,44435,D,4,315.0669517272421,56
29,0.59,114.69044045676998,45975,D,4,212.07177814029367,39
30,0.61,115.33629882011483,47547,D,4,241.86594317201926,46
31,0.63,117.58174564403191,49128,D,4,223.90490148184335,44
32,0.65,117.8537316967281,50674,D,4,177.60587283419505,36
33,0.67,119.77729266004098,52221,D,4,181.91915129928574,38
34,0.69,121.0174081237911,53768,D,4,195.28343996429103,42
35,0.71,118.20888511499341,55351,D,4,171.63194883561275,38
36,0.73,118.23711811106621,56921,D,4,175.68208569772142,40
37,0.75,114.51123047710283,58457,D,4,188.17250286535403,44
38,0.77,114.86747329300202,60003,D,4,170.82479209372866,41
39,0.79,112.23379174852653,61589,D,4,194.8399876601341,48
40,0.81,108.79961366731055,63158,D,4,162.29139618100638,41
41,0.83,107.16562823704024,64681,D,4,247.3678514556052,64
42,0.85,109.93812721647929,66265,D,4,215.04565004150007,57
43,0.87,119.47718423691818,67804,D,4,191.72910152793344,52
44,0.89,125.42402780605568,68762,D,4,210.87228411040982,58
45,0.91,118.60721082496727,57275,D,4,187.69096464426016,43
46,0.9299999999999999,115.61239820967329,50717,D,4,231.67774119131653,47
47,0.95,118.71223623262995,46632,D,4,214.44501629782124,40
48,0.97,117.62361494226003,42778,D,4,222.0767684323718,38
49,0.99,117.91699474232303,39371,D,4,184.14569099083084,29
0,0.01,,0,D,5,0.0,0
1,0.03,,0,D,5,0.0,0
2,0.05,,0,D,5,0.0,0
3,0.07,79.24242424242425,33,D,5,0.0,0
4,0.09,85.76785714285714,112,D,5,0.0,0
5,0.11,90.3125,192,D,5,1302.0833333333333,1
6,0.13,97.63703703703703,270,D,5,0.0,0
7,0.15000000000000002,93.46273291925466,322,D,5,0.0,0
8,0.16999999999999998,91.72139303482587,402,D,5,0.0,0
9,0.19,103.99787234042553,470,D,5,0.0,0
10,0.21000000000000002,109.1015037593985,532,D,5,469.92481203007515,1
11,0.22999999999999998,102.26290322580645,620,D,5,403.2258064516129,1
12,0.25,97.45750708215297,706,D,5,0.0,0
13,0.27,95.5391304347826,805,D,5,310.55900621118013,1
14,0.29000000000000004,101.30057142857143,875,D,5,285.7142857142857,1
15,0.31,98.18901795142555,947,D,5,263.99155227032736,1
16,0.33,92.6197458455523,1023,D,5,244.37927663734115,1
17,0.35,90.42114858705561,1097,D,5,0.0,0
18,0.37,85.00259515570934,1156,D,5,0.0,0
19,0.39,83.91185897435898,1248,D,5,600.9615384615385,3
20,0.41000000000000003,83.5561416729465,1327,D,5,188.39487565938208,1
21,0.43,83.9459074733096,1405,D,5,177.93594306049823,1
22,0.45,82.49354180829367,1471,D,5,339.90482664853846,2
23,0.47,92.5137732222934,1561,D,5,160.1537475976938,1
24,0.49,98.00963855421686,1660,D,5,451.8072289156626,3
25,0.51,97.61259217243335,1763,D,5,0.0,0
26,0.53,97.46457544618713,1849,D,5,135.2082206598161,1
27,0.55,95.59130434782608,1955,D,5,255.75447570332486,2
28,0.5700000000000001,94.54183070866142,2032,D,5,246.06299212598427,2
29,0.59,92.81669010782934,2133,D,5,0.0,0
30,0.61,91.73105892778024,2257,D,5,221.53300841825433,2
31,0.63,88.62446535500428,2338,D,5,106.92899914456801,1
32,0.65,85.7619443290403,2407,D,5,103.86373078520981,1
33,0.67,86.23438767234387,2466,D,5,101.37875101378752,1
34,0.69,91.25594294770207,2524,D,5,99.04912836767038,1
35,0.71,96.80355075260518,2591,D,5,0.0,0
36,0.73,106.20316622691293,2653,D,5,188.46588767433096,2
37,0.75,105.88966789667897,2710,D,5,92.2509225092251,1
38,0.77,105.56672694394213,2765,D,5,0.0,0
39,0.79,103.96507160321342,2863,D,5,87.32099196646875,1
40,0.81,103.6236706689537,2915,D,5,343.0531732418525,4
41,0.83,102.35678391959799,2985,D,5,167.50418760469012,2
42,0.85,108.27225301597653,3067,D,5,81.51287903488752,1
43,0.87,115.46592,3125,D,5,320.0,4
44,0.89,116.91276459268762,3118,D,5,240.53880692751767,3
45,0.91,115.16010498687665,3048,D,5,246.06299212598427,3
46,0.9299999999999999,111.64071856287426,3006,D,5,83.16699933466401,1
47,0.95,110.99333111037012,2999,D,5,166.72224074691565,2
48,0.97,111.01141322591474,2979,D,5,335.6831151393085,4
49,0.99,112.18603042876902,2892,D,5,172.89073305670817,2
0,0.01,86.62417582417582,910,D,6,0.0,0
1,0.03,95.92854525467204,2729,D,6,458.0432392817882,5
2,0.05,94.80901098901099,4550,D,6,494.5054945054945,9
3,0.07,96.26580888121764,6373,D,6,392.27993095873217,10
4,0.09,105.35492923377257,8196,D,6,549.0483162518301,18
5,0.11,106.60934224972551,10019,D,6,374.28885118275275,15
6,0.13,110.0397127165188,11835,D,6,485.84706379383186,23
7,0.15000000000000002,109.46981684981685,13650,D,6,439.5604395604396,24
8,0.16999999999999998,109.91770476989608,15493,D,6,419.5443103336991,26
9,0.19,109.95109261186265,17298,D,6,563.6489767603191,39
10,0.21000000000000002,108.88072818581293,19116,D,6,575.4341912534004,44
11,0.22999999999999998,113.34159384997373,20943,D,6,477.48651100606406,40
12,0.25,111.90217964492881,22756,D,6,549.3056776234839,50
13,0.27,111.10565270435136,24590,D,6,467.66978446522984,46
14,0.29000000000000004,111.2062433702076,26396,D,6,520.9122594332475,55
15,0.31,112.605017895744,28219,D,6,460.68251887026474,52
16,0.33,112.24250998668442,30040,D,6,582.5565912117178,70
17,0.35,110.24538432554634,31848,D,6,525.9356945491082,67
18,0.37,109.84425913286049,33697,D,6,489.6578330415171,66
19,0.39,111.77924820498382,35515,D,6,534.9852175137266,76
20,0.41000000000000003,111.05304613406204,37326,D,6,529.1217917805284,79
21,0.43,112.07697023885554,39145,D,6,587.5590752331077,92
22,0.45,115.08254014741055,40974,D,6,543.0272855957437,89
23,0.47,115.04072905713284,42795,D,6,519.9205514662927,89
24,0.49,114.94385799771398,44619,D,6,476.2545104103633,85
25,0.51,117.53376704508736,46421,D,6,570.8623252407316,106
26,0.53,118.35473644952759,48264,D,6,559.4231725509698,108
27,0.55,118.55658078689834,50070,D,6,599.1611743559018,120
28,0.5700000000000001,118.08126180290593,51894,D,6,505.83882529772234,105
29,0.59,117.596358287874,53711,D,6,460.79946379698765,99
30,0.61,116.81273752273914,55521,D,6,508.81648385295654,113
31,0.63,115.94587386256667,57366,D,6,457.5881183976571,105
32,0.65,114.9062283444604,59165,D,6,430.9980562832756,102
33,0.67,112.96351980587617,60992,D,6,442.6810073452256,108
34,0.69,113.33620319238665,62837,D,6,485.3828158568996,122
35,0.71,110.7946953294154,64660,D,6,436.9007114135478,113
36,0.73,111.7256802311582,66448,D,6,425.1444738743078,113
37,0.75,112.94779310546818,68286,D,6,461.2951410245145,126
38,0.77,113.76451958056923,70095,D,6,410.1576431985164,115
39,0.79,114.79798415125816,71930,D,6,448.35256499374395,129
40,0.81,113.80864364948062,73742,D,6,420.3845840904776,124
41,0.83,114.26853089475007,75563,D,6,430.10468086232686,130
42,0.85,111.48424901798636,77392,D,6,416.7097374405623,129
43,0.87,112.67024016970983,79194,D,6,416.6982347147511,132
44,0.89,117.84859263650623,80967,D,6,311.85544728099103,101
45,0.91,120.25953122022486,78715,D,6,295.36937051387923,93
46,0.9299999999999999,117.82458893554453,70731,D,6,296.8995207193451,84
47,0.95,115.2370040314025,61269,D,6,318.2686187141948,78
48,0.97,115.15688312635629,54837,D,6,305.45069934533257,67
49,0.99,114.99180546165981,48813,D,6,297.0520148321144,58
0,0.01,97.98780487804878,902,D,7,277.1618625277162,1
1,0.03,96.76649369903632,2698,D,7,463.306152705708,5
2,0.05,94.6527438347034,4501,D,7,499.8889135747612,9
3,0.07,92.26397712833545,6296,D,7,277.95425667090217,7
4,0.09,98.03487509275291,8086,D,7,309.1763541924314,10
5,0.11,102.15856001617959,9889,D,7,404.4898371928405,16
6,0.13,103.16596800410642,11689,D,7,406.364958507999,19
7,0.15000000000000002,105.90778354336545,13490,D,7,407.70941438102295,22
8,0.16999999999999998,105.41997514552946,15289,D,7,425.1422591405586,26
9,0.19,106.99093089930372,17091,D,7,394.94470774091633,27
10,0.21000000000000002,109.41958708311276,18890,D,7,555.8496559025939,42
11,0.22999999999999998,108.7939001401711,20689,D,7,555.8509352796173,46
12,0.25,110.62834652672774,22486,D,7,455.8391888286045,41
13,0.27,111.56134716732542,24288,D,7,411.72595520421606,40
14,0.29000000000000004,111.47841919656547,26088,D,7,546.2281508739651,57
15,0.31,113.61513912794034,27888,D,7,510.9724612736661,57
16,0.33,113.56005530078231,29656,D,7,581.6698138656596,69
17,0.35,114.83461465150263,31478,D,7,524.175614715039,66
18,0.37,114.99966938174386,33271,D,7,556.039794415557,74
19,0.39,114.06263369555917,35061,D,7,541.9126664955364,76
20,0.41000000000000003,113.69196150196557,36885,D,7,521.8923681713434,77
21,0.43,113.18467583497053,38684,D,7,510.5469961741289,79
22,0.45,113.0262487950765,40459,D,7,537.5812550977533,87
23,0.47,113.44224945585313,42268,D,7,550.061512255134,93
24,0.49,113.41320082590248,44073,D,7,476.4821999863862,84
25,0.51,115.2087121459873,45867,D,7,555.9552619530382,102
26,0.53,116.91547464239272,47678,D,7,519.1073451067579,99
27,0.55,117.464383146408,49485,D,7,510.2556330201071,101
28,0.5700000000000001,116.99172666783743,51249,D,7,429.27666881305004,88
29,0.59,115.99579744831615,53063,D,7,508.8291276407289,108
30,0.61,114.52736554238834,54850,D,7,501.36736554238837,110
31,0.63,111.88452101463346,56651,D,7,498.66727860055425,113
32,0.65,110.52919845369642,58462,D,7,384.865382641716,90
33,0.67,111.09883180671712,60264,D,7,381.65405548918096,92
34,0.69,112.2631791003884,62049,D,7,435.139970023691,108
35,0.71,111.3962538956666,63853,D,7,387.6090395126306,99
36,0.73,111.93242852137885,65649,D,7,384.6212432786486,101
37,0.75,112.50572343643427,67442,D,7,389.22333264138075,105
38,0.77,111.6079945721215,69272,D,7,411.42164222196556,114
39,0.79,110.48302890433706,71062,D,7,401.05823084067436,114
40,0.81,111.64151280115313,72845,D,7,360.35417667650495,105
41,0.83,112.34204886412344,74656,D,7,348.26403771967426,104
42,0.85,110.49157800828218,75101,D,7,389.4755063181582,117
43,0.87,111.33540491967459,72891,D,7,318.96942009301563,93
44,0.89,114.62128808864266,72200,D,7,315.09695290858724,91
45,0.91,117.36658556366585,70281,D,7,352.15776667947245,99
46,0.9299999999999999,116.75949488952715,62323,D,7,385.0905765126839,96
47,0.95,118.08888810906602,56993,D,7,377.23931009071293,86
48,0.97,116.49981783666661,52151,D,7,287.62631589039523,60
49,0.99,114.94549588566478,46180,D,7,384.36552620181897,71
0,0.01,100.30148619957536,942,D,8,0.0,0
1,0.03,100.78036723163842,2832,D,8,264.8305084745763,3
2,0.05,102.32357930449534,4716,D,8,53.011026293469044,1
3,0.07,100.86354687263365,6603,D,8,189.30789035286992,5
4,0.09,102.84270060091906,8487,D,8,412.3954283021091,14
5,0.11,102.84406583886803,10389,D,8,336.89479256906344,14
6,0.13,105.3864359748633,12253,D,8,387.66016485758587,19
7,0.15000000000000002,106.12396694214875,14157,D,8,317.8639542275906,18
8,0.16999999999999998,107.73729500530024,16037,D,8,467.6685165554655,30
9,0.19,109.45856816025892,17921,D,8,390.60320294626416,28
10,0.21000000000000002,109.85847722912249,19806,D,8,403.91800464505707,32
11,0.22999999999999998,112.28634604754008,21708,D,8,426.11018979178186,37
12,0.25,113.60033934252387,23575,D,8,402.9692470837752,38
13,0.27,113.82139352306183,25475,D,8,431.79587831207067,44
14,0.29000000000000004,114.9144674318298,27358,D,8,438.6285547189122,48
15,0.31,114.05010259917921,29240,D,8,478.79616963064296,56
16,0.33,113.8584278325677,31129,D,8,554.1456519644063,69
17,0.35,113.62441342980836,33031,D,8,446.55021040840427,59
18,0.37,114.41816410168228,34893,D,8,472.87421545868796,66
19,0.39,114.84613293462009,36785,D,8,557.2923746092157,82
20,0.41000000000000003,113.43230391523453,38695,D,8,497.48029461170694,77
21,0.43,112.84857227400504,40554,D,8,400.70030083345665,65
22,0.45,115.1008973362538,42459,D,8,471.04265291222123,80
23,0.47,116.16273143449925,44343,D,8,552.5111066008163,98
24,0.49,114.13858772100673,46209,D,8,476.0977298794607,88
25,0.51,114.67919705754005,48123,D,8,483.13696153606384,93
26,0.53,115.37753204423204,50009,D,8,549.901017816793,110
27,0.55,114.80382590585648,51857,D,8,443.5273926374453,92
28,0.5700000000000001,112.92187296689407,53797,D,8,501.88672230793543,108
29,0.59,113.79777562167601,55656,D,8,480.6310191174357,107
30,0.61,113.98985018596406,57538,D,8,530.0844659181759,122
31,0.63,113.2111249453175,59434,D,8,450.0790793148703,107
32,0.65,112.03301271600913,61340,D,8,472.77469840234755,116
33,0.67,108.94177800291268,63172,D,8,439.27689482682206,111
34,0.69,109.71547487406315,65112,D,8,468.4236392677233,122
35,0.71,109.85182586366487,66982,D,8,462.8109044220835,124
36,0.73,108.99536593160754,68838,D,8,428.5423748510997,118
37,0.75,111.23349909584087,70784,D,8,487.3982820976492,138
38,0.77,110.65398967297763,72625,D,8,488.8123924268503,142
39,0.79,111.05527820275384,74514,D,8,452.9350189226186,135
40,0.81,111.16806667713404,76428,D,8,490.65787407756324,150
41,0.83,111.25015324104817,78308,D,8,498.03340654850075,156
42,0.85,111.75620953355207,80159,D,8,358.6621589590689,115
43,0.87,113.45573706586754,82089,D,8,420.2755545810036,138
44,0.89,116.83667218646114,80317,D,8,348.6185988022461,112
45,0.91,117.1513992057314,75793,D,8,405.7102898684575,123
46,0.9299999999999999,115.66359127432801,66333,D,8,354.27313705093997,94
47,0.95,115.8630504296849,60044,D,8,416.3613350209846,100
48,0.97,114.74828550630244,52202,D,8,335.2361978468258,70
49,0.99,112.97987266379133,43821,D,8,262.43125442139615,46
0,0.01,101.98532731376976,886,D,9,0.0,0
1,0.03,101.4891710231516,2678,D,9,466.7662434652726,5
2,0.05,100.75391498881432,4470,D,9,223.71364653243847,4
3,0.07,101.36123136123136,6237,D,9,280.5836139169473,7
4,0.09,103.13704950741987,8019,D,9,187.05574261129817,6
5,0.11,103.57096214671972,9801,D,9,306.0912151821243,12
6,0.13,104.83353458685527,11594,D,9,258.75452820424357,12
7,0.15000000000000002,105.66853806422637,13359,D,9,430.4214387304439,23
8,0.16999999999999998,105.53493737640079,15170,D,9,411.99736321687544,25
9,0.19,108.04258582045534,16954,D,9,383.3903503597971,26
10,0.21000000000000002,110.70186965811966,18720,D,9,534.1880341880342,40
11,0.22999999999999998,110.75078125,20480,D,9,341.79687500000006,28
12,0.25,110.7891266316781,22293,D,9,437.35701789799487,39
13,0.27,110.37350398936171,24064,D,9,467.5033244680851,45
14,0.29000000000000004,109.87793282053265,25871,D,9,473.5031502454486,49
15,0.31,110.11528024025763,27637,D,9,443.24637261642005,49
16,0.33,111.60291568967276,29427,D,9,424.77996397865905,50
17,0.35,111.33574747636597,31205,D,9,512.7383432142285,64
18,0.37,110.66721256785856,32973,D,9,492.8274648955206,65
19,0.39,110.81576827935339,34766,D,9,532.1290916412587,74
20,0.41000000000000003,110.12032502530711,36551,D,9,512.9818609613964,75
21,0.43,109.78613892365456,38352,D,9,508.4480600750939,78
22,0.45,108.62117283334996,40108,D,9,492.42046474518804,79
23,0.47,108.7463206354507,41923,D,9,453.2118407556712,76
24,0.49,109.68118199518956,43655,D,9,549.7652044439354,96
25,0.51,109.64368650217706,45474,D,9,533.271759686854,97
26,0.53,111.04808588125688,47228,D,9,513.4665876175151,97
27,0.55,112.47387086254687,49064,D,9,499.3477906407957,98
28,0.5700000000000001,112.66117068371864,50825,D,9,526.3157894736843,107
29,0.59,113.15302436984375,52606,D,9,537.0109873398471,113
30,0.61,113.0356702888558,54387,D,9,455.07198411385076,99
31,0.63,113.69111281329604,56137,D,9,529.9535065999252,119
32,0.65,112.56723189180798,57971,D,9,508.87512721878187,118
33,0.67,111.33713098549073,59686,D,9,519.384780350501,124
34,0.69,110.75114570806383,61534,D,9,495.6609354178178,122
35,0.71,110.55296774091677,63331,D,9,469.7541488370624,119
36,0.73,109.05025110193048,65113,D,9,460.73748713774523,120
37,0.75,108.13109158145315,66793,D,9,426.6914197595557,114
38,0.77,109.2831010326095,68661,D,9,538.8794220882306,148
39,0.79,108.77083126216074,70411,D,9,450.9238613284856,127
40,0.81,107.52602068363998,72231,D,9,488.01761016737964,141
41,0.83,109.1717922386769,74008,D,9,415.4956220949087,123
42,0.85,108.97333386111441,75789,D,9,402.43307076224784,122
43,0.87,108.67387163341976,75596,D,9,413.38166040531246,125
44,0.89,110.40708037857675,72482,D,9,406.99759940399,118
45,0.91,112.13229016481498,70746,D,9,349.8431006700025,99
46,0.9299999999999999,111.39357701446038,63553,D,9,393.37246078076566,100
47,0.95,110.74438902743142,55338,D,9,370.4506848819979,82
48,0.97,112.58740933793968,49497,D,9,404.06489282178717,80
49,0.99,114.0016731460066,40642,D,9,387.5301412332071,63
0,0.01,96.65671641791045,938,D,10,266.52452025586354,1
1,0.03,95.6190815236739,2809,D,10,444.99822000712,5
2,0.05,94.74172325976231,4712,D,10,318.33616298811546,6
3,0.07,100.20564454614798,6555,D,10,419.52707856598016,11
4,0.09,99.26853826107558,8442,D,10,325.7521914238332,11
5,0.11,102.867871641214,10346,D,10,459.1146336748502,19
6,0.13,102.1988193818152,12197,D,10,491.9242436664754,24
7,0.15000000000000002,104.80935456354848,14068,D,10,479.81234006255335,27
8,0.16999999999999998,107.12154453707767,15953,D,10,407.44687519588797,26
9,0.19,108.65490393771356,17853,D,10,434.10071136503666,31
10,0.21000000000000002,111.85852890378949,19686,D,10,520.6745910799553,41
11,0.22999999999999998,109.95415393164768,21594,D,10,497.82346948226365,43
12,0.25,110.30667007411193,23478,D,10,393.9858591021382,37
13,0.27,112.31424289038773,25353,D,10,473.3167672464797,48
14,0.29000000000000004,111.4296590532936,27189,D,10,367.79579977196664,40
15,0.31,109.08911945580101,29107,D,10,429.4499604906037,50
16,0.33,110.25132275132275,30996,D,10,572.6545360691703,71
17,0.35,110.96209974712853,32823,D,10,426.53017701002346,56
18,0.37,111.16922057722219,34718,D,10,576.0700501180944,80
19,0.39,109.70723118499713,36633,D,10,498.1846968580242,73
20,0.41000000000000003,108.99207874506544,38504,D,10,499.9480573446915,77
21,0.43,109.60971374708538,40314,D,10,545.7161283921218,88
22,0.45,108.2183986935839,42253,D,10,461.5056919035335,78
23,0.47,108.36582602587633,44133,D,10,464.5050189200825,82
24,0.49,109.42969633690072,45972,D,10,549.247367963108,101
25,0.51,110.4037581255356,47843,D,10,485.96450891457476,93
26,0.53,111.36705301006367,49783,D,10,552.3974047365566,110
27,0.55,111.5779262271275,51645,D,10,522.799883822248,108
28,0.5700000000000001,111.93399562215862,53451,D,10,579.9704402162729,124
29,0.59,112.07921149541482,55396,D,10,577.6590367535562,128
30,0.61,111.0468815477022,57272,D,10,571.832658192485,131
31,0.63,111.30135619588745,59136,D,10,515.7602813852815,122
32,0.65,111.80366578057826,60942,D,10,512.7826457943619,125
33,0.67,109.2369641892536,62942,D,10,496.48883098725815,125
34,0.69,106.73391776762563,64792,D,10,486.17113223854795,126
35,0.71,106.01912129177619,66575,D,10,465.6402553511078,124
36,0.73,107.58814689446885,68539,D,10,455.944790557201,125
37,0.75,108.0959771665507,70423,D,10,479.246836970876,135
38,0.77,107.00214476469856,72269,D,10,470.46451452213256,136
39,0.79,108.25124183359429,74084,D,10,523.054910641974,155
40,0.81,109.58543476261185,76099,D,10,505.91992010407495,154
41,0.83,110.47243902439024,77900,D,10,487.8048780487805,152
42,0.85,110.38121269873113,79756,D,10,479.5877426149757,153
43,0.87,108.32362701279618,81665,D,10,465.3156186860956,152
44,0.89,105.48938334849427,83548,D,10,415.9285680088093,139
45,0.91,104.56351844914778,85424,D,10,324.8501592058438,111
46,0.9299999999999999,105.12007511465819,83073,D,10,243.7615109602398,81
47,0.95,106.09289826243891,75911,D,10,233.82645466401445,71
48,0.97,111.67710903172124,68503,D,10,226.26746273885817,62
49,0.99,116.62135851533161,54854,D,10,150.399241623218,33
0,0.01,108.9507299270073,548,D,11,912.4087591240876,2
1,0.03,105.73828362751065,1643,D,11,456.4820450395618,3
2,0.05,109.37778589696748,2737,D,11,365.36353671903544,4
3,0.07,113.20213319458897,3844,D,11,715.4006243496358,11
4,0.09,113.0180820804551,4922,D,11,660.3006907761072,13
5,0.11,112.09923790589795,6036,D,11,497.0178926441352,12
6,0.13,113.2726507713885,7130,D,11,561.0098176718093,16
7,0.15000000000000002,114.9373934226553,8210,D,11,700.3654080389769,23
8,0.16999999999999998,114.0070785070785,9324,D,11,482.6254826254827,18
9,0.19,117.15308570880123,10419,D,11,671.8495057107208,28
10,0.21000000000000002,116.32073011734029,11505,D,11,651.890482398957,30
11,0.22999999999999998,117.46683592510314,12604,D,11,535.5442716597906,27
12,0.25,117.93561324194253,13714,D,11,619.804579262068,34
13,0.27,119.59994584715359,14773,D,11,710.7561091179855,42
14,0.29000000000000004,118.62207000565576,15913,D,11,628.4170175328347,40
15,0.31,118.91600447348284,16989,D,11,662.1931838248278,45
16,0.33,119.07746323122858,18086,D,11,622.028088023886,45
17,0.35,118.53674054758801,19175,D,11,547.5880052151239,42
18,0.37,119.88211221773001,20282,D,11,567.0052263090425,46
19,0.39,119.8420018709074,21380,D,11,713.2834424695977,61
20,0.41000000000000003,120.79412812973358,22446,D,11,623.7191481778491,56
21,0.43,120.30182681303776,23593,D,11,625.1854363582419,59
22,0.45,120.95943369437346,24651,D,11,578.0698551782889,57
23,0.47,118.86503067484662,25754,D,11,524.1904170225985,54
24,0.49,117.48327441860465,26875,D,11,576.7441860465117,62
25,0.51,118.45554045353745,27958,D,11,581.2289863366478,65
26,0.53,117.33294255568582,29002,D,11,568.9262809461417,66
27,0.55,117.69184390114623,30186,D,11,521.7650566487777,63
28,0.5700000000000001,118.91779593144322,31215,D,11,624.6996636232581,78
29,0.59,116.44588744588745,32340,D,11,541.1255411255411,70
30,0.61,114.33696139700386,33443,D,11,583.0816613342105,78
31,0.63,111.58795424931229,34535,D,11,564.6445634863182,78
32,0.65,112.18585115050712,35593,D,11,625.1229174275841,89
33,0.67,111.32633728052267,36735,D,11,483.19041785762903,71
34,0.69,110.68226991594862,37834,D,11,627.7422424274462,95
35,0.71,108.98829882988299,38885,D,11,552.912434100553,86
36,0.73,111.23175515302935,40025,D,11,649.5940037476578,104
37,0.75,110.67799951326357,41090,D,11,492.8206376247262,81
38,0.77,114.4540589182533,42228,D,11,586.1040068201195,99
39,0.79,115.19792461115348,43269,D,11,444.89126164228435,77
40,0.81,115.75958752538043,43833,D,11,479.0910957497776,84
41,0.83,113.89673887055898,41826,D,11,454.26289867546507,76
42,0.85,111.37630255774977,41169,D,11,412.9320605309821,68
43,0.87,113.26241686535325,39845,D,11,483.12209813025476,77
44,0.89,117.29277246653919,39225,D,11,388.7826641172722,61
45,0.91,120.16897872560692,38638,D,11,329.98602412133135,51
46,0.9299999999999999,121.24682797285335,33890,D,11,346.70994393626444,47
47,0.95,122.5733781710144,30629,D,11,318.3257696953867,39
48,0.97,122.66048659207956,28155,D,11,266.3825253063399,30
49,0.99,123.81150221196384,25995,D,11,288.51702250432777,30
0,0.01,105.7565543071161,534,D,12,468.1647940074907,1
1,0.03,103.6918278228322,1603,D,12,467.87273861509675,3
2,0.05,104.03980473150582,2663,D,12,375.51633496057076,4
3,0.07,109.82190680235672,3734,D,12,602.5709694697375,9
4,0.09,108.56659707724425,4790,D,12,521.9206680584551,10
5,0.11,109.32753326509723,5862,D,12,597.0658478335039,14
6,0.13,110.71626297577855,6936,D,12,576.7012687427913,16
7,0.15000000000000002,112.58252063015755,7998,D,12,562.6406601650413,18
8,0.16999999999999998,111.90783816558263,9071,D,12,551.2071436445817,20
9,0.19,110.6958885155169,10118,D,12,593.002569677802,24
10,0.21000000000000002,110.47854019809049,11207,D,12,557.6871598108326,25
11,0.22999999999999998,111.62788422339992,12265,D,12,529.9633102323685,26
12,0.25,111.19348054679286,13314,D,12,450.6534474988734,24
13,0.27,112.1681717143651,14396,D,12,486.246179494304,28
14,0.29000000000000004,113.06615314907114,15449,D,12,631.1088096316914,39
15,0.31,113.33976063829788,16544,D,12,634.6711798839458,42
16,0.33,112.70646737894977,17596,D,12,582.5187542623323,41
17,0.35,111.42513397642016,18660,D,12,428.7245444801715,32
18,0.37,112.11289014997973,19736,D,12,658.694770976895,52
19,0.39,112.1820457280385,20775,D,12,529.482551143201,44
20,0.41000000000000003,113.37698920797513,21868,D,12,583.0437168465338,51
21,0.43,114.81136274381464,22917,D,12,567.2644761530742,52
22,0.45,114.32904113014126,23997,D,12,583.4062591157228,56
23,0.47,113.45490086567997,25067,D,12,548.5299397614393,55
24,0.49,115.40494602250976,26122,D,12,602.9400505321186,63
25,0.51,115.70217695079798,27194,D,12,625.1378980657498,68
26,0.53,113.8455114822547,28261,D,12,521.9206680584551,59
27,0.55,111.63730905619204,29328,D,12,545.5537370430987,64
28,0.5700000000000001,110.58744896615303,30372,D,12,576.18859475833,70
29,0.59,109.1748449674034,31445,D,12,484.973763714422,61
30,0.61,109.36423983527459,32539,D,12,591.597774977719,77
31,0.63,108.60526785714286,33600,D,12,468.75000000000006,63
32,0.65,108.13639904220639,34663,D,12,533.7102962813375,74
33,0.67,108.4214667749433,35711,D,12,511.04701632550194,73
34,0.69,109.34067308215081,36786,D,12,577.6654161909422,85
35,0.71,108.57464185653116,37834,D,12,535.2328593328753,81
36,0.73,107.99139724198146,38941,D,12,507.1775249736782,79
37,0.75,107.00740277604102,39985,D,12,568.9633612604727,91
38,0.77,106.63836784409257,41050,D,12,487.21071863581005,80
39,0.79,106.41249376736235,42117,D,12,522.3543937127527,88
40,0.81,110.41035321366532,43175,D,12,393.74638100752753,68
41,0.83,114.27196548764512,44274,D,12,389.61918959208566,69
42,0.85,117.16667406650978,45046,D,12,405.1414110020868,73
43,0.87,115.51890947565266,40641,D,12,418.2967938781034,68
44,0.89,114.11126811293049,36093,D,12,360.1806444462915,52
45,0.91,115.53721903857003,33679,D,12,445.38139493452894,60
46,0.9299999999999999,116.2839494470774,31650,D,12,489.7314375987362,62
47,0.95,115.62039507006584,29615,D,12,346.10839101806516,41
48,0.97,115.48985760588513,27459,D,12,355.0748388506501,39
49,0.99,114.50971128608924,24765,D,12,383.60589541691905,38
0,0.01,101.03951890034364,582,D,13,429.55326460481103,1
1,0.03,100.9778030734206,1757,D,13,142.2879908935686,1
2,0.05,100.9329205366357,2907,D,13,429.9965600275198,5
3,0.07,99.65006105006105,4095,D,13,427.35042735042737,7
4,0.09,100.22717743472461,5247,D,13,476.462740613684,10
5,0.11,101.29708677364076,6419,D,13,311.575011684063,8
6,0.13,104.19173575470457,7599,D,13,460.586919331491,14
7,0.15000000000000002,105.35675119945168,8754,D,13,456.93397304089564,16
8,0.16999999999999998,106.70753100110899,9919,D,13,504.0830728904124,20
9,0.19,107.31234801405026,11103,D,13,495.3616139782041,22
10,0.21000000000000002,109.47724115387759,12237,D,13,612.8953174797745,30
11,0.22999999999999998,109.35290615464761,13437,D,13,576.7656470938454,31
12,0.25,110.12389441206719,14585,D,13,445.66335275968464,26
13,0.27,110.41887343621008,15747,D,13,539.7853559408142,34
14,0.29000000000000004,109.16870098472788,16959,D,13,574.9159738192111,39
15,0.31,110.10834577733533,18081,D,13,470.10674188374537,34
16,0.33,111.8356875778978,19256,D,13,519.318653926049,40
17,0.35,113.12220537155716,20441,D,13,538.1341421652562,44
18,0.37,115.07953861120119,21587,D,13,671.7005605225368,58
19,0.39,113.73406545135076,22765,D,13,603.9973643751373,55
20,0.41000000000000003,114.40935477135102,23945,D,13,563.7920233869285,54
21,0.43,113.7912876974629,25068,D,13,548.5080580820169,55
22,0.45,113.18495417031149,26293,D,13,446.8870041455901,47
23,0.47,114.42856621670923,27410,D,13,620.2116016052536,68
24,0.49,113.7401139820286,28601,D,13,533.1981399251774,61
25,0.51,113.09844594367804,29793,D,13,520.2564360755882,62
26,0.53,111.4397619586662,30919,D,13,565.9950192438307,70
27,0.55,112.27135114931788,32106,D,13,584.0029900953093,75
28,0.5700000000000001,110.454539993392,33293,D,13,473.0724176253267,63
29,0.59,110.33175410550793,34405,D,13,559.5116988809766,77
30,0.61,109.02733651417346,35630,D,13,603.4240808307607,86
31,0.63,109.37962559860688,36752,D,13,516.9786678276013,76
32,0.65,110.09640682255556,37933,D,13,500.8831360556771,76
33,0.67,108.18723806603292,39132,D,13,543.0338342021874,85
34,0.69,108.07910685013164,40262,D,13,546.4209428244995,88
35,0.71,108.52013414722417,41447,D,13,579.0527661833185,96
36,0.73,107.52030117514602,42633,D,13,474.9841671944269,81
37,0.75,107.78921266141012,43755,D,13,531.3678436750087,93
38,0.77,107.0157314920337,44751,D,13,491.6091260530491,88
39,0.79,107.63590519415028,43626,D,13,544.4001283638198,95
40,0.81,107.50157465728047,43184,D,13,532.6046683957021,92
41,0.83,107.37520661157025,42955,D,13,512.1638924455826,88
42,0.85,107.25322953822423,41492,D,13,475.99537260194734,79
43,0.87,107.60345719140135,40611,D,13,357.0461205092216,58
44,0.89,109.95691530594384,39991,D,13,325.0731414568278,52
45,0.91,112.80093530787218,38490,D,13,318.2644842816316,49
46,0.9299999999999999,114.96099561589591,35355,D,13,325.2722387215387,46
47,0.95,116.06497643857436,30134,D,13,232.29574566934363,28
48,0.97,121.2096323963043,25435,D,13,324.35620208374286,33
49,0.99,121.57499318243796,22002,D,13,363.60330879010996,32
0,0.01,102.96450939457202,479,D,14,0.0,0
1,0.03,104.9688796680498,1446,D,14,691.5629322268327,4
2,0.05,104.80417536534446,2395,D,14,313.1524008350731,3
3,0.07,104.85654885654886,3367,D,14,668.2506682506682,9
4,0.09,106.99421296296296,4320,D,14,752.3148148148148,13
5,0.11,104.3830713879947,5281,D,14,520.7347093353532,11
6,0.13,102.86142262095483,6242,D,14,360.46139057994236,9
7,0.15000000000000002,103.96395397199501,7213,D,14,693.1928462498267,20
8,0.16999999999999998,104.00907752698724,8152,D,14,337.34052993130524,11
9,0.19,106.32950694216683,9147,D,14,573.9586749754019,21
10,0.21000000000000002,108.22001588562351,10072,D,14,546.0683081810962,22
11,0.22999999999999998,111.16663647889875,11042,D,14,566.0206484332549,25
12,0.25,111.58090561012152,12014,D,14,624.2716830364575,30
13,0.27,111.36934227773922,12969,D,14,578.3021050196622,30
14,0.29000000000000004,110.76709079145999,13911,D,14,377.3991805046366,21
15,0.31,113.0028839704896,14910,D,14,603.6217303822938,36
16,0.33,111.63659337882234,15828,D,14,615.9969673995452,39
17,0.35,112.93650038646769,16819,D,14,579.7015280337713,39
18,0.37,112.97941044104411,17776,D,14,590.6840684068407,42
19,0.39,114.34573046916746,18714,D,14,547.7182857753554,41
20,0.41000000000000003,114.06973203410475,19704,D,14,520.1989443767764,41
21,0.43,114.74649046374286,20658,D,14,592.9906089650499,49
22,0.45,114.6349110781771,21592,D,14,544.1830307521304,47
23,0.47,114.62862960339943,22592,D,14,586.4907932011332,53
24,0.49,114.48163577622853,23524,D,14,595.136881482741,56
25,0.51,114.04681755045347,24478,D,14,592.368657570063,58
26,0.53,113.76874165947092,25478,D,14,627.9927780830521,64
27,0.55,112.47087562490532,26404,D,14,568.095743069232,60
28,0.5700000000000001,111.50940639269406,27375,D,14,575.3424657534247,63
29,0.59,111.66130397967824,28344,D,14,617.4146203782107,70
30,0.61,111.30685969884249,29287,D,14,580.4623211663878,68
31,0.63,109.72631752849827,30265,D,14,594.7464067404593,72
32,0.65,109.60867616455899,31235,D,14,608.2919801504722,76
33,0.67,107.88352776481568,32145,D,14,575.5171877430394,74
34,0.69,106.9236802413273,33150,D,14,580.6938159879337,77
35,0.71,106.54281273825582,34102,D,14,615.7996598439975,84
36,0.73,106.31558978747682,35055,D,14,527.7421195264585,74
37,0.75,108.11295515097692,36032,D,14,589.7535523978686,85
38,0.77,108.55332900643626,36978,D,14,635.5130077343285,94
39,0.79,107.79887664152734,37922,D,14,520.8058646695849,79
40,0.81,109.8608407590971,38941,D,14,494.3375876325724,77
41,0.83,111.47532630522089,39840,D,14,564.7590361445783,90
42,0.85,111.57636980365942,40389,D,14,612.7906113050583,99
43,0.87,106.03234035973819,38806,D,14,457.40349430500436,71
44,0.89,104.62866407597087,38857,D,14,263.78773451372984,41
45,0.91,105.39200412690225,38770,D,14,354.655661594016,55
46,0.9299999999999999,108.5870312541003,38107,D,14,354.26562048967384,54
47,0.95,116.768367317342,34477,D,14,290.04843808916087,40
48,0.97,123.24947961307701,32668,D,14,252.54071262397457,33
49,0.99,128.02076349790087,30727,D,14,203.40417222638072,25
0,0.01,102.3690036900369,542,D,15,461.2546125461255,1
1,0.03,103.15030674846626,1630,D,15,306.7484662576687,2
2,0.05,102.29100333209922,2701,D,15,462.79155868196966,5
3,0.07,102.98520866349709,3786,D,15,462.22926571579507,7
4,0.09,103.09327060748619,4889,D,15,409.0816117815504,8
5,0.11,104.29888926287445,5942,D,15,462.80713564456414,11
6,0.13,105.79259469428288,7049,D,15,496.52432969215494,14
7,0.15000000000000002,107.73324297683588,8116,D,15,523.656973878758,17
8,0.16999999999999998,107.57303980045548,9221,D,15,460.90445721722153,17
9,0.19,109.13138189244384,10283,D,15,632.1112515802782,26
10,0.21000000000000002,110.01848266150326,11362,D,15,352.05069530012327,16
11,0.22999999999999998,111.31039461020212,12468,D,15,461.1806223933269,23
12,0.25,108.5966883500887,13528,D,15,443.5245416913069,24
13,0.27,108.98769903642452,14633,D,15,375.86277591744687,22
14,0.29000000000000004,110.32772144633633,15681,D,15,430.45724124736944,27
15,0.31,111.59578772013327,16808,D,15,431.3422179914327,29
16,0.33,111.57165222253285,17885,D,15,433.32401453732183,31
17,0.35,111.51270805812418,18925,D,15,422.7212681638045,32
18,0.37,112.91922213911742,20055,D,15,585.8888057840937,47
19,0.39,112.53719321519947,21106,D,15,485.64389273192455,41
20,0.41000000000000003,113.41957821844507,22239,D,15,449.66050631773015,40
21,0.43,115.09396781688322,23242,D,15,473.28112899062046,44
22,0.45,115.01131286633603,24397,D,15,471.36943066770505,46
23,0.47,116.37606602475928,25445,D,15,530.556101395166,54
24,0.49,116.38662648333019,26545,D,15,517.9883217178376,55
25,0.51,116.75059769615301,27606,D,15,543.3601391001956,60
26,0.53,116.72835290428237,28699,D,15,540.0885048259521,62
27,0.55,117.45697030699547,29805,D,15,452.94413688978364,54
28,0.5700000000000001,118.09051696179542,30834,D,15,510.7997664915353,63
29,0.59,118.63665363565285,31975,D,15,500.3909304143863,64
30,0.61,118.95570156846121,33026,D,15,567.7345122025071,75
31,0.63,118.29834124611688,34122,D,15,549.4988570423774,75
32,0.65,118.70848834237356,35213,D,15,525.3741515917417,74
33,0.67,118.89097578465442,36258,D,15,530.9173147994926,77
34,0.69,117.70758325531631,37385,D,15,514.9123980205965,77
35,0.71,116.92672582030131,38431,D,15,507.4028778850407,78
36,0.73,117.61613302671148,39571,D,15,600.1870056354402,95
37,0.75,115.18937957193172,40601,D,15,597.2759291643064,97
38,0.77,113.1725750743548,41692,D,15,503.69375419744796,84
39,0.79,110.2316927892364,42811,D,15,473.00927331760533,81
40,0.81,107.7670751466192,43821,D,15,502.04239976267087,88
41,0.83,103.76586851641878,44979,D,15,405.74490317703817,73
42,0.85,102.57883979822577,45992,D,15,472.9083318838059,87
43,0.87,101.39790553718308,47172,D,15,402.7813109471721,76
44,0.89,106.24939779051417,48156,D,15,332.25350942769336,64
45,0.91,108.34038192260081,49277,D,15,253.66803985632245,50
46,0.9299999999999999,113.78233093181547,50246,D,15,283.60466504796403,57
47,0.95,120.83764773328629,45352,D,15,248.0596225083789,45
48,0.97,131.4042102036124,39143,D,15,261.8603581738753,41
49,0.99,139.9186442704286,33458,D,15,261.52190806384124,35
0,0.01,145.307881773399,406,D,16,0.0,0
1,0.03,144.6499176276771,1214,D,16,0.0,0
2,0.05,143.42934782608697,2024,D,16,0.0,0
3,0.07,143.22692036645526,2838,D,16,0.0,0
4,0.09,139.88772989294537,3643,D,16,0.0,0
5,0.11,140.94204851752022,4452,D,16,56.15453728661276,1
6,0.13,141.58249668497822,5279,D,16,47.35745406326956,1
7,0.15000000000000002,143.39093904448106,6070,D,16,0.0,0
8,0.16999999999999998,140.93636495714077,6883,D,16,0.0,0
9,0.19,141.53356706921178,7701,D,16,64.92663290481757,2
10,0.21000000000000002,137.65293148104544,8494,D,16,88.29762185071816,3
11,0.22999999999999998,139.26042224841925,9331,D,16,187.54688672168044,7
12,0.25,141.50661663045625,10126,D,16,172.8224372901442,7
13,0.27,138.708546852123,10928,D,16,22.87701317715959,1
14,0.29000000000000004,141.0087562696591,11763,D,16,42.50616339369209,2
15,0.31,142.16816912644595,12535,D,16,59.832469086557644,3
16,0.33,141.13292464114832,13376,D,16,112.14114832535886,6
17,0.35,142.3003593320651,14193,D,16,105.6859015007398,6
18,0.37,142.54516301443078,14968,D,16,183.7252805986104,11
19,0.39,142.11776611220037,15811,D,16,205.5530959458605,13
20,0.41000000000000003,141.7775903614458,16600,D,16,150.6024096385542,10
21,0.43,139.63255573431394,17404,D,16,129.28062514364515,9
22,0.45,140.28721013102353,18241,D,16,150.7592785483252,11
23,0.47,142.1812306237192,19031,D,16,249.5927696915559,19
24,0.49,142.9926970536389,19855,D,16,352.5560312263914,28
25,0.51,143.00638823016988,20663,D,16,411.36330639306976,34
26,0.53,142.35448995759356,21459,D,16,302.9032107740342,26
27,0.55,140.0322262118492,22280,D,16,235.6373429084381,21
28,0.5700000000000001,139.08845570716915,23085,D,16,368.2044617717133,34
29,0.59,136.89048256251567,23914,D,16,365.8944551308857,35
30,0.61,136.68662698894693,24699,D,16,445.3621604113527,44
31,0.63,136.02466622293568,25541,D,16,352.3746133667437,36
32,0.65,132.8754701211868,26323,D,16,284.92193139079893,30
33,0.67,133.5494598680087,27123,D,16,405.5598569479778,44
34,0.69,131.79641682162782,27964,D,16,438.06322414532974,49
35,0.71,131.81111072459734,28747,D,16,513.0970188193551,59
36,0.73,130.86056342791437,29569,D,16,532.6524400554636,63
37,0.75,129.40620889239673,30408,D,16,501.51275980005266,61
38,0.77,123.71126376271948,31153,D,16,489.5194684300067,61
39,0.79,121.22991629185407,32016,D,16,437.2813593203399,56
40,0.81,120.93051028179741,32825,D,16,426.5041888804265,56
41,0.83,113.07474994046201,33592,D,16,327.4589187901882,44
42,0.85,111.89278147040896,34453,D,16,304.7630104780426,42
43,0.87,110.43665530948324,35220,D,16,269.73310618966497,38
44,0.89,111.47947942392541,36037,D,16,256.680633793046,37
45,0.91,113.4779563470518,36836,D,16,264.6867195135194,39
46,0.9299999999999999,120.84953750107391,34919,D,16,221.94220911251756,31
47,0.95,124.01301238444096,28665,D,16,183.15018315018315,21
48,0.97,127.74795367467782,22968,D,16,206.80947405085337,19
49,0.99,124.67907513238609,19073,D,16,144.1828763173072,11
0,0.01,124.85635359116021,362,D,17,0.0,0
1,0.03,133.67217630853995,1089,D,17,0.0,0
2,0.05,138.7019758507135,1822,D,17,0.0,0
3,0.07,135.55948174322734,2547,D,17,0.0,0
4,0.09,135.1794009779951,3272,D,17,76.40586797066015,1
5,0.11,132.97346019028544,3994,D,17,62.59389083625438,1
6,0.13,135.10506248676128,4721,D,17,52.954882440160986,1
7,0.15000000000000002,133.92948717948718,5460,D,17,45.78754578754579,1
8,0.16999999999999998,135.2004526349822,6186,D,17,0.0,0
9,0.19,137.2004925394756,6903,D,17,36.21613791105317,1
10,0.21000000000000002,136.95688073394496,7630,D,17,32.765399737876805,1
11,0.22999999999999998,137.60999521759925,8364,D,17,119.56001912960306,4
12,0.25,136.62886031432026,9099,D,17,164.85328058028355,6
13,0.27,135.23010292469175,9813,D,17,50.95281769081831,2
14,0.29000000000000004,135.7188835089718,10533,D,17,94.9397132820659,4
15,0.31,136.56593065531612,11277,D,17,199.52114924181964,9
16,0.33,135.16008333333335,12000,D,17,145.83333333333334,7
17,0.35,134.9680558825838,12741,D,17,215.8386311906444,11
18,0.37,136.38140954082013,13437,D,17,167.44809109176157,9
19,0.39,136.97340763208013,14177,D,17,176.34196233335686,10
20,0.41000000000000003,135.02336825141015,14892,D,17,251.8130539887188,15
21,0.43,135.6838845613587,15662,D,17,223.47082109564553,14
22,0.45,135.68240763396133,16348,D,17,214.09346709077565,14
23,0.47,135.2166637411503,17091,D,17,146.27581768182085,10
24,0.49,133.92508564047847,17807,D,17,182.51249508620205,13
25,0.51,132.77577653149265,18544,D,17,242.6660914581536,18
26,0.53,132.3645746887967,19280,D,17,142.63485477178423,11
27,0.55,131.42182109105454,19999,D,17,337.5168758437922,27
28,0.5700000000000001,129.38552936630603,20704,D,17,229.4242658423493,19
29,0.59,125.8768879358568,21452,D,17,268.040275964945,23
30,0.61,122.84767913474538,22190,D,17,225.3267237494367,20
31,0.63,120.70701164972294,22919,D,17,294.51546751603473,27
32,0.65,119.49127857747672,23620,D,17,296.35901778154107,28
33,0.67,119.97169966318903,24346,D,17,349.13332785673214,34
34,0.69,120.53667091836735,25088,D,17,318.8775510204082,32
35,0.71,119.99086404459585,25832,D,17,338.72716011148964,35
36,0.73,118.58579502637528,26540,D,17,329.69103240391865,35
37,0.75,114.48644384928642,27257,D,17,293.50258649154347,32
38,0.77,114.12818496944574,27983,D,17,321.6238430475646,36
39,0.79,111.27722082985241,28728,D,17,261.06934001670845,30
40,0.81,113.31392190152802,29450,D,17,356.53650254668935,42
41,0.83,114.58533913216692,30121,D,17,365.1937186680389,44
42,0.85,112.3031526744598,28230,D,17,327.66560396741056,37
43,0.87,109.76802371541503,25300,D,17,395.25691699604744,40
44,0.89,115.15647098917952,23474,D,17,404.7030757433757,38
45,0.91,113.36785486370681,21938,D,17,387.45555656851127,34
46,0.9299999999999999,113.37703732278908,20738,D,17,409.8755907030572,34
47,0.95,110.00061271381159,19585,D,17,370.1812611692622,29
48,0.97,110.30662909999468,18811,D,17,279.0920206262294,21
49,0.99,110.91006577856393,18091,D,17,345.4756508761263,25
0,0.01,137.70078740157481,381,D,18,0.0,0
1,0.03,130.60877192982457,1140,D,18,0.0,0
2,0.05,128.14614981665792,1909,D,18,0.0,0
3,0.07,129.21007140172867,2661,D,18,0.0,0
4,0.09,130.68742724097788,3436,D,18,72.75902211874273,1
5,0.11,129.70035842293908,4185,D,18,0.0,0
6,0.13,130.48332322619768,4947,D,18,0.0,0
7,0.15000000000000002,127.7593984962406,5719,D,18,43.71393600279769,1
8,0.16999999999999998,128.30949806949806,6475,D,18,0.0,0
9,0.19,131.31371736427684,7239,D,18,69.07031357922365,2
10,0.21000000000000002,132.96837895263093,8001,D,18,31.246094238220223,1
11,0.22999999999999998,129.47344981157931,8757,D,18,28.548589699668838,1
12,0.25,130.27843054972723,9532,D,18,26.22744439781788,1
13,0.27,129.39510251676222,10291,D,18,24.293071615975123,1
14,0.29000000000000004,133.11093000090554,11043,D,18,90.55510278004166,4
15,0.31,132.60528544807724,11806,D,18,42.351346772827384,2
16,0.33,133.9318000954958,12566,D,18,59.68486391851027,3
17,0.35,135.30149208967535,13337,D,18,131.2139161730524,7
18,0.37,131.9049982275789,14105,D,18,159.51790145338532,9
19,0.39,131.14508191195307,14833,D,18,101.12586799703365,6
20,0.41000000000000003,134.35735754940205,15637,D,18,191.85265715930169,12
21,0.43,134.59113390730903,16377,D,18,244.2449777126458,16
22,0.45,132.006420733131,17132,D,18,175.11090357226246,12
23,0.47,134.55429624253253,17911,D,18,139.5790296465859,10
24,0.49,133.38853469059737,18665,D,18,133.9405304045004,10
25,0.51,131.2800555584135,19439,D,18,218.63264571222803,17
26,0.53,131.0777078896538,20191,D,18,173.3445594571839,14
27,0.55,132.12627106506898,20947,D,18,214.82789898314795,18
28,0.5700000000000001,133.06216900759844,21715,D,18,195.717246143219,17
29,0.59,131.06091483492034,22474,D,18,111.23965471211179,10
30,0.61,129.46034683075865,23239,D,18,118.33555660742718,11
31,0.63,127.78212337040277,24009,D,18,135.36590445249698,13
32,0.65,124.75063602956023,24763,D,18,90.86136574728425,9
33,0.67,121.93168895337438,25501,D,18,205.87427944002195,21
34,0.69,119.39719412972397,26302,D,18,180.59463158695158,19
35,0.71,115.87358999963017,27039,D,18,268.1312178704834,29
36,0.73,110.51945483314154,27808,D,18,251.72612197928655,28
37,0.75,111.6896805123001,28577,D,18,367.4283514714631,42
38,0.77,110.84575756541912,29311,D,18,375.2857289072362,44
39,0.79,109.79632150327015,30121,D,18,506.29129178978127,61
40,0.81,107.11413748378729,30840,D,18,453.9559014267186,56
41,0.83,104.78276537902256,31634,D,18,379.33868622368345,48
42,0.85,105.09124606165442,32374,D,18,501.9460060542411,65
43,0.87,105.79948679245283,33125,D,18,400.0,53
44,0.89,112.47716223515995,33322,D,18,330.11223816097475,44
45,0.91,113.36315336895768,32562,D,18,284.07345986118787,37
46,0.9299999999999999,116.06421278048478,32221,D,18,155.17829986654667,20
47,0.95,118.01498092199913,31974,D,18,156.37705635829113,20
48,0.97,113.2182340533857,27498,D,18,127.28198414430142,14
49,0.99,113.32252410166521,20538,D,18,133.89814003310934,11
0,0.01,133.31666666666666,360,D,19,0.0,0
1,0.03,130.83846872082165,1071,D,19,0.0,0
2,0.05,129.9315144766147,1796,D,19,417.5946547884187,3
3,0.07,129.0775039745628,2516,D,19,99.36406995230524,1
4,0.09,128.75574891236792,3218,D,19,0.0,0
5,0.11,127.95768938434254,3947,D,19,0.0,0
6,0.13,131.8919382504288,4664,D,19,214.40823327615783,4
7,0.15000000000000002,130.0154677599702,5366,D,19,46.58963846440552,1
8,0.16999999999999998,128.88237221494103,6104,D,19,40.956749672346,1
9,0.19,127.80381231671554,6820,D,19,219.94134897360703,6
10,0.21000000000000002,127.88458466453675,7512,D,19,133.1203407880724,4
11,0.22999999999999998,127.57575390577692,8257,D,19,30.277340438415887,1
12,0.25,128.29732441471572,8970,D,19,139.35340022296546,5
13,0.27,125.99544890359951,9668,D,19,155.1510136532892,6
14,0.29000000000000004,127.51530023094688,10392,D,19,96.2278675904542,4
15,0.31,127.62241410325598,11118,D,19,67.45817593092283,3
16,0.33,127.47195194178865,11819,D,19,126.91429054911583,6
17,0.35,128.33668181455792,12543,D,19,259.1086661883122,13
18,0.37,126.08716251786117,13297,D,19,112.80740016545086,6
19,0.39,127.3936726075442,13971,D,19,268.4131415074082,15
20,0.41000000000000003,126.17195803242949,14678,D,19,119.22605259572148,7
21,0.43,125.51336829157765,15447,D,19,129.47497896031592,8
22,0.45,126.61291522062469,16136,D,19,232.3996033713436,15
23,0.47,127.2611332421666,16819,D,19,297.2828348891135,20
24,0.49,128.54816331172523,17586,D,19,241.6695098373706,17
25,0.51,128.58326497128795,18285,D,19,177.74131802023518,13
26,0.53,127.34950484618626,18984,D,19,355.56257901390643,27
27,0.55,126.0977599837827,19732,D,19,291.4048246503142,23
28,0.5700000000000001,123.50036651517372,20463,D,19,244.34344915212824,20
29,0.59,121.73347537878787,21120,D,19,248.57954545454547,21
30,0.61,122.4720559338299,21883,D,19,262.7610473883837,23
31,0.63,119.8314313517339,22608,D,19,287.5088464260439,26
32,0.65,119.36126149351207,23274,D,19,354.47280226862597,33
33,0.67,117.40924422236102,24015,D,19,353.9454507599417,34
34,0.69,113.40265826364481,24753,D,19,302.99357653617744,30
35,0.71,113.37453801997326,25434,D,19,314.5395926712275,32
36,0.73,114.81854329956032,26155,D,19,315.42726056203406,33
37,0.75,113.87384912384913,26936,D,19,371.2503712503713,40
38,0.77,113.19064735008253,27265,D,19,421.78617274894555,46
39,0.79,111.79645749753993,26422,D,19,425.781545681629,45
40,0.81,110.00598437202211,26235,D,19,485.9919954259577,51
41,0.83,106.93628555067761,26195,D,19,381.7522427944264,40
42,0.85,110.80536733917016,26270,D,19,390.1789113056719,41
43,0.87,113.9358176501462,26674,D,19,440.50386143810454,47
44,0.89,115.86747077379847,26945,D,19,269.06661718315087,29
45,0.91,119.25554087773375,27252,D,19,431.16101570526934,47
46,0.9299999999999999,118.70861593500783,26834,D,19,232.91346798837296,25
47,0.95,116.59676858929812,23024,D,19,314.88881167477416,29
48,0.97,108.67055211531456,19217,D,19,208.14903470885156,16
49,0.99,106.99870742947061,17794,D,19,196.6955153422502,14
0,0.01,127.42038216560509,314,D,20,0.0,0
1,0.03,133.97192224622032,926,D,20,1349.8920086393089,5
2,0.05,126.4325551232166,1542,D,20,0.0,0
3,0.07,123.74374420759963,2158,D,20,115.84800741427249,1
4,0.09,127.24864864864865,2775,D,20,540.5405405405406,6
5,0.11,128.3201534375922,3389,D,20,590.1445854234288,8
6,0.13,126.59025360517155,4022,D,20,372.94878170064646,6
7,0.15000000000000002,126.21199051110632,4637,D,20,431.3133491481562,8
8,0.16999999999999998,125.18004958992942,5243,D,20,476.82624451649826,10
9,0.19,126.84931040354164,5873,D,20,383.1091435382258,9
10,0.21000000000000002,127.90023130300693,6485,D,20,346.9545104086353,9
11,0.22999999999999998,128.06069567666526,7101,D,20,352.0630897056753,10
12,0.25,127.66119016817593,7730,D,20,355.7567917205692,11
13,0.27,126.61264065118506,8354,D,20,359.109408666507,12
14,0.29000000000000004,127.71776808677177,8943,D,20,363.41272503634127,13
15,0.31,127.94416562107905,9564,D,20,522.7938101212882,20
16,0.33,129.52172207512012,10197,D,20,367.75522212415416,15
17,0.35,129.72996483435128,10806,D,20,508.97649454007035,22
18,0.37,129.7998249452954,11425,D,20,415.75492341356676,19
19,0.39,129.5015770252324,12048,D,20,456.5073041168659,22
20,0.41000000000000003,131.9437554309187,12659,D,20,434.4734971166759,22
21,0.43,133.26269016418135,13278,D,20,564.8441030275644,30
22,0.45,128.782711961998,13894,D,20,467.8278393551173,26
23,0.47,129.09054630521536,14534,D,20,412.82509976606576,24
24,0.49,129.10007270804417,15129,D,20,594.883997620464,36
25,0.51,126.09975885264627,15758,D,20,412.4888945297627,26
26,0.53,125.54680525833079,16355,D,20,580.8621216753287,38
27,0.55,128.79195381987395,16977,D,20,544.8548035577546,37
28,0.5700000000000001,127.63197406585907,17583,D,20,540.2946027412843,38
29,0.59,128.0085568537107,18231,D,20,534.8033569195327,39
30,0.61,127.46434256606176,18846,D,20,464.2895044041176,35
31,0.63,124.69265559952716,19457,D,20,449.7096160764764,35
32,0.65,122.55356786924457,20068,D,20,485.84811640422566,39
33,0.67,122.74516943392562,20598,D,20,339.83881930284497,28
34,0.69,123.40927429396822,20077,D,20,348.65766797828365,28
35,0.71,125.81904416338378,19292,D,20,466.5146174580137,36
36,0.73,125.47918693912855,18498,D,20,500.05405989836737,37
37,0.75,124.14332915574798,17554,D,20,484.2201207701948,34
38,0.77,123.72100938967137,17040,D,20,410.7981220657277,28
39,0.79,121.76122820407444,17033,D,20,469.67651030352846,32
40,0.81,120.72987657237347,16933,D,20,354.33768381267345,24
41,0.83,119.03444576877234,16780,D,20,402.2646007151371,27
42,0.85,119.7471062359857,16501,D,20,515.1202957396522,34
43,0.87,119.98304666789964,16221,D,20,462.36360273719254,30
44,0.89,116.67777022433718,16181,D,20,355.3550460416538,23
45,0.91,114.46087337886097,15961,D,20,438.56901196666877,28
46,0.9299999999999999,111.0240712661107,15828,D,20,363.2802628253728,23
47,0.95,113.56465489771206,15691,D,20,318.65400548084887,20
48,0.97,117.89204545454545,15664,D,20,223.4422880490296,14
49,0.99,114.77361146659841,15628,D,20,351.93242897363706,22
0,0.01,119.86111111111111,360,D,21,0.0,0
1,0.03,122.79648473635523,1081,D,21,231.26734505087884,1
2,0.05,122.11767955801105,1810,D,21,276.24309392265195,2
3,0.07,120.40512820512821,2535,D,21,295.85798816568047,3
4,0.09,120.70089148478327,3253,D,21,153.70427297878882,2
5,0.11,122.21729266448197,3967,D,21,189.0597428787497,3
6,0.13,122.03063829787234,4700,D,21,53.191489361702125,1
7,0.15000000000000002,122.27075280692067,5433,D,21,46.01509295048776,1
8,0.16999999999999998,121.33708048224177,6138,D,21,40.72987943955686,1
9,0.19,119.45625272965498,6869,D,21,218.37239772892707,6
10,0.21000000000000002,121.59907894736843,7600,D,21,98.6842105263158,3
11,0.22999999999999998,123.59518941671678,8315,D,21,180.3968731208659,6
12,0.25,123.29325805380272,9033,D,21,193.73408612863943,7
13,0.27,124.1562339924188,9761,D,21,179.28490933306017,7
14,0.29000000000000004,124.48045757864632,10490,D,21,214.48999046711154,9
15,0.31,122.91657000089229,11207,D,21,133.8449183545998,6
16,0.33,126.653559151505,11927,D,21,188.64760627148488,9
17,0.35,124.98522673408121,12658,D,21,177.75319955759204,9
18,0.37,125.23546120496337,13378,D,21,224.24876663178352,12
19,0.39,125.6830151181773,14089,D,21,266.16509333522606,15
20,0.41000000000000003,128.18614689417953,14827,D,21,219.19471234909287,13
21,0.43,128.9980074559712,15558,D,21,224.96464841239236,14
22,0.45,130.99926240088513,16269,D,21,245.86637162702073,16
23,0.47,131.44352179034158,16980,D,21,265.017667844523,18
24,0.49,136.65022851661683,17723,D,21,310.3312080347571,22
25,0.51,137.65036860364268,18448,D,21,365.89332176929753,27
26,0.53,138.2954474261251,19154,D,21,221.88576798579933,17
27,0.55,140.43880221439355,19870,D,21,289.38097634625063,23
28,0.5700000000000001,143.70271056587305,20623,D,21,387.9164040149348,32
29,0.59,145.78540631736809,21338,D,21,351.4856125222608,30
30,0.61,146.00848726909635,22033,D,21,385.7849589252485,34
31,0.63,147.1579617275281,22784,D,21,340.15098314606746,31
32,0.65,149.8299366038378,23503,D,21,478.6622984299877,45
33,0.67,151.50908265213442,24222,D,21,454.1326067211626,44
34,0.69,149.82208146247595,24944,D,21,380.85311096856964,38
35,0.71,150.22376831930154,25656,D,21,526.1927034611787,54
36,0.73,147.7724365040312,26419,D,21,454.21855482796474,48
37,0.75,144.21212568225403,27116,D,21,433.32349904115654,47
38,0.77,146.41102243313202,27816,D,21,449.38165084843257,50
39,0.79,145.8862180054519,28247,D,21,460.22586469359584,52
40,0.81,145.73815701682852,26978,D,21,417.00644969975536,45
41,0.83,143.30785903808064,26759,D,21,383.04869389738036,41
42,0.85,136.63532562204782,26887,D,21,418.417822739614,45
43,0.87,123.20882733148662,27075,D,21,267.7746999076639,29
44,0.89,119.21811562224184,27192,D,21,330.9796999117388,36
45,0.91,114.44397544128934,26060,D,21,230.23791250959326,24
46,0.9299999999999999,115.21736564805057,23725,D,21,252.8977871443625,24
47,0.95,118.3745584618824,22365,D,21,324.1672255756763,29
48,0.97,121.76549316264183,20622,D,21,193.96760740956262,16
49,0.99,122.06039619906588,18627,D,21,295.27030654426375,22
0,0.01,121.17694369973191,373,D,22,0.0,0
1,0.03,129.0480943738657,1102,D,22,0.0,0
2,0.05,128.76598049837486,1846,D,22,0.0,0
3,0.07,128.54538401861907,2578,D,22,0.0,0
4,0.09,123.20903614457832,3320,D,22,150.6024096385542,2
5,0.11,125.68879056047197,4068,D,22,245.8210422812193,4
6,0.13,125.47883211678833,4795,D,22,156.41293013555787,3
7,0.15000000000000002,126.14650488953278,5522,D,22,226.3672582397682,5
8,0.16999999999999998,120.7650621613006,6274,D,22,159.38795027095952,4
9,0.19,124.59403964066733,7013,D,22,285.1846570654499,8
10,0.21000000000000002,124.04547803617571,7740,D,22,161.49870801033592,5
11,0.22999999999999998,124.07949593687434,8491,D,22,176.65763749852783,6
12,0.25,121.28809885107306,9226,D,22,162.58400173422936,6
13,0.27,124.84924219612566,9963,D,22,276.02127873130587,11
14,0.29000000000000004,121.56711252455337,10691,D,22,187.0732391731363,8
15,0.31,121.25665266106442,11424,D,22,175.07002801120447,8
16,0.33,121.89178981937603,12180,D,22,205.2545155993432,10
17,0.35,126.43726794554455,12928,D,22,367.41955445544556,19
18,0.37,124.24580678239215,13653,D,22,311.28689665275033,17
19,0.39,123.91794158553546,14380,D,22,156.46731571627262,9
20,0.41000000000000003,126.90171421007346,15109,D,22,215.10358064729633,13
21,0.43,125.96249842430355,15866,D,22,173.32661036177993,11
22,0.45,129.36131518728172,16606,D,22,225.82199205106588,15
23,0.47,131.84997404395224,17337,D,22,374.9206898540694,26
24,0.49,135.14969033399692,18084,D,22,179.71687679716877,13
25,0.51,135.3046783625731,18810,D,22,292.39766081871346,22
26,0.53,137.8241432225064,19550,D,22,294.11764705882354,23
27,0.55,138.74985212933754,20288,D,22,295.74132492113563,24
28,0.5700000000000001,140.82406394214757,21019,D,22,321.138017983729,27
29,0.59,141.35298171460076,21766,D,22,264.1734815767711,23
30,0.61,144.88578150663648,22527,D,22,466.10733786123325,42
31,0.63,144.16943321579083,23254,D,22,322.52515696224305,30
32,0.65,146.72157026519108,23945,D,22,459.3860931300898,44
33,0.67,149.34086308800906,24702,D,22,384.5842441907538,38
34,0.69,150.9273291193907,25471,D,22,579.089945428134,59
35,0.71,150.35006297469562,26201,D,22,572.4972329300409,60
36,0.73,150.02891825673768,26938,D,22,612.5176330833766,66
37,0.75,149.22971263329117,27665,D,22,424.72438098680647,47
38,0.77,151.48158720090214,28377,D,22,634.3165239454488,72
39,0.79,148.64577759484118,29154,D,22,531.659463538451,62
40,0.81,139.72533797349752,29884,D,22,501.94083790657214,60
41,0.83,140.08280525249884,30614,D,22,334.8141373227935,41
42,0.85,129.11899678128685,31379,D,22,342.58580579368373,43
43,0.87,116.46040745124914,32102,D,22,241.4179801881503,31
44,0.89,114.29401011516666,32822,D,22,243.73895557857537,32
45,0.91,116.30874614690039,32117,D,22,186.81695052464428,24
46,0.9299999999999999,113.96198625333146,28516,D,22,157.80614391920327,18
47,0.95,106.62480304369548,26021,D,22,144.11436916336805,15
48,0.97,104.46729657082349,24554,D,22,122.17968559094241,12
49,0.99,99.3329082235133,21171,D,22,94.4688488970762,8
0,0.01,125.94362017804154,337,D,23,0.0,0
1,0.03,130.38712776176754,1041,D,23,240.15369836695484,1
2,0.05,129.80575117370893,1704,D,23,146.71361502347418,1
3,0.07,129.08406158967958,2403,D,23,416.1464835622139,4
4,0.09,124.06439024390244,3075,D,23,731.7073170731708,9
5,0.11,123.7388888888889,3780,D,23,661.3756613756614,10
6,0.13,122.96047608353919,4453,D,23,224.56770716370988,4
7,0.15000000000000002,124.04285157771717,5134,D,23,438.25477210751853,9
8,0.16999999999999998,125.99004120879121,5824,D,23,472.184065934066,11
9,0.19,123.02199661590525,6501,D,23,230.73373327180434,6
10,0.21000000000000002,125.64827109266943,7230,D,23,691.5629322268327,20
11,0.22999999999999998,126.964048954615,7844,D,23,573.6868944416115,18
12,0.25,125.83216864663406,8586,D,23,349.4060097833683,12
13,0.27,125.79571289379669,9237,D,23,378.9109018079463,14
14,0.29000000000000004,129.33457323816225,9947,D,23,477.5309138433699,19
15,0.31,130.6602051378564,10627,D,23,494.0246541827421,21
16,0.33,130.3370537691558,11289,D,23,509.3453804588538,23
17,0.35,127.84641666666667,12000,D,23,375.0,18
18,0.37,128.32536111768886,12669,D,23,374.9309337753572,19
19,0.39,130.43860041778572,13404,D,23,391.674127126231,21
20,0.41000000000000003,133.1666071556095,14003,D,23,464.1862458044705,26
21,0.43,135.35282162455118,14761,D,23,558.9052232233588,33
22,0.45,135.20647799558614,15406,D,23,470.5958717382838,29
23,0.47,141.17898591199653,16113,D,23,512.008936883262,33
24,0.49,140.50380907034878,16802,D,23,505.8921556957505,34
25,0.51,144.24787746672786,17432,D,23,559.3162000917853,39
26,0.53,144.5453345796448,18187,D,23,549.8432946610217,40
27,0.55,146.21366387089924,18838,D,23,504.2998195137488,38
28,0.5700000000000001,148.4775318235264,19561,D,23,600.6850365523236,47
29,0.59,150.03167286245352,20175,D,23,545.2292441140025,44
30,0.61,154.1106970522192,20931,D,23,692.752376857293,58
31,0.63,152.28607876791762,21557,D,23,487.08076262930837,42
32,0.65,158.32065144241554,22289,D,23,560.814751671228,50
33,0.67,159.43018194480717,22974,D,23,609.3845216331506,56
34,0.69,155.96135265700482,23598,D,23,561.4882617170947,53
35,0.71,157.16678294414578,24367,D,23,369.35199244880374,36
36,0.73,147.41364127606772,24983,D,23,470.3198174758836,47
37,0.75,139.9140282040325,25741,D,23,388.4852958315528,40
38,0.77,139.87822654114788,26344,D,23,436.5320376556332,46
39,0.79,134.2961389385808,26832,D,23,372.6893261776983,40
40,0.81,135.56292503072513,24410,D,23,430.1515772224499,42
41,0.83,135.78149055283416,22864,D,23,524.8425472358293,48
42,0.85,133.17931473234572,22006,D,23,488.50313550849773,43
43,0.87,129.653246002697,20764,D,23,313.041803120786,26
44,0.89,129.51047919422118,19658,D,23,483.26381117102454,38
45,0.91,127.64369985842379,19071,D,23,301.5049027318966,23
46,0.9299999999999999,126.47974310944608,18685,D,23,374.63205780037464,28
47,0.95,123.68405193666794,18253,D,23,205.44568016216513,15
48,0.97,114.75168199147791,17836,D,23,210.2489347387307,15
49,0.99,118.3635830007044,17036,D,23,132.07325663301245,9
0,0.01,140.56571428571428,350,D,24,0.0,0
1,0.03,129.96377502383223,1049,D,24,0.0,0
2,0.05,128.877562642369,1756,D,24,142.36902050113895,1
3,0.07,129.49591836734695,2450,D,24,102.04081632653062,1
4,0.09,129.1445324881141,3155,D,24,713.1537242472267,9
5,0.11,130.55644743656137,3862,D,24,323.66649404453653,5
6,0.13,132.98922129344479,4546,D,24,219.9736031676199,4
7,0.15000000000000002,128.59802619092807,5269,D,24,284.68400075915736,6
8,0.16999999999999998,130.66335967714815,5947,D,24,336.30401883302505,8
9,0.19,130.18795976580094,6661,D,24,262.723314817595,7
10,0.21000000000000002,135.96645844649646,7364,D,24,203.69364475828354,6
11,0.22999999999999998,133.6408056695263,8043,D,24,217.58050478677112,7
12,0.25,129.18212862834378,8785,D,24,170.7455890722823,6
13,0.27,131.18144264378773,9441,D,24,291.28270310348483,11
14,0.29000000000000004,132.16543937162493,10185,D,24,392.7344133529701,16
15,0.31,131.19261238025055,10856,D,24,253.31613854089906,11
16,0.33,133.42676811343594,11566,D,24,475.5317309355006,22
17,0.35,129.94598123215013,12255,D,24,367.1970624235006,18
18,0.37,133.3633492528116,12982,D,24,442.9209674934525,23
19,0.39,134.17563511238012,13659,D,24,366.05900871220445,20
20,0.41000000000000003,136.42371937639197,14368,D,24,382.79510022271717,22
21,0.43,138.0285278312214,15073,D,24,447.82060638227296,27
22,0.45,139.91207049575252,15774,D,24,380.3727653100038,24
23,0.47,140.4179004854369,16480,D,24,348.9077669902913,23
24,0.49,142.00489910183134,17146,D,24,437.41980636883244,30
25,0.51,142.72186800894855,17880,D,24,531.3199105145413,38
26,0.53,145.29010220548682,18590,D,24,551.3717052178591,41
27,0.55,149.68833393904782,19261,D,24,506.20424692383574,39
28,0.5700000000000001,150.41825817418257,20002,D,24,437.45625437456255,35
29,0.59,148.64386746754505,20644,D,24,496.51230381708973,41
30,0.61,148.60840304715614,21397,D,24,490.72299855119877,42
31,0.63,138.71234489629563,22082,D,24,611.3576668780003,54
32,0.65,134.73425283317226,22766,D,24,439.2515154177282,40
33,0.67,134.59049648412528,23465,D,24,490.09162582569786,46
34,0.69,137.31028938906752,23636,D,24,433.6605178541209,41
35,0.71,136.2512509409733,22583,D,24,520.3028826993757,47
36,0.73,138.18601243339253,22520,D,24,566.1634103019538,51
37,0.75,143.32248048261178,22544,D,24,454.6664300922641,41
38,0.77,136.63495454545455,22000,D,24,386.3636363636364,34
39,0.79,134.17423246111287,22051,D,24,476.16888122987626,42
40,0.81,130.9175397398844,22144,D,24,462.8793352601156,41
41,0.83,131.92003028438936,21133,D,24,343.0653480338807,29
42,0.85,134.15635464427388,19411,D,24,360.6202668589975,28
43,0.87,132.06407922912206,18680,D,24,428.2655246252677,32
44,0.89,129.010390620659,17997,D,24,361.1713063288326,26
45,0.91,125.36603229527105,17340,D,24,317.1856978085352,22
46,0.9299999999999999,122.1147511742672,16819,D,24,237.82626791129078,16
47,0.95,118.96771469403664,15394,D,24,162.40093542938808,10
48,0.97,117.15838767864577,14414,D,24,294.8522270015263,17
49,0.99,115.34345829011706,13498,D,24,203.73388650170395,11
0,0.01,66.57039711191335,277,D,25,0.0,0
1,0.03,85.14565483476132,817,D,25,305.99755201958385,1
2,0.05,89.38167938931298,1310,D,25,190.83969465648855,1
3,0.07,106.05029781601588,1511,D,25,330.90668431502314,2
4,0.09,119.1737668161435,1784,D,25,560.5381165919282,4
5,0.11,121.9971346704871,2094,D,25,596.9436485195798,5
6,0.13,123.76149068322981,2415,D,25,310.55900621118013,3
7,0.15000000000000002,122.26396700412448,2667,D,25,656.1679790026247,7
8,0.16999999999999998,123.8366791425655,2939,D,25,510.3776794828173,6
9,0.19,125.70246153846153,3250,D,25,538.4615384615385,7
10,0.21000000000000002,126.30938292476755,3549,D,25,352.2118906734292,5
11,0.22999999999999998,129.24729799279464,3886,D,25,193.00051466803913,3
12,0.25,132.36753951403634,4239,D,25,707.714083510262,12
13,0.27,127.09013157894736,4560,D,25,328.94736842105266,6
14,0.29000000000000004,132.79853031230863,4899,D,25,714.4315166360482,14
15,0.31,130.6957426679281,5285,D,25,283.8221381267739,6
16,0.33,130.94660021359914,5618,D,25,355.998576005696,8
17,0.35,129.76288659793815,5917,D,25,338.0091262464087,8
18,0.37,128.29322355921468,6316,D,25,356.2381253958202,9
19,0.39,126.69235400361228,6644,D,25,338.6514148103552,9
20,0.41000000000000003,125.5240199572345,7015,D,25,392.0171062009979,11
21,0.43,126.03946127946128,7425,D,25,336.7003367003367,10
22,0.45,124.75073388640715,7835,D,25,287.1729419272495,9
23,0.47,128.57475775788055,8153,D,25,306.6355942597817,10
24,0.49,130.02196397443348,8605,D,25,319.5816385822196,11
25,0.51,129.3123678058555,8983,D,25,278.3034620950685,10
26,0.53,129.79366264803159,9373,D,25,400.08535154166225,15
27,0.55,134.16156272255571,9829,D,25,483.26381117102454,19
28,0.5700000000000001,136.89857477547832,10244,D,25,512.4951190941039,21
29,0.59,136.80041599697458,10577,D,25,449.08764299896,19
30,0.61,138.6969090909091,11000,D,25,477.2727272727273,21
31,0.63,141.94631283937642,11418,D,25,503.59082150989667,23
32,0.65,140.5787244854747,11807,D,25,232.91267891928518,11
33,0.67,142.96712463199214,12228,D,25,368.00785083415116,18
34,0.69,143.89325931800158,12610,D,25,495.6383822363204,25
35,0.71,143.78066400245928,13012,D,25,518.7519213034122,27
36,0.73,144.8913043478261,13432,D,25,558.3680762358547,30
37,0.75,142.06963305403062,13844,D,25,505.63420976596365,28
38,0.77,144.44173498703665,14271,D,25,665.6856562259128,38
39,0.79,147.9861365953109,14715,D,25,509.6839959225281,30
40,0.81,149.6259863229879,15208,D,25,591.7937927406629,36
41,0.83,145.4168100426942,15693,D,25,525.7121009367235,33
42,0.85,145.0960379769947,16431,D,25,532.5299738299557,35
43,0.87,139.16343888282282,17401,D,25,502.8446640997644,35
44,0.89,132.1845228146415,17949,D,25,417.85057663379575,30
45,0.91,128.6261195245074,18423,D,25,312.10986267166044,23
46,0.9299999999999999,125.92677140447068,18968,D,25,355.86250527203714,27
47,0.95,121.96225134443691,19153,D,25,352.42520753928886,27
48,0.97,121.04585892819318,18884,D,25,370.6841770811269,28
49,0.99,118.59585978470881,18115,D,25,276.0143527463428,20
0,0.01,,0,E,1,0.0,0
1,0.03,,0,E,1,0.0,0
2,0.05,,0,E,1,0.0,0
3,0.07,,0,E,1,0.0,0
4,0.09,,0,E,1,0.0,0
5,0.11,,0,E,1,0.0,0
6,0.13,,0,E,1,0.0,0
7,0.15000000000000002,,0,E,1,0.0,0
8,0.16999999999999998,,0,E,1,0.0,0
9,0.19,,0,E,1,0.0,0
10,0.21000000000000002,,0,E,1,0.0,0
11,0.22999999999999998,,0,E,1,0.0,0
12,0.25,,0,E,1,0.0,0
13,0.27,,0,E,1,0.0,0
14,0.29000000000000004,,0,E,1,0.0,0
15,0.31,,0,E,1,0.0,0
16,0.33,,0,E,1,0.0,0
17,0.35,,0,E,1,0.0,0
18,0.37,,0,E,1,0.0,0
19,0.39,,0,E,1,0.0,0
20,0.41000000000000003,,0,E,1,0.0,0
21,0.43,,0,E,1,0.0,0
22,0.45,95.98601398601399,143,E,1,0.0,0
23,0.47,92.97679814385151,431,E,1,580.0464037122971,1
24,0.49,85.52025316455696,790,E,1,0.0,0
25,0.51,92.85800344234079,1162,E,1,645.4388984509466,3
26,0.53,82.84520884520884,1628,E,1,153.56265356265357,1
27,0.55,76.55862361937129,2354,E,1,106.20220900594734,1
28,0.5700000000000001,88.94232105628909,2878,E,1,173.73175816539265,2
29,0.59,88.0993883792049,3924,E,1,127.42099898063202,2
30,0.61,87.35892935498025,4558,E,1,219.3944712593243,4
31,0.63,87.35233662982354,5157,E,1,96.95559433779329,2
32,0.65,85.11728500598393,5849,E,1,85.48469823901522,2
33,0.67,92.8173954073608,6358,E,1,196.6027052532243,5
34,0.69,100.28326059411516,7103,E,1,105.58918766718288,3
35,0.71,91.49118511263467,8168,E,1,91.82174338883448,3
36,0.73,89.80900063384746,9466,E,1,158.4618635115149,6
37,0.75,93.37340851218624,10996,E,1,136.4132411786104,6
38,0.77,89.80268109125117,12756,E,1,117.59172154280338,6
39,0.79,87.53687943262412,14100,E,1,141.84397163120568,8
40,0.81,87.43682034976153,15725,E,1,127.18600953895071,8
41,0.83,87.26395248112857,16162,E,1,92.8102957554758,6
42,0.85,93.91070748126508,15746,E,1,111.13933697446971,7
43,0.87,102.53529693159298,14633,E,1,153.762044693501,9
44,0.89,103.45093353248693,13390,E,1,93.35324869305452,5
45,0.91,96.91832229580574,12684,E,1,137.96909492273733,7
46,0.9299999999999999,89.17283441852798,12133,E,1,82.41984669908514,4
47,0.95,90.03987309209398,11662,E,1,64.3114388612588,3
48,0.97,90.07357102433502,10602,E,1,70.74136955291455,3
49,0.99,86.24837410963147,9687,E,1,180.65448539279447,7
0,0.01,116.44491525423729,236,E,2,1059.322033898305,1
1,0.03,114.02549575070822,706,E,2,708.215297450425,2
2,0.05,109.50420168067227,1190,E,2,210.0840336134454,1
3,0.07,108.34482758620689,1653,E,2,0.0,0
4,0.09,113.55812854442344,2116,E,2,708.8846880907373,6
5,0.11,115.66538903794557,2609,E,2,191.64430816404754,2
6,0.13,119.77712800519818,3078,E,2,406.1078622482131,5
7,0.15000000000000002,121.29578262100198,3533,E,2,353.80696292103033,5
8,0.16999999999999998,114.85756972111554,4016,E,2,124.50199203187252,2
9,0.19,111.99066874027994,4501,E,2,277.71606309708955,5
10,0.21000000000000002,107.62761674718196,4968,E,2,251.61030595813205,5
11,0.22999999999999998,102.11805939863494,5421,E,2,230.5847629588637,5
12,0.25,97.80497714575927,5907,E,2,211.61334010496023,5
13,0.27,100.27049436795996,6392,E,2,312.89111389236547,8
14,0.29000000000000004,99.33834038209129,6857,E,2,182.29546448884352,5
15,0.31,99.23523783488245,7316,E,2,34.17167851284855,1
16,0.33,98.24338282763073,7745,E,2,516.4622336991608,16
17,0.35,95.63681152097018,7916,E,2,157.9080343607883,5
18,0.37,96.22667156502571,8166,E,2,336.7621846681362,11
19,0.39,96.39280009829217,8139,E,2,215.01412949993855,7
20,0.41000000000000003,99.51377171215881,8060,E,2,403.2258064516129,13
21,0.43,105.91801813306091,7831,E,2,223.47082109564553,7
22,0.45,113.14987809572693,7793,E,2,320.80071859360964,10
23,0.47,109.9546937751004,7968,E,2,251.00401606425706,8
24,0.49,110.10760869565217,8280,E,2,271.7391304347826,9
25,0.51,100.41112272146755,8613,E,2,319.28480204342276,11
26,0.53,96.28491369648061,8922,E,2,168.12373907195698,6
27,0.55,94.34668553390661,9187,E,2,244.91128768912597,9
28,0.5700000000000001,94.22470817120623,9252,E,2,324.25421530479895,12
29,0.59,92.17537759426274,9203,E,2,244.4854938606976,9
30,0.61,90.64868740348555,9066,E,2,275.7555702625193,10
31,0.63,87.72018030513176,8652,E,2,462.32085067036525,16
32,0.65,88.13797061524335,8712,E,2,200.87235996326908,7
33,0.67,94.53675889328063,8855,E,2,169.3958215697346,6
34,0.69,106.04389270671692,9022,E,2,193.97029483484818,7
35,0.71,107.67635172037139,9155,E,2,191.15237575095577,7
36,0.73,105.14305659972077,9311,E,2,241.64966169047364,9
37,0.75,109.53615408904327,9501,E,2,184.19113777497108,7
38,0.77,112.50226430629888,9716,E,2,334.49979415397286,13
39,0.79,113.08327466559389,9943,E,2,125.71658453183146,5
40,0.81,120.94782178217822,10100,E,2,173.26732673267327,7
41,0.83,122.74523952695931,9978,E,2,225.4960914010824,9
42,0.85,113.13678789829417,9321,E,2,241.3904087544255,9
43,0.87,103.34893520100216,8781,E,2,256.2350529552443,9
44,0.89,101.4973544973545,8316,E,2,240.5002405002405,8
45,0.91,98.54285349342189,7829,E,2,287.39302592923747,9
46,0.9299999999999999,92.10832759807295,7265,E,2,206.4693737095664,6
47,0.95,97.71330651169721,6711,E,2,74.50454477723142,2
48,0.97,109.65393832880652,6259,E,2,359.4823454225915,9
49,0.99,117.79655117861098,6321,E,2,276.85492801771875,7
0,0.01,,0,E,3,0.0,0
1,0.03,,0,E,3,0.0,0
2,0.05,,0,E,3,0.0,0
3,0.07,,0,E,3,0.0,0
4,0.09,,0,E,3,0.0,0
5,0.11,,0,E,3,0.0,0
6,0.13,,0,E,3,0.0,0
7,0.15000000000000002,,0,E,3,0.0,0
8,0.16999999999999998,,0,E,3,0.0,0
9,0.19,,0,E,3,0.0,0
10,0.21000000000000002,,0,E,3,0.0,0
11,0.22999999999999998,,0,E,3,0.0,0
12,0.25,,0,E,3,0.0,0
13,0.27,,0,E,3,0.0,0
14,0.29000000000000004,,0,E,3,0.0,0
15,0.31,,0,E,3,0.0,0
16,0.33,,0,E,3,0.0,0
17,0.35,,0,E,3,0.0,0
18,0.37,,0,E,3,0.0,0
19,0.39,,0,E,3,0.0,0
20,0.41000000000000003,,0,E,3,0.0,0
21,0.43,,0,E,3,0.0,0
22,0.45,,0,E,3,0.0,0
23,0.47,,0,E,3,0.0,0
24,0.49,,0,E,3,0.0,0
25,0.51,,0,E,3,0.0,0
26,0.53,,0,E,3,0.0,0
27,0.55,,0,E,3,0.0,0
28,0.5700000000000001,,0,E,3,0.0,0
29,0.59,81.35,120,E,3,0.0,0
30,0.61,77.04288939051919,443,E,3,564.3340857787811,1
31,0.63,75.07260726072607,606,E,3,412.54125412541254,1
32,0.65,65.70557029177719,754,E,3,0.0,0
33,0.67,62.78468368479467,901,E,3,277.4694783573807,1
34,0.69,80.82849604221636,1137,E,3,219.8768689533861,1
35,0.71,100.17731343283582,1675,E,3,0.0,0
36,0.73,97.2745983935743,1992,E,3,251.00401606425706,2
37,0.75,92.4953531598513,2152,E,3,348.51301115241637,3
38,0.77,95.07225177304964,2256,E,3,443.2624113475178,4
39,0.79,108.16265850459116,2287,E,3,109.31351114997814,1
40,0.81,109.68388825105244,2613,E,3,95.67546880979717,1
41,0.83,100.94584837545126,3047,E,3,164.0958319658681,2
42,0.85,96.97080526146937,3117,E,3,401.0266281681104,5
43,0.87,91.63315966901624,3263,E,3,306.4664419246093,4
44,0.89,90.8314005352364,3363,E,3,817.7222717811478,11
45,0.91,90.90049906425452,3206,E,3,467.87273861509675,6
46,0.9299999999999999,96.90451148629947,3613,E,3,622.7511763077775,9
47,0.95,107.40034965034965,4004,E,3,312.1878121878122,5
48,0.97,111.31245447924253,4119,E,3,485.5547462976451,8
49,0.99,115.32282531405546,4219,E,3,414.79023465276134,7
0,0.01,,0,E,4,0.0,0
1,0.03,,0,E,4,0.0,0
2,0.05,,0,E,4,0.0,0
3,0.07,,0,E,4,0.0,0
4,0.09,,0,E,4,0.0,0
5,0.11,,0,E,4,0.0,0
6,0.13,64.63636363636364,99,E,4,2525.2525252525256,1
7,0.15000000000000002,59.901408450704224,355,E,4,704.2253521126761,1
8,0.16999999999999998,58.86590038314176,522,E,4,0.0,0
9,0.19,58.85446685878963,694,E,4,360.2305475504323,1
10,0.21000000000000002,71.43162901307967,841,E,4,594.5303210463734,2
11,0.22999999999999998,78.55061494796594,1057,E,4,946.073793755913,4
12,0.25,72.40653495440729,1316,E,4,189.9696048632219,1
13,0.27,63.91362763915547,1563,E,4,479.8464491362764,3
14,0.29000000000000004,58.61438278595696,1766,E,4,0.0,0
15,0.31,59.54739583333333,1920,E,4,260.4166666666667,2
16,0.33,58.436267436267435,2079,E,4,481.000481000481,4
17,0.35,53.49709691826708,2239,E,4,223.31397945511387,2
18,0.37,59.852195945945944,2368,E,4,211.14864864864865,2
19,0.39,72.81044717055798,2527,E,4,197.86307874950538,2
20,0.41000000000000003,89.32337565347274,2678,E,4,280.0597460791636,3
21,0.43,107.18368055555555,2880,E,4,260.4166666666667,3
22,0.45,119.34325396825396,3024,E,4,248.01587301587304,3
23,0.47,122.17465862178469,3149,E,4,238.1708478882185,3
24,0.49,128.06769884638737,3294,E,4,227.68670309653916,3
25,0.51,132.6347218176522,3433,E,4,509.75822895426745,7
26,0.53,125.23806801943412,3499,E,4,357.2449271220349,5
27,0.55,115.5136131593874,3526,E,4,212.7056154282473,3
28,0.5700000000000001,106.2935086737549,3574,E,4,139.89927252378288,2
29,0.59,104.00360310421286,3608,E,4,207.87139689578717,3
30,0.61,104.0874684608915,3567,E,4,70.08690776562938,1
31,0.63,104.93902081501027,3411,E,4,366.4614482556435,5
32,0.65,110.40878169449599,3234,E,4,77.30364873222017,1
33,0.67,113.40728797162205,3101,E,4,241.8574653337633,3
34,0.69,110.58114429650954,2779,E,4,89.96041741633682,1
35,0.71,103.86733128834356,2608,E,4,0.0,0
36,0.73,99.18565234528971,2537,E,4,295.62475364603864,3
37,0.75,102.32560066280033,2414,E,4,103.5625517812759,1
38,0.77,107.5179575941151,2311,E,4,216.35655560363483,2
39,0.79,105.68490153172867,2285,E,4,109.40919037199126,1
40,0.81,110.72112802148612,2234,E,4,223.81378692927487,2
41,0.83,112.11564320932317,2231,E,4,112.0573733751681,1
42,0.85,106.00498188405797,2208,E,4,0.0,0
43,0.87,101.7096162955945,2111,E,4,0.0,0
44,0.89,91.12369077306734,2005,E,4,124.68827930174565,1
45,0.91,85.95173535791757,1844,E,4,0.0,0
46,0.9299999999999999,85.62120375483158,1811,E,4,0.0,0
47,0.95,91.66812465828322,1829,E,4,273.3734281027884,2
48,0.97,93.95131505316172,1787,E,4,0.0,0
49,0.99,91.53946621237932,1761,E,4,283.9295854628052,2
0,0.01,122.0,61,E,5,0.0,0
1,0.03,127.58974358974359,195,E,5,0.0,0
2,0.05,116.640625,320,E,5,0.0,0
3,0.07,106.34920634920636,441,E,5,0.0,0
4,0.09,100.92720970537262,577,E,5,0.0,0
5,0.11,91.73676680972818,699,E,5,0.0,0
6,0.13,84.92196878751501,833,E,5,0.0,0
7,0.15000000000000002,80.8095733610822,961,E,5,260.1456815816858,1
8,0.16999999999999998,79.89179104477611,1072,E,5,233.2089552238806,1
9,0.19,82.75675675675676,1221,E,5,204.75020475020477,1
10,0.21000000000000002,84.89791356184799,1342,E,5,186.28912071535024,1
11,0.22999999999999998,87.57260273972602,1460,E,5,0.0,0
12,0.25,89.36,1600,E,5,156.25,1
13,0.27,90.47815958066396,1717,E,5,0.0,0
14,0.29000000000000004,93.09380053908356,1855,E,5,134.77088948787062,1
15,0.31,95.04240282685512,1981,E,5,252.39777889954567,2
16,0.33,93.77878643096034,2093,E,5,0.0,0
17,0.35,92.23193577163246,2242,E,5,111.50758251561106,1
18,0.37,94.06976744186046,2365,E,5,422.8329809725159,4
19,0.39,97.96,2475,E,5,0.0,0
20,0.41000000000000003,98.2298018292683,2624,E,5,190.54878048780486,2
21,0.43,97.68832116788322,2740,E,5,0.0,0
22,0.45,97.49529780564264,2871,E,5,261.23301985370955,3
23,0.47,96.19673768308921,3004,E,5,83.22237017310253,1
24,0.49,96.09006111289804,3109,E,5,80.41170794467675,1
25,0.51,96.59675443968156,3266,E,5,229.63870177587265,3
26,0.53,96.5779355220349,3381,E,5,0.0,0
27,0.55,97.74970725995315,3416,E,5,146.37002341920376,2
28,0.5700000000000001,98.35121951219512,3485,E,5,143.47202295552367,2
29,0.59,99.21830585559977,3518,E,5,284.25241614553727,4
30,0.61,97.76105702364394,3595,E,5,69.54102920723227,1
31,0.63,93.23151645979493,3706,E,5,134.91635186184567,2
32,0.65,92.50092961487384,3765,E,5,132.80212483399737,2
33,0.67,92.83687208700155,3862,E,5,0.0,0
34,0.69,91.06811851101544,3949,E,5,253.2286654849329,4
35,0.71,90.03304130162704,3995,E,5,62.5782227784731,1
36,0.73,89.5378233284529,4098,E,5,122.01073694485115,2
37,0.75,90.03895775360486,3953,E,5,189.72931950417404,3
38,0.77,91.26056153240619,3811,E,5,0.0,0
39,0.79,92.19643332446101,3757,E,5,133.08490817141336,2
40,0.81,92.74857298178853,3679,E,5,135.9064963305246,2
41,0.83,93.18861305990286,3706,E,5,134.91635186184567,2
42,0.85,92.82535437282696,3739,E,5,0.0,0
43,0.87,91.94615175414741,3677,E,5,135.98041881969,2
44,0.89,92.84643356643356,3575,E,5,279.72027972027973,4
45,0.91,91.18028571428572,3500,E,5,71.42857142857143,1
46,0.9299999999999999,87.96361600895607,3573,E,5,69.96921354603975,1
47,0.95,85.64811242766602,3629,E,5,0.0,0
48,0.97,84.62615513861664,3571,E,5,70.00840100812097,1
49,0.99,85.32043389035474,3411,E,5,219.8768689533861,3
0,0.01,104.4716814159292,1130,E,6,442.47787610619474,2
1,0.03,102.52157210401892,3384,E,6,295.5082742316785,4
2,0.05,103.5843074743181,5646,E,6,265.6748140276302,6
3,0.07,103.28904665314401,7888,E,6,285.24340770791076,9
4,0.09,102.32991216816343,10133,E,6,197.37491364847529,8
5,0.11,103.91389606197546,12392,E,6,342.9632020658489,17
6,0.13,102.96445384457938,14657,E,6,272.90714334447705,16
7,0.15000000000000002,102.84879318504495,16904,E,6,177.47278750591576,12
8,0.16999999999999998,101.24188328635557,19158,E,6,313.1850923896023,24
9,0.19,99.68878098884169,21419,E,6,245.10948223539847,21
10,0.21000000000000002,99.2298622263545,23662,E,6,221.87473586340968,21
11,0.22999999999999998,97.47334541109355,25943,E,6,154.18417299464213,16
12,0.25,97.75961948033509,28172,E,6,221.85148374272327,25
13,0.27,96.88388135203495,30443,E,6,164.24136911605297,20
14,0.29000000000000004,96.32034142013644,32687,E,6,183.55921314283967,24
15,0.31,96.83957081545064,34950,E,6,200.2861230329042,28
16,0.33,96.85449756779273,37209,E,6,120.93848262517133,18
17,0.35,97.41287869184941,39445,E,6,221.82786157941436,35
18,0.37,96.29243903023908,41701,E,6,173.85674204455532,29
19,0.39,94.66976754765045,43966,E,6,227.44848291861894,40
20,0.41000000000000003,93.79169910891946,46236,E,6,162.2112639501687,30
21,0.43,94.92403052805281,48480,E,6,154.7029702970297,30
22,0.45,94.04985799936888,50704,E,6,202.15367623856108,41
23,0.47,92.97854620309343,52951,E,6,188.85384600857398,40
24,0.49,93.71870360311425,55230,E,6,221.79974651457545,49
25,0.51,94.49281614193772,57490,E,6,195.68620629674726,45
26,0.53,95.26280291873076,59752,E,6,167.3584147810952,40
27,0.55,97.47687516137361,61968,E,6,233.99173767105606,58
28,0.5700000000000001,97.36206145129658,64246,E,6,210.12981352924697,54
29,0.59,98.21416865875844,66513,E,6,184.1745222738412,49
30,0.61,99.43375385152027,68804,E,6,159.87442590547064,44
31,0.63,99.76631552263188,71006,E,6,278.1455088302397,79
32,0.65,97.5380294162412,72273,E,6,183.33264151204463,53
33,0.67,94.5376655685717,73157,E,6,208.4557868693358,61
34,0.69,94.45432532972607,73925,E,6,192.76293540750763,57
35,0.71,93.88923590256924,74925,E,6,213.5468802135469,64
36,0.73,93.24545727292887,76661,E,6,225.01663166407954,69
37,0.75,93.89992443744316,78081,E,6,256.14426044748404,80
38,0.77,94.59637248229096,79338,E,6,226.87741057248735,72
39,0.79,95.57229434036485,81348,E,6,261.2233859467965,85
40,0.81,95.75386363636363,83600,E,6,281.10047846889955,94
41,0.83,96.16471534855516,85754,E,6,256.54779951955595,88
42,0.85,95.37014717944045,87784,E,6,267.7025426045749,94
43,0.87,94.73810531474139,89788,E,6,245.02160645075068,88
44,0.89,95.52137895045824,91983,E,6,244.61041714229805,90
45,0.91,98.2813840281352,93264,E,6,241.2506433350489,90
46,0.9299999999999999,100.27732940401638,89583,E,6,259.53584943571883,93
47,0.95,99.93161433666609,85515,E,6,228.0301701455885,78
48,0.97,98.22701837505602,78095,E,6,156.86023432998272,49
49,0.99,97.2775266317756,70123,E,6,192.51885971792424,54
0,0.01,103.54469273743017,358,E,7,0.0,0
1,0.03,107.10531220876048,1073,E,7,465.98322460391427,2
2,0.05,105.21392757660168,1795,E,7,278.5515320334262,2
3,0.07,104.83838786911413,2506,E,7,199.52114924181964,2
4,0.09,105.9704418170504,3214,E,7,233.35407591785938,3
5,0.11,110.80015197568389,3948,E,7,569.9088145896657,9
6,0.13,106.51858216970999,4655,E,7,268.52846401718585,5
7,0.15000000000000002,106.831843575419,5370,E,7,512.1042830540038,11
8,0.16999999999999998,102.58659217877096,6086,E,7,328.6230693394677,8
9,0.19,101.36199294532628,6804,E,7,404.1740152851264,11
10,0.21000000000000002,102.53863851671403,7389,E,7,338.34077683042364,10
11,0.22999999999999998,102.60174880763115,7548,E,7,463.69899311075784,14
12,0.25,100.28756244396055,7807,E,7,256.1803509670808,8
13,0.27,100.91302258529554,8324,E,7,330.3700144161461,11
14,0.29000000000000004,104.66753188127751,8861,E,7,479.6298386186661,17
15,0.31,105.8097705403405,9457,E,7,343.6607803743259,13
16,0.33,104.54677837622182,10026,E,7,149.61101137043687,6
17,0.35,106.76411460779708,10645,E,7,469.7040864255519,20
18,0.37,108.52439893143367,11230,E,7,356.18878005342833,16
19,0.39,108.3282475281282,11732,E,7,255.71087623593593,12
20,0.41000000000000003,106.68889252948885,12208,E,7,327.653997378768,16
21,0.43,102.37269082619291,12721,E,7,314.4406886251081,16
22,0.45,103.11000075705958,13209,E,7,378.5297902944962,20
23,0.47,102.90924284261008,13762,E,7,363.31928498764717,20
24,0.49,104.42740491368814,13961,E,7,411.8616144975288,23
25,0.51,101.66454701343241,13996,E,7,232.20920262932268,13
26,0.53,101.24857421059953,14378,E,7,417.3042147725692,24
27,0.55,99.73632334457895,15117,E,7,214.98974664285245,13
28,0.5700000000000001,96.12225334578275,16065,E,7,342.35916588857765,22
29,0.59,96.71195782410736,16692,E,7,314.5219266714594,21
30,0.61,97.85749218083593,17585,E,7,312.76656241114586,22
31,0.63,98.92980482591823,17779,E,7,168.73839923505258,12
32,0.65,102.15664824630653,17734,E,7,324.23593098003835,23
33,0.67,101.81604272125493,17977,E,7,361.57312121043554,26
34,0.69,101.66842249657064,18225,E,7,342.93552812071334,25
35,0.71,101.20846497439808,18358,E,7,245.12474125721758,18
36,0.73,105.33349980578214,18021,E,7,360.6903057543977,26
37,0.75,106.83319090753717,17553,E,7,313.33675155244117,22
38,0.77,105.10934207445563,17084,E,7,278.0379302271131,19
39,0.79,104.03511325918593,17173,E,7,276.59698363710476,19
40,0.81,98.55749737853897,17166,E,7,305.837119888151,21
41,0.83,95.14536326389289,17329,E,7,274.1069882855329,19
42,0.85,93.22435353363889,17673,E,7,198.04221128274773,14
43,0.87,91.55376436288802,17493,E,7,185.78860115474762,13
44,0.89,97.00707697662277,17239,E,7,362.5500319044028,25
45,0.91,101.54747968403706,17597,E,7,241.51844064329148,17
46,0.9299999999999999,105.47931494661921,17984,E,7,361.43238434163703,26
47,0.95,107.46374572343008,18122,E,7,303.49851009822316,22
48,0.97,108.1562597662354,15999,E,7,312.51953247077944,20
49,0.99,105.43132819679084,14147,E,7,212.05909380080584,12
0,0.01,99.34426229508196,1098,E,8,227.68670309653916,1
1,0.03,102.09676443906864,3307,E,8,302.3888720895071,4
2,0.05,101.70503727950536,5499,E,8,545.5537370430987,12
3,0.07,99.52196449397434,7717,E,8,291.5640793054296,9
4,0.09,99.63642792201233,9899,E,8,454.5913728659461,18
5,0.11,99.05011145050771,12113,E,8,454.05762404028735,22
6,0.13,99.61977929878475,14318,E,8,488.8950970805979,28
7,0.15000000000000002,99.58890839740873,16517,E,8,332.990252467155,22
8,0.16999999999999998,98.54029069146094,18714,E,8,374.0515122368281,28
9,0.19,98.15943969020414,20917,E,8,334.6560214179854,28
10,0.21000000000000002,97.1835746704128,23135,E,8,270.15344715798574,25
11,0.22999999999999998,96.96586868926286,25314,E,8,375.2864027810698,38
12,0.25,94.332764071073,27521,E,8,299.7710838995676,33
13,0.27,94.99687195183479,29731,E,8,294.30560694224886,35
14,0.29000000000000004,94.34545909902013,31943,E,8,281.7518705193626,36
15,0.31,93.26971890846205,34117,E,8,307.7644576017821,42
16,0.33,94.44314740377733,36322,E,8,316.6125213369308,46
17,0.35,96.70824902723736,38550,E,8,298.31387808041507,46
18,0.37,97.83230606782408,40723,E,8,263.97858703926534,43
19,0.39,97.59850548222641,42957,E,8,261.88979677351773,45
20,0.41000000000000003,96.90813409851322,45131,E,8,293.5897719970752,53
21,0.43,95.53434115237633,47363,E,8,290.3110022591475,55
22,0.45,95.62625242404654,49504,E,8,313.1060116354234,62
23,0.47,95.94928810153971,51763,E,8,280.12286768541236,58
24,0.49,95.57244241851502,53967,E,8,268.68271351010804,58
25,0.51,94.8497390870719,56149,E,8,360.6475627348662,81
26,0.53,95.44783152555732,58359,E,8,385.54464607001495,90
27,0.55,97.32363047644222,60532,E,8,359.3140818079694,87
28,0.5700000000000001,96.18411161368414,62788,E,8,342.4221188762184,86
29,0.59,96.21988174427199,64944,E,8,373.39862034983986,97
30,0.61,96.15527404805144,67178,E,8,334.9310786269314,90
31,0.63,97.21022276692379,69355,E,8,309.999279071444,86
32,0.65,97.80499972052988,71564,E,8,338.8575261304566,97
33,0.67,98.07925126731546,73778,E,8,308.35750494727426,91
34,0.69,99.86941978982854,75938,E,8,345.676736284864,105
35,0.71,99.71393499220008,78206,E,8,342.0453673631179,107
36,0.73,100.19268441424286,80349,E,8,286.25122901342894,92
37,0.75,101.11197355355888,82582,E,8,317.8658787629265,105
38,0.77,101.62311249528123,84768,E,8,353.9071347678369,120
39,0.79,100.15360202380268,86965,E,8,310.46972920140286,108
40,0.81,101.48685258964143,87850,E,8,387.0233352305066,136
41,0.83,101.95097630502632,88753,E,8,416.88731648507655,148
42,0.85,101.55969112827066,90005,E,8,344.4253097050164,124
43,0.87,100.27963882222734,91257,E,8,361.6160952036556,132
44,0.89,96.31179974624202,93002,E,8,290.3163372830692,108
45,0.91,97.64521288506445,93783,E,8,261.24137636885155,98
46,0.9299999999999999,100.73460216759186,90792,E,8,234.0514582782624,85
47,0.95,105.26872891391291,89514,E,8,217.8430189690998,78
48,0.97,106.16397564695063,85903,E,8,142.6027030487876,49
49,0.99,104.24764434576907,75669,E,8,191.62404683556014,58
0,0.01,72.33926701570681,955,E,9,0.0,0
1,0.03,82.38649877579573,2859,E,9,87.44316194473592,1
2,0.05,102.22239890958654,4402,E,9,170.37710131758294,3
3,0.07,99.66286149162862,5256,E,9,237.82343987823444,5
4,0.09,97.74916993661334,6626,E,9,0.0,0
5,0.11,101.9562754033748,8119,E,9,246.33575563493042,8
6,0.13,101.585430734602,9774,E,9,230.2025782688766,9
7,0.15000000000000002,97.96847218403445,10911,E,9,160.38859866190086,7
8,0.16999999999999998,97.17652472182715,11953,E,9,188.2372626118966,9
9,0.19,99.74418427854646,13154,E,9,266.0787593127566,14
10,0.21000000000000002,98.6721172223402,14127,E,9,194.66270262617684,11
11,0.22999999999999998,102.63843299557585,14014,E,9,196.23233908948197,11
12,0.25,103.41217100479861,13754,E,9,218.1183655663807,12
13,0.27,107.56403992461786,14327,E,9,244.29399036783695,14
14,0.29000000000000004,108.4189973967025,14981,E,9,133.50243641946466,8
15,0.31,105.53307797182367,15403,E,9,162.3060442770889,10
16,0.33,104.19662853702589,16610,E,9,165.56291390728478,11
17,0.35,103.94605283974055,18963,E,9,210.93708801349996,16
18,0.37,103.14214046822742,20930,E,9,131.39034878165313,11
19,0.39,102.4741885625966,22645,E,9,132.4795760653566,12
20,0.41000000000000003,100.95268497121147,25531,E,9,195.8403509459089,20
21,0.43,100.49465259331748,28612,E,9,183.48944498811687,21
22,0.45,97.83327898787009,30668,E,9,130.4291117777488,16
23,0.47,98.1362300957753,34038,E,9,176.27357659086903,24
24,0.49,99.06737578880653,36289,E,9,137.78279919534845,20
25,0.51,98.9586065679998,38581,E,9,123.11759674451156,19
26,0.53,96.97917102055033,43065,E,9,197.37605944502496,34
27,0.55,96.0948645818361,48701,E,9,195.06786308289358,38
28,0.5700000000000001,95.92866343976891,51236,E,9,185.41650402061052,38
29,0.59,97.6333052513339,53415,E,9,205.93466254797343,44
30,0.61,98.96396396396396,55389,E,9,203.10892054379028,45
31,0.63,99.39886298240413,57343,E,9,165.66974172959212,38
32,0.65,98.9579472438282,59140,E,9,181.77206628339533,43
33,0.67,98.36216126073543,59965,E,9,220.9622279663137,53
34,0.69,99.5321562648568,60999,E,9,217.21667568320794,53
35,0.71,100.89180445722502,61204,E,9,187.89621593359914,46
36,0.73,100.82712056278807,61835,E,9,214.27993854613086,53
37,0.75,101.52250742871594,63268,E,9,241.0381235379655,61
38,0.77,102.37203360606915,63798,E,9,262.5474152794759,67
39,0.79,102.13977058453803,63640,E,9,282.8409805153991,72
40,0.81,100.61137166619767,63966,E,9,257.9495356908358,66
41,0.83,99.41561662711476,65315,E,9,267.9323279491694,70
42,0.85,97.99728463581297,67026,E,9,264.8226061528362,71
43,0.87,96.85471287703017,68960,E,9,217.5174013921114,60
44,0.89,98.10394418143785,72664,E,9,258.0369921831994,75
45,0.91,99.1995243376134,74843,E,9,240.50345389682406,72
46,0.9299999999999999,100.93120696375212,76970,E,9,266.33753410419644,82
47,0.95,102.53014294592914,77232,E,9,229.82701470892894,71
48,0.97,103.43364500876586,75292,E,9,232.42841204908888,70
49,0.99,100.96917514576427,69976,E,9,242.94043672116155,68
0,0.01,94.53802281368822,1052,E,10,475.2851711026616,2
1,0.03,94.79993648777389,3149,E,10,396.9514131470308,5
2,0.05,93.72114285714285,5250,E,10,380.952380952381,8
3,0.07,91.61861984483463,7347,E,10,306.2474479379339,9
4,0.09,95.52259020209502,9451,E,10,264.5222727753677,10
5,0.11,95.39637844394386,11542,E,10,173.28019407381737,8
6,0.13,93.50900307422046,13662,E,10,292.7829014785537,16
7,0.15000000000000002,94.49003554201575,15756,E,10,349.0733688753491,22
8,0.16999999999999998,93.98957866427611,17848,E,10,266.13626176602423,19
9,0.19,95.78342192357837,19942,E,10,238.1907531842343,19
10,0.21000000000000002,94.79442730078054,22036,E,10,260.9366491196224,23
11,0.22999999999999998,93.2494723337334,24163,E,10,217.27434507304557,21
12,0.25,92.98879402347919,26236,E,10,238.22228998322916,25
13,0.27,94.70707106330453,28355,E,10,308.5875506965262,35
14,0.29000000000000004,96.57633850901094,30463,E,10,237.993631618685,29
15,0.31,95.45779948996835,32547,E,10,253.47958337173932,33
16,0.33,96.04768502482392,34644,E,10,245.35273063156677,34
17,0.35,97.06534222343176,36745,E,10,176.89481562117294,26
18,0.37,95.67640547775947,38848,E,10,160.88344316309718,25
19,0.39,96.13642911203887,40959,E,10,201.42093312825023,33
20,0.41000000000000003,96.40220801859384,43025,E,10,220.80185938407902,38
21,0.43,95.41570172913853,45167,E,10,110.70029003475989,20
22,0.45,95.05231746031745,47250,E,10,185.1851851851852,35
23,0.47,93.60800486371467,49345,E,10,116.52649711216942,23
24,0.49,94.75596291040569,51443,E,10,150.65217813891104,31
25,0.51,93.40355595398177,53544,E,10,144.74077394292547,31
26,0.53,92.05465914399684,55654,E,10,175.18956409242824,39
27,0.55,93.17994978789716,57755,E,10,164.48792312353908,38
28,0.5700000000000001,92.80008690420483,59836,E,10,104.45216926265125,25
29,0.59,93.72172818385759,61961,E,10,149.2874550120237,37
30,0.61,92.1280998188519,64036,E,10,97.60134924105192,25
31,0.63,91.46475168191095,66145,E,10,109.60768009675714,29
32,0.65,93.32456230312798,68255,E,10,106.21932459160502,29
33,0.67,93.75966116630424,70359,E,10,120.80899387427338,34
34,0.69,94.8140086950521,72455,E,10,138.01670002070253,40
35,0.71,96.061793155261,74539,E,10,150.92770227666054,45
36,0.73,95.16760622194384,76632,E,10,101.1326860841424,31
37,0.75,95.53552467802982,78734,E,10,203.21589148271394,64
38,0.77,94.80760144954424,80853,E,10,145.3254672059169,47
39,0.79,95.65086482251552,82965,E,10,201.89236424998495,67
40,0.81,93.1549049698973,84710,E,10,197.73344351316257,67
41,0.83,91.7898708942472,84272,E,10,166.1287260299981,56
42,0.85,92.01978382317222,82340,E,10,203.42482390089873,67
43,0.87,94.51662528540594,80149,E,10,202.74738299916407,65
44,0.89,95.33027568922306,79800,E,10,206.7669172932331,66
45,0.91,95.65534500328943,77521,E,10,212.84555152797307,66
46,0.9299999999999999,97.06513768833463,74734,E,10,210.7474509594027,63
47,0.95,98.64955766755224,73022,E,10,178.02853934430718,52
48,0.97,99.43558979729224,66845,E,10,201.9597576482908,54
49,0.99,99.12210511473792,56738,E,10,176.24872219676408,40
0,0.01,143.41176470588235,629,E,11,397.456279809221,1
1,0.03,147.55696202531647,1896,E,11,527.4261603375528,4
2,0.05,150.53875355900033,3161,E,11,395.4444795950649,5
3,0.07,155.15309814563545,4422,E,11,452.2840343735866,8
4,0.09,156.3308746048472,5694,E,11,307.34106076571834,7
5,0.11,158.44676258992806,6950,E,11,575.5395683453238,16
6,0.13,157.66390243902438,8200,E,11,518.2926829268293,17
7,0.15000000000000002,155.73455618806662,9486,E,11,474.3833017077799,18
8,0.16999999999999998,153.4832402234637,10740,E,11,442.27188081936686,19
9,0.19,150.88834304746044,12010,E,11,457.9517069109076,22
10,0.21000000000000002,148.39680265440012,13261,E,11,509.01138677324485,27
11,0.22999999999999998,145.0917229031814,14522,E,11,464.81200936510123,27
12,0.25,141.92986453981516,15798,E,11,284.846183061147,18
13,0.27,140.0377988748242,17064,E,11,395.5696202531646,27
14,0.29000000000000004,139.1652031633488,18335,E,11,272.7024815925825,20
15,0.31,138.99320770134315,19581,E,11,383.0243603493183,30
16,0.33,138.0138629059337,20847,E,11,191.87413057034587,16
17,0.35,139.03964697895452,22095,E,11,316.81375876895225,28
18,0.37,137.99935878254178,23393,E,11,235.1130680117984,22
19,0.39,138.3673916571985,24644,E,11,253.61142671644214,25
20,0.41000000000000003,138.82128940159728,25919,E,11,299.008449400054,31
21,0.43,139.15099201236794,27167,E,11,266.8678911915191,29
22,0.45,138.9909916250264,28418,E,11,246.3227531846013,28
23,0.47,139.94158862763592,29686,E,11,294.75173482449645,35
24,0.49,140.34654520786899,30957,E,11,331.1044351842879,41
25,0.51,139.91832113165404,32236,E,11,317.9674897629979,41
26,0.53,139.26329612606696,33506,E,11,283.53130782546407,38
27,0.55,139.2606053624399,34723,E,11,323.9927425625666,45
28,0.5700000000000001,138.8734307299189,36004,E,11,305.5216087101433,44
29,0.59,139.1993295789756,37290,E,11,402.2526146419952,60
30,0.61,138.67089790514757,38523,E,11,356.9296264569218,55
31,0.63,138.53048673343875,39837,E,11,414.18781534754123,66
32,0.65,138.38677706075734,41065,E,11,413.9778400097407,68
33,0.67,137.93991446731093,42323,E,11,448.9284786050138,76
34,0.69,137.97785529063498,43577,E,11,447.48376437111324,78
35,0.71,138.15765193554859,44871,E,11,495.86592676784556,89
36,0.73,136.6960809814887,46134,E,11,428.10074998916207,79
37,0.75,135.9746402801806,47398,E,11,432.507700746867,82
38,0.77,134.31107913669064,48650,E,11,462.48715313463515,90
39,0.79,133.3325314730174,49884,E,11,446.0348007377115,89
40,0.81,132.0117426388699,51181,E,11,434.73163869404664,89
41,0.83,130.35779536569086,52435,E,11,381.42462095928295,80
42,0.85,126.48062577896832,53757,E,11,348.79178525587366,75
43,0.87,124.95218166599949,54958,E,11,304.778194257433,67
44,0.89,130.57774496023345,56203,E,11,244.64886216038292,55
45,0.91,139.36548497077652,57488,E,11,186.9955468967437,43
46,0.9299999999999999,144.806732743995,55995,E,11,263.41637646218413,59
47,0.95,142.87674749741112,46352,E,11,210.3469105971695,39
48,0.97,141.9630433658965,38694,E,11,155.06280043417584,24
49,0.99,142.47431651405935,30798,E,11,146.11338398597312,18
0,0.01,135.19247467438495,691,E,12,0.0,0
1,0.03,137.84177820267686,2092,E,12,119.50286806883365,1
2,0.05,138.40504153537668,3491,E,12,71.61271841879119,1
3,0.07,142.9701187065084,4886,E,12,409.3327875562833,8
4,0.09,145.11001432892851,6281,E,12,278.61805444992837,7
5,0.11,147.34173084453727,7661,E,12,391.5937867119175,12
6,0.13,149.7726420297849,9065,E,12,358.52178709321566,13
7,0.15000000000000002,153.0190412400727,10451,E,12,478.423117405033,20
8,0.16999999999999998,150.41284326151245,11835,E,12,295.7329953527672,14
9,0.19,150.78315073668304,13235,E,12,510.01133358519076,27
10,0.21000000000000002,149.47092983534878,14637,E,12,444.0800710528114,26
11,0.22999999999999998,147.49884555382215,16025,E,12,390.015600624025,25
12,0.25,146.04273014052194,17435,E,12,401.491253226269,28
13,0.27,144.54345171736477,18837,E,12,398.1525720656156,30
14,0.29000000000000004,143.44002375296913,20208,E,12,383.5114806017419,31
15,0.31,142.4522740942951,21613,E,12,393.28182112617407,34
16,0.33,141.34140299026424,23008,E,12,271.644645340751,25
17,0.35,141.67098573068722,24388,E,12,297.2773495161555,29
18,0.37,140.94452849218357,25779,E,12,339.42356181387953,35
19,0.39,140.67264095392315,27172,E,12,368.0259090239953,40
20,0.41000000000000003,140.27732503235285,28591,E,12,297.29635199888077,34
21,0.43,140.38095079232693,29975,E,12,333.61134278565476,40
22,0.45,141.95066135458168,31375,E,12,382.47011952191235,48
23,0.47,141.715867834152,32777,E,12,434.75607895780576,57
24,0.49,140.10586891583202,34146,E,12,329.46758039008967,45
25,0.51,140.06769074949358,35544,E,12,436.07922574836823,62
26,0.53,141.06483587910301,36924,E,12,426.5518362040949,63
27,0.55,140.57051181718577,38334,E,12,456.5137997600042,70
28,0.5700000000000001,139.35839504307089,39702,E,12,434.4869276106997,69
29,0.59,138.6830852305896,41112,E,12,395.26172407083095,65
30,0.61,140.58053296987356,42554,E,12,458.24129341542516,78
31,0.63,140.4029609383897,43905,E,12,472.61131989522835,83
32,0.65,140.76007499724275,45335,E,12,463.2182640344105,84
33,0.67,141.19617624389826,46708,E,12,406.7825640147298,76
34,0.69,141.00280729480755,48089,E,12,556.2602674208239,107
35,0.71,141.40936641344754,49496,E,12,535.3967997413932,106
36,0.73,140.94112443483388,50870,E,12,481.61981521525456,98
37,0.75,140.25554259043173,52277,E,12,521.2617403447023,109
38,0.77,139.17798948506655,53638,E,12,447.44397628546926,96
39,0.79,138.0907539221383,55072,E,12,526.5833817547938,116
40,0.81,135.43182944967774,56476,E,12,535.625752532049,121
41,0.83,132.72662355626252,57836,E,12,514.3855038384397,119
42,0.85,128.66694223242004,59272,E,12,438.65568902685925,104
43,0.87,125.01358749422862,60644,E,12,490.56790449178817,119
44,0.89,122.77048070413,62034,E,12,390.9146597027437,97
45,0.91,121.25073318406862,63422,E,12,323.23168616568387,82
46,0.9299999999999999,128.06558617645203,63428,E,12,248.31304786529608,63
47,0.95,146.4327893441153,61337,E,12,138.57867192722176,34
48,0.97,160.6287834570166,59965,E,12,179.27124155757525,43
49,0.99,170.08924589377773,41705,E,12,107.900731327179,18
0,0.01,95.24957118353345,1166,E,13,214.40823327615783,1
1,0.03,98.58126957016795,3513,E,13,355.8212354113294,5
2,0.05,99.08898377455166,5855,E,13,469.68403074295475,11
3,0.07,98.80948887258498,8178,E,13,580.8266079726095,19
4,0.09,99.4340930674264,10530,E,13,403.6087369420703,17
5,0.11,100.38753787584493,12871,E,13,485.5877554191594,25
6,0.13,101.32215206524599,15204,E,13,476.848197842673,29
7,0.15000000000000002,100.67447693974118,17541,E,13,470.3266632461092,33
8,0.16999999999999998,100.64531697752753,19891,E,13,515.3084309486703,41
9,0.19,100.10819200143956,22229,E,13,494.84907103333484,44
10,0.21000000000000002,99.88130829701439,24551,E,13,386.94961508696184,38
11,0.22999999999999998,100.39381550583514,26906,E,13,371.6643127926857,40
12,0.25,100.32616720213275,29258,E,13,375.96554788433934,44
13,0.27,100.80088691796009,31570,E,13,427.6211593284764,54
14,0.29000000000000004,100.38273097105123,33922,E,13,397.9718176994281,54
15,0.31,100.54876333857226,36267,E,13,344.66594976149116,50
16,0.33,100.5708364634873,38603,E,13,382.09465585576254,59
17,0.35,99.99841234947851,40941,E,13,384.69993405143987,63
18,0.37,99.56671057801198,43269,E,13,381.33536712195803,66
19,0.39,99.11921400249732,45649,E,13,350.50055861026533,64
20,0.41000000000000003,99.37287463751487,47933,E,13,391.17100953414143,75
21,0.43,99.19131765688049,50309,E,13,357.7888648154406,72
22,0.45,98.55063820088132,52648,E,13,351.3903662057438,74
23,0.47,97.87906028788237,54953,E,13,400.3421105308173,88
24,0.49,97.39185724004396,57327,E,13,357.5976415999442,82
25,0.51,97.82523604286504,59629,E,13,381.5257676633853,91
26,0.53,97.57784440790535,62034,E,13,370.7644195118806,92
27,0.55,96.92797835618994,64314,E,13,314.86146095717885,81
28,0.5700000000000001,97.12184476940382,66675,E,13,329.95875515560556,88
29,0.59,97.76371509674429,69048,E,13,336.7222801529371,93
30,0.61,97.45697899430687,71314,E,13,357.5735479709454,102
31,0.63,97.03623660290327,73710,E,13,318.81698548365216,94
32,0.65,97.78241258235472,76043,E,13,355.0622674013387,108
33,0.67,98.03307556848634,78366,E,13,331.77653574254145,104
34,0.69,97.9438476502001,80709,E,13,281.87686627265856,91
35,0.71,98.74655892872195,83041,E,13,295.0349827193796,98
36,0.73,99.95786207704016,85410,E,13,304.41400304414003,104
37,0.75,100.26922024311811,87694,E,13,316.44126165986273,111
38,0.77,100.8777983728648,90097,E,13,283.0282917300243,102
39,0.79,101.4611797546145,92426,E,13,256.96232661805124,95
40,0.81,100.62344147549118,94721,E,13,237.53972192016553,90
41,0.83,99.30943994726977,97098,E,13,229.1499309975489,89
42,0.85,98.92262587250819,99426,E,13,241.38555307464847,96
43,0.87,98.00058956470473,101770,E,13,260.3910779208018,106
44,0.89,97.94242579581662,99489,E,13,231.18133663018023,92
45,0.91,99.58337253297883,97790,E,13,214.74588403722262,84
46,0.9299999999999999,101.72305340064852,97452,E,13,274.4941099207815,107
47,0.95,106.74040791386612,94922,E,13,239.6704662775753,91
48,0.97,105.80197712512214,86995,E,13,143.68641875969882,50
49,0.99,107.9439589103719,74374,E,13,151.262537983704,45
0,0.01,95.45454545454545,1155,E,14,432.9004329004329,2
1,0.03,93.69974040957601,3467,E,14,504.759157773291,7
2,0.05,93.79279903063873,5777,E,14,302.92539380301196,7
3,0.07,95.52399802078179,8084,E,14,463.8792676892628,15
4,0.09,96.34884615384615,10400,E,14,480.7692307692308,20
5,0.11,97.21437003226568,12707,E,14,472.1806878098686,24
6,0.13,98.53620873269436,15024,E,14,532.4813631522896,32
7,0.15000000000000002,99.1307683433318,17336,E,14,389.3631748961698,27
8,0.16999999999999998,100.41904422253923,19628,E,14,433.0548196454045,34
9,0.19,101.368016028414,21961,E,14,432.5850371112427,38
10,0.21000000000000002,101.98330516509337,24259,E,14,370.996331258502,36
11,0.22999999999999998,102.94479174512314,26554,E,14,376.5910973864578,40
12,0.25,103.1647176861334,28904,E,14,302.72626626072514,35
13,0.27,103.0633154874491,31193,E,14,360.6578398999776,45
14,0.29000000000000004,103.57397014925373,33500,E,14,358.20895522388065,48
15,0.31,102.85772902361414,35826,E,14,307.0395801931558,44
16,0.33,102.24121829009155,38119,E,14,439.4134158818437,67
17,0.35,101.13306790642466,40438,E,14,377.12053019437167,61
18,0.37,99.66566856928979,42748,E,14,304.10779451670254,52
19,0.39,99.3429801589063,45058,E,14,316.25904389897465,57
20,0.41000000000000003,99.27723002216827,47365,E,14,321.96769766705376,61
21,0.43,99.39290745884152,49686,E,14,306.92750472970255,61
22,0.45,98.2999422965955,51990,E,14,336.60319292171573,70
23,0.47,97.51131405004327,54313,E,14,377.4418647469298,82
24,0.49,96.20332096802684,56610,E,14,326.797385620915,74
25,0.51,95.80706669383319,58896,E,14,373.53979896767186,88
26,0.53,95.07623742980279,61256,E,14,350.9860258586914,86
27,0.55,94.39909982216767,63543,E,14,295.0757754591379,75
28,0.5700000000000001,95.45309129576181,65830,E,14,277.22922679629346,73
29,0.59,94.41835806886843,68188,E,14,267.64240042236173,73
30,0.61,95.12949905656362,70487,E,14,273.100004256104,77
31,0.63,96.49848855423342,72778,E,14,291.9838412707137,85
32,0.65,96.87153947561154,75097,E,14,272.98027883936777,82
33,0.67,97.29871975402742,77407,E,14,277.7526580283437,86
34,0.69,97.68386586880433,79713,E,14,275.99011453589753,88
35,0.71,96.89054805207469,82036,E,14,243.79540689453412,80
36,0.73,97.35055324296438,84321,E,14,275.7320240509482,93
37,0.75,97.5637827797455,86677,E,14,250.93161969149835,87
38,0.77,98.00483417650365,88950,E,14,233.27712197863968,83
39,0.79,97.6273873834387,91261,E,14,249.28501769649688,91
40,0.81,97.42902997251804,93152,E,14,198.6001374098248,74
41,0.83,98.03288409118059,92081,E,14,203.62506923252354,75
42,0.85,97.43851810381025,92881,E,14,226.09575693629486,84
43,0.87,96.72080918142177,94713,E,14,182.1291691742422,69
44,0.89,96.67783311014395,95584,E,14,170.00753264144626,65
45,0.91,98.56060985297799,91891,E,14,190.44302488818275,70
46,0.9299999999999999,101.1765081564391,92381,E,14,216.49473376560118,80
47,0.95,103.65875802997859,93400,E,14,200.74946466809422,75
48,0.97,104.52681043694061,87037,E,14,155.10644898146768,54
49,0.99,103.86587787078773,74544,E,14,164.33247477999572,49
0,0.01,94.57198067632851,1035,E,15,0.0,0
1,0.03,97.44168012924071,3095,E,15,565.4281098546043,7
2,0.05,96.43387470997679,5172,E,15,435.0348027842228,9
3,0.07,97.5570618342786,7229,E,15,414.9951583898188,12
4,0.09,96.9378294073357,9297,E,15,215.12315800795957,8
5,0.11,98.5024184328555,11371,E,15,483.686571101926,22
6,0.13,97.1470588235294,13430,E,15,297.84065524944157,16
7,0.15000000000000002,96.69715538927949,15503,E,15,435.3996000774044,27
8,0.16999999999999998,96.17081911262798,17580,E,15,327.07622298065985,23
9,0.19,96.40025490695896,19615,E,15,331.3790466479735,26
10,0.21000000000000002,97.91281105990784,21700,E,15,357.1428571428571,31
11,0.22999999999999998,97.93444416393167,23766,E,15,389.21147858284945,37
12,0.25,97.67380362397398,25828,E,15,387.17670744927983,40
13,0.27,97.23207310517829,27905,E,15,259.8100698799498,29
14,0.29000000000000004,97.5935977034515,29958,E,15,308.7656051805862,37
15,0.31,98.64528513905796,32037,E,15,374.5669070137654,48
16,0.33,98.91009621025461,34092,E,15,417.98662442801833,57
17,0.35,98.90042560247623,36184,E,15,290.1835065222198,42
18,0.37,97.5873576756969,38205,E,15,353.35689045936397,54
19,0.39,99.02435999206192,40312,E,15,347.29112919230005,56
20,0.41000000000000003,97.70436732766761,42360,E,15,342.3040604343721,58
21,0.43,98.29832699106078,44411,E,15,382.7880480061246,68
22,0.45,98.42750026855731,46545,E,15,322.2687721559781,60
23,0.47,98.6363917334597,48533,E,15,386.3350709826304,75
24,0.49,99.67210330937525,50644,E,15,385.0406760919359,78
25,0.51,99.68557170505863,52702,E,15,370.004933399112,78
26,0.53,99.46033195172275,54767,E,15,351.4890353680136,77
27,0.55,99.22861517882286,56816,E,15,365.21402421853,83
28,0.5700000000000001,99.17134078022612,58906,E,15,352.2561368960717,83
29,0.59,98.48303694468142,60956,E,15,389.6253034976049,95
30,0.61,97.87708194536975,63042,E,15,384.6641921258843,97
31,0.63,98.39325756412225,65110,E,15,349.4086929811089,91
32,0.65,97.92113141784709,67137,E,15,372.37290912611525,100
33,0.67,97.64152115198522,69237,E,15,346.635469474414,96
34,0.69,98.44283890517809,71281,E,15,287.5941695542992,82
35,0.71,99.38328585254148,73363,E,15,374.8483568011123,110
36,0.73,98.93354539430086,75450,E,15,331.34526176275676,100
37,0.75,98.68994528749872,77496,E,15,335.5011871580469,104
38,0.77,98.96112647724415,79540,E,15,301.7349761126477,96
39,0.79,98.94667434001077,81668,E,15,330.6068472351472,108
40,0.81,98.2035881621725,83664,E,15,280.88544654809715,94
41,0.83,98.04317461057737,85768,E,15,294.3988433914747,101
42,0.85,97.68421651773009,87845,E,15,267.51664864249534,94
43,0.87,97.60120213713267,89840,E,15,258.79341050756904,93
44,0.89,96.76205532737902,92034,E,15,222.74376860725386,82
45,0.91,95.23842520362818,92939,E,15,220.57478561206815,82
46,0.9299999999999999,99.15909775132582,86362,E,15,246.05729371714412,85
47,0.95,103.57725003547426,77521,E,15,225.74528192360782,70
48,0.97,108.2433362869137,68843,E,15,137.99514838109903,38
49,0.99,110.37474989211032,50978,E,15,201.06712699595906,41
0,0.01,126.01712328767124,1168,E,16,642.1232876712329,3
1,0.03,125.61773090079818,3508,E,16,498.8597491448119,7
2,0.05,124.6901913875598,5852,E,16,555.3656869446344,13
3,0.07,124.45772666095681,8173,E,16,611.7704637220115,20
4,0.09,125.47459562321599,10510,E,16,570.8848715509039,24
5,0.11,125.5114527525429,12879,E,16,582.3433496389471,30
6,0.13,124.37975767153958,15186,E,16,543.2635322007112,33
7,0.15000000000000002,123.7388153389637,17524,E,16,556.379821958457,39
8,0.16999999999999998,122.56042242896656,19885,E,16,452.6024641689716,36
9,0.19,121.57852802160703,22215,E,16,573.9365293720459,51
10,0.21000000000000002,120.86062632523243,24524,E,16,458.7343010928071,45
11,0.22999999999999998,119.77146788649634,26889,E,16,511.3615232994905,55
12,0.25,118.06355830739233,29233,E,16,436.15092532412,51
13,0.27,117.00554569653949,31556,E,16,578.3369248320446,73
14,0.29000000000000004,116.8330972197627,33882,E,16,494.36278850126916,67
15,0.31,116.89053229945638,36239,E,16,420.81735147217086,61
16,0.33,114.87190650185286,38589,E,16,459.975640726632,71
17,0.35,113.95165313508755,40892,E,16,464.6385601095569,76
18,0.37,113.26234132581101,43249,E,16,497.12132072417864,86
19,0.39,113.78757840256152,45598,E,16,416.68494232203165,76
20,0.41000000000000003,113.74388666332833,47928,E,16,438.15723585378066,84
21,0.43,113.01057305563299,50222,E,16,462.94452630321376,93
22,0.45,114.96838785668149,52638,E,16,422.69843079144346,89
23,0.47,116.9600458698897,54938,E,16,313.9903163566202,69
24,0.49,116.945229651112,57239,E,16,375.61802267684624,86
25,0.51,117.51899859145483,59636,E,16,306.0232074585821,73
26,0.53,118.5841267792015,61966,E,16,322.75764128715747,80
27,0.55,118.6897710826499,64259,E,16,319.0214600289454,82
28,0.5700000000000001,118.91451605638878,66609,E,16,304.0129712201054,81
29,0.59,119.91079424422901,69009,E,16,297.0627019664102,82
30,0.61,120.91197968546136,71279,E,16,294.61692784691144,84
31,0.63,121.07597979304164,73638,E,16,241.04402618213425,71
32,0.65,121.77096965308407,75955,E,16,253.43953656770458,77
33,0.67,121.15731914296288,78363,E,16,242.46136569554508,76
34,0.69,120.33755504558705,80615,E,16,238.78930720089315,77
35,0.71,120.40938844888069,82953,E,16,262.19666558171497,87
36,0.73,119.66274629243493,85366,E,16,251.85671110278096,86
37,0.75,118.58549855145198,87674,E,16,228.1178000319365,80
38,0.77,118.14786165199608,89976,E,16,277.8518716102072,100
39,0.79,118.20782287503114,92319,E,16,249.1361474885993,92
40,0.81,119.4429283015682,94758,E,16,229.53207117077187,87
41,0.83,120.7222313913187,96944,E,16,314.6146228750619,122
42,0.85,120.79909020460332,99363,E,16,286.8270885540896,114
43,0.87,119.66142727380435,101284,E,16,360.37281308005214,146
44,0.89,115.55262997253027,98290,E,16,315.39322413266865,124
45,0.91,113.18514664826051,97069,E,16,306.4830172351626,119
46,0.9299999999999999,120.69752723142842,96855,E,16,242.63073666821538,94
47,0.95,118.04292645740834,97073,E,16,131.344452113358,51
48,0.97,114.40075644240292,94918,E,16,136.9603236477802,52
49,0.99,110.31289424486557,74351,E,16,147.94690051243427,44
0,0.01,114.02735042735043,1170,E,17,213.67521367521366,1
1,0.03,114.28116938950988,3489,E,17,501.5763829177415,7
2,0.05,116.52551108057035,5821,E,17,601.2712592338087,14
3,0.07,117.60750643934747,8153,E,17,490.61695081565074,16
4,0.09,116.78745112997044,10487,E,17,524.458853819014,22
5,0.11,116.35205992509363,12816,E,17,526.685393258427,27
6,0.13,116.6244708994709,15120,E,17,578.7037037037037,35
7,0.15000000000000002,117.09694577899793,17484,E,17,471.85998627316405,33
8,0.16999999999999998,116.98581596082984,19811,E,17,555.247084952804,44
9,0.19,115.79445372837722,22141,E,17,496.8158619755206,44
10,0.21000000000000002,115.08082006792978,24437,E,17,603.5929123869543,59
11,0.22999999999999998,114.00951386038876,26803,E,17,494.3476476513823,53
12,0.25,112.38035904300965,29133,E,17,540.6240345999382,63
13,0.27,110.83021148036254,31445,E,17,500.87454285259975,63
14,0.29000000000000004,109.86531797043926,33761,E,17,481.32460531382367,65
15,0.31,110.63500152325034,36107,E,17,422.3557758883319,61
16,0.33,111.33550014300944,38459,E,17,500.5330351803219,77
17,0.35,111.9876125297422,40767,E,17,447.6660043662767,73
18,0.37,111.9160477207316,43084,E,17,440.99897873920713,76
19,0.39,111.27464881764939,45418,E,17,423.8407679774539,77
20,0.41000000000000003,111.80529565672423,47775,E,17,460.49188906331767,88
21,0.43,112.36630855864851,50078,E,17,379.40812332760896,76
22,0.45,112.85671214578761,52405,E,17,286.23222974906975,60
23,0.47,113.607284417411,54747,E,17,433.81372495296546,95
24,0.49,114.3698915690087,57087,E,17,345.9631790074798,79
25,0.51,115.35706709318966,59395,E,17,357.77422341947977,85
26,0.53,114.69722541667342,61739,E,17,279.4019987366171,69
27,0.55,115.12210772833724,64050,E,17,327.8688524590164,84
28,0.5700000000000001,116.29513847080072,66440,E,17,334.88862131246236,89
29,0.59,115.14680702367433,68682,E,17,327.59675024023767,90
30,0.61,115.02645465418982,71065,E,17,313.0936466615071,89
31,0.63,115.39784682474789,73380,E,17,265.7399836467702,78
32,0.65,115.77208552900933,75717,E,17,283.95208473658494,86
33,0.67,116.32065872100475,78030,E,17,320.3895937459951,100
34,0.69,114.5614796934103,80368,E,17,301.73700975512645,97
35,0.71,114.46514101959646,82719,E,17,287.1166237502871,95
36,0.73,113.85049091657358,85045,E,17,220.47151508025163,75
37,0.75,114.71770121260005,87333,E,17,263.3597838159688,92
38,0.77,114.8508183196575,89696,E,17,273.1448448091331,98
39,0.79,115.55741161382878,92011,E,17,277.1407766462706,102
40,0.81,116.04615400919901,94358,E,17,315.28858178426844,119
41,0.83,116.83845365838516,96641,E,17,362.1651266025807,140
42,0.85,117.20006665522082,99017,E,17,353.47465586717436,140
43,0.87,116.47215012381038,100557,E,17,333.1443857712541,134
44,0.89,115.41543684043197,97507,E,17,341.00115889115654,133
45,0.91,116.19701854597099,96463,E,17,298.0417362097385,115
46,0.9299999999999999,116.35624247206879,96308,E,17,212.85874486024008,82
47,0.95,115.56556077236404,96483,E,17,158.05893266171242,61
48,0.97,105.9872146902351,93232,E,17,88.48893083919684,33
49,0.99,100.607137880097,71758,E,17,101.03403104880292,29
0,0.01,116.20188195038494,1169,E,18,641.5739948674081,3
1,0.03,114.89242123190462,3523,E,18,567.6979846721545,8
2,0.05,114.0,5859,E,18,469.36337258917905,11
3,0.07,114.59941484822626,8203,E,18,457.1498232354017,15
4,0.09,114.86342526774713,10551,E,18,616.0553502037722,26
5,0.11,114.7459874389393,12897,E,18,542.7618826083586,28
6,0.13,113.77881333683382,15236,E,18,557.8892097663429,34
7,0.15000000000000002,114.01228459307285,17583,E,18,398.1118125462095,28
8,0.16999999999999998,114.20250815149235,19935,E,18,614.4971156257839,49
9,0.19,113.39913777618106,22268,E,18,595.0242500449075,53
10,0.21000000000000002,113.22858420026007,24608,E,18,528.2834850455137,52
11,0.22999999999999998,112.58053392658509,26970,E,18,528.364849833148,57
12,0.25,112.3540010237161,29305,E,18,494.7961098788603,58
13,0.27,111.49424778761062,31640,E,18,521.4917825537294,66
14,0.29000000000000004,111.26316563262665,34009,E,18,507.2186774089212,69
15,0.31,110.26784240356572,36346,E,18,447.091839542178,65
16,0.33,110.09798442391782,38649,E,18,523.9462858029963,81
17,0.35,109.0753604832424,41056,E,18,438.42556508183947,72
18,0.37,108.57419786096257,43384,E,18,460.99944680066386,80
19,0.39,108.6822429906542,45689,E,18,443.21390268992536,81
20,0.41000000000000003,109.23754757398665,48083,E,18,488.73822348855106,94
21,0.43,109.25422047650221,50409,E,18,411.63284334146687,83
22,0.45,108.91794511975424,52733,E,18,402.9734701230729,85
23,0.47,109.5267035659196,55105,E,18,417.38499228745127,92
24,0.49,109.89451880733147,57451,E,18,404.69269464413156,93
25,0.51,110.33626141953619,59766,E,18,376.4682260817187,90
26,0.53,111.82433715932324,62119,E,18,374.2816207601539,93
27,0.55,112.97650835000232,64491,E,18,383.7744801600224,99
28,0.5700000000000001,113.81264598430856,66788,E,18,306.9413667125831,82
29,0.59,115.6731669943333,69176,E,18,325.25731467561,90
30,0.61,115.74722478539273,71526,E,18,286.60906523501944,82
31,0.63,115.43940296890237,73832,E,18,297.97377830750895,88
32,0.65,116.00812399926504,76194,E,18,337.9531196682154,103
33,0.67,115.48855302027096,78536,E,18,302.40908627890394,95
34,0.69,116.96745364647714,80900,E,18,241.03831891223734,78
35,0.71,118.09169460768408,83211,E,18,303.44545793224455,101
36,0.73,116.3720685666211,85581,E,18,274.5936598076676,94
37,0.75,116.45676302681557,87934,E,18,278.61805444992837,98
38,0.77,116.82168428986279,90222,E,18,351.90973376781716,127
39,0.79,116.67229467138786,92632,E,18,331.95871836946196,123
40,0.81,116.76298526949765,94973,E,18,352.7318290461499,134
41,0.83,117.14820488567199,97264,E,18,377.83763776937,147
42,0.85,117.19272344055804,99635,E,18,353.79133838510563,141
43,0.87,116.5123601455173,101981,E,18,365.2641178258695,149
44,0.89,114.711002617274,99340,E,18,347.2921280450976,138
45,0.91,114.45682405713877,97867,E,18,283.54808055830875,111
46,0.9299999999999999,114.08900373241458,97524,E,18,182.00648045609287,71
47,0.95,113.83322910365898,97541,E,18,164.0335858767083,64
48,0.97,106.14826954487265,90612,E,18,140.70983975632367,51
49,0.99,100.2379705310747,72551,E,18,117.15896403908975,34
0,0.01,111.12972420837589,979,E,19,255.36261491317669,1
1,0.03,112.29224991464663,2929,E,19,341.41345168999663,4
2,0.05,110.23398612811097,4902,E,19,458.9963280293758,9
3,0.07,111.78122257970166,6838,E,19,402.164375548406,11
4,0.09,112.01566579634465,8809,E,19,454.0810534680441,16
5,0.11,112.264203490531,10772,E,19,301.7081321945785,13
6,0.13,113.48052867594997,12711,E,19,354.0240736370073,18
7,0.15000000000000002,113.2211014176663,14672,E,19,306.7066521264995,18
8,0.16999999999999998,113.35868781542898,16644,E,19,465.63326123528003,31
9,0.19,111.32660747914986,18585,E,19,390.0995426419155,29
10,0.21000000000000002,110.97337292508396,20543,E,19,365.08786447938473,30
11,0.22999999999999998,111.80151077538325,22505,E,19,288.82470562097313,26
12,0.25,113.2692936559843,24464,E,19,378.1066056245912,37
13,0.27,112.51056258044976,26414,E,19,369.1224350723101,39
14,0.29000000000000004,112.65516268904008,28367,E,19,273.2047802023478,31
15,0.31,113.9272385599367,30332,E,19,370.8954239746802,45
16,0.33,114.72537544511535,32295,E,19,332.868865149404,43
17,0.35,114.64051276061439,34246,E,19,240.90404718799277,33
18,0.37,114.07794755602221,36191,E,19,310.85076400209994,45
19,0.39,114.9647665950647,38174,E,19,281.6052810813643,43
20,0.41000000000000003,114.11126908111343,40092,E,19,261.8976354384915,42
21,0.43,114.47580568495104,42076,E,19,386.20591310961123,65
22,0.45,115.87545978838382,44042,E,19,306.5255892102993,54
23,0.47,114.59288339822085,45977,E,19,255.562563890641,47
24,0.49,112.55030770835506,47935,E,19,307.7083550641494,59
25,0.51,113.6192269931275,49909,E,19,270.4922959786812,54
26,0.53,115.63086329270175,51848,E,19,308.5943527233452,64
27,0.55,117.60900998011411,53807,E,19,306.6515509134499,66
28,0.5700000000000001,117.73694210431977,55790,E,19,286.78974726653524,64
29,0.59,118.83635103525947,57715,E,19,242.57125530624623,56
30,0.61,118.56499522525088,59689,E,19,288.9979728258138,69
31,0.63,119.78130780464059,61630,E,19,263.6702904429661,65
32,0.65,118.77510299066009,63598,E,19,235.85647347400862,60
33,0.67,117.64248665141113,65550,E,19,247.9023646071701,65
34,0.69,118.31839727447786,67510,E,19,270.3303214338616,73
35,0.71,116.755970804601,69463,E,19,316.71537365216017,88
36,0.73,116.47983870967742,71424,E,19,283.5181451612903,81
37,0.75,117.72119551884863,73374,E,19,286.2049227246709,84
38,0.77,118.28758994238378,75326,E,19,328.57180787510293,99
39,0.79,118.93282559222096,77336,E,19,329.7300093100238,102
40,0.81,119.38891063109922,79211,E,19,334.5494943884057,106
41,0.83,118.54627839684787,81215,E,19,329.3726528350674,107
42,0.85,114.57944846488591,83186,E,19,291.5153992258313,97
43,0.87,111.51410444692475,85115,E,19,270.2226399577043,92
44,0.89,110.60793255148808,87059,E,19,241.2157272654177,84
45,0.91,111.89600808489136,89055,E,19,213.35129975857618,76
46,0.9299999999999999,108.06207343744849,90989,E,19,164.85509237380342,60
47,0.95,105.60528178111275,89023,E,19,126.37183649169317,45
48,0.97,106.56043754669373,70941,E,19,116.29382162642197,33
49,0.99,105.92827905321232,50571,E,19,113.70152854402721,23
0,0.01,105.31704668838219,921,E,20,271.4440825190011,1
1,0.03,107.86380057803468,2768,E,20,722.543352601156,8
2,0.05,107.35799522673031,4609,E,20,271.2085050987199,5
3,0.07,107.89559164733178,6465,E,20,541.3766434648105,14
4,0.09,109.0038526366482,8306,E,20,421.382133397544,14
5,0.11,109.67866653516126,10139,E,20,419.173488509715,17
6,0.13,109.66983254186454,12003,E,20,333.2500208281263,16
7,0.15000000000000002,110.4386015602427,13844,E,20,451.4591158624675,25
8,0.16999999999999998,109.81106078969191,15677,E,20,446.5140014033297,28
9,0.19,110.46618729669576,17523,E,20,370.9410489071506,26
10,0.21000000000000002,111.62045489710661,19389,E,20,425.49899427510445,33
11,0.22999999999999998,111.59311254534319,21227,E,20,329.76869081829744,28
12,0.25,111.82214415820974,23058,E,20,368.6356145372539,34
13,0.27,111.89331887898499,24906,E,20,371.3964506544608,37
14,0.29000000000000004,112.27426349633618,26748,E,20,317.78076865560047,34
15,0.31,112.19645040701533,28623,E,20,279.49551060336097,32
16,0.33,112.34043810962594,30449,E,20,295.5762093993235,36
17,0.35,113.88975010851367,32254,E,20,356.54492466050726,46
18,0.37,112.8952035351614,34171,E,20,321.91039185274064,44
19,0.39,113.78888580161156,35990,E,20,305.6404556821339,44
20,0.41000000000000003,114.28428235169659,37811,E,20,363.65078945280476,55
21,0.43,113.91432460363471,39673,E,20,359.1863483981549,57
22,0.45,112.35126216398497,41516,E,20,361.3064842470373,60
23,0.47,113.85811449519286,43373,E,20,368.8930901713048,64
24,0.49,114.33695411707447,45202,E,20,348.43590991549047,63
25,0.51,114.28737488577683,47057,E,20,297.5115285717322,56
26,0.53,112.94600343614498,48892,E,20,363.0450789495214,71
27,0.55,112.86797249098468,50747,E,20,349.77437089877236,71
28,0.5700000000000001,113.38802424795242,52623,E,20,342.05575508807937,72
29,0.59,113.80471621820321,54408,E,20,335.42861343920015,73
30,0.61,113.64867314836209,56261,E,20,319.9374344572617,72
31,0.63,114.15217503483152,58137,E,20,313.9136866367374,73
32,0.65,114.12123687281213,59990,E,20,333.38889814969167,80
33,0.67,114.29943228686496,61827,E,20,287.0914001973248,71
34,0.69,115.0205547261727,63635,E,20,330.0070715801053,84
35,0.71,115.0766271828062,65512,E,20,335.8163389913298,88
36,0.73,114.99229604560028,67368,E,20,319.1426196413728,86
37,0.75,115.42887700534759,69190,E,20,350.48417401358574,97
38,0.77,115.21407554448058,71031,E,20,355.47859385338796,101
39,0.79,115.03515801896502,72871,E,20,387.6713644659742,113
40,0.81,114.39243773907926,74766,E,20,354.43918358612206,106
41,0.83,114.45018214103852,76589,E,20,352.53104231678185,108
42,0.85,112.67280077537174,78414,E,20,306.06779401637465,96
43,0.87,110.3802669458257,80241,E,20,286.6365075210927,92
44,0.89,111.27274387348892,82143,E,20,197.82574291175146,65
45,0.91,113.58351298879188,83957,E,20,199.50689043200688,67
46,0.9299999999999999,110.05023954119991,85789,E,20,192.3323503013207,66
47,0.95,109.68568797200221,81435,E,20,190.33585067845522,62
48,0.97,107.39226359724482,65767,E,20,171.05843356090443,45
49,0.99,107.63621357244753,49070,E,20,112.08477684939882,22
0,0.01,146.0231092436975,476,E,21,1050.420168067227,2
1,0.03,149.3874125874126,1430,E,21,349.6503496503497,2
2,0.05,149.3781407035176,2388,E,21,209.38023450586266,2
3,0.07,146.37005988023952,3340,E,21,299.40119760479047,4
4,0.09,146.76217097600747,4293,E,21,174.70300489168415,3
5,0.11,146.62131303520457,5255,E,21,237.86869647954327,5
6,0.13,144.9814456276218,6198,E,21,161.3423685059697,4
7,0.15000000000000002,145.94383121419588,7157,E,21,489.0317171999442,14
8,0.16999999999999998,146.4896475228001,8114,E,21,246.4875523786049,8
9,0.19,146.63081844253253,9066,E,21,386.057798367527,14
10,0.21000000000000002,145.08531231291158,10022,E,21,324.28656954699665,13
11,0.22999999999999998,144.06547673253803,10981,E,21,159.36617794372097,7
12,0.25,144.27500628825354,11927,E,21,314.41267711914145,15
13,0.27,143.97850213426466,12885,E,21,232.82887077997674,12
14,0.29000000000000004,142.9127638045678,13836,E,21,289.10089621277825,16
15,0.31,143.9593589396808,14788,E,21,321.2063835542332,19
16,0.33,144.5352541727486,15757,E,21,285.5873579996192,18
17,0.35,141.43615683926967,16705,E,21,359.1739000299312,24
18,0.37,140.88840399002493,17644,E,21,283.38245295851283,20
19,0.39,140.26792331238923,18621,E,21,295.3654476129102,22
20,0.41000000000000003,139.38745783501994,19566,E,21,153.32720024532352,12
21,0.43,140.89499097693022,20503,E,21,292.6401014485685,24
22,0.45,138.19194974406702,21490,E,21,325.73289902280135,28
23,0.47,136.73381808448946,22417,E,21,267.6540125797386,24
24,0.49,136.19425444596442,23392,E,21,406.1217510259918,38
25,0.51,135.76950878922293,24348,E,21,308.03351404632826,30
26,0.53,134.3863897131553,25275,E,21,385.7566765578635,39
27,0.55,134.12540009144948,26244,E,21,381.03947568968147,40
28,0.5700000000000001,134.39574296007646,27202,E,21,450.3345342254246,49
29,0.59,134.48201720093823,28138,E,21,346.50650366053026,39
30,0.61,134.1750463630744,29118,E,21,420.70197128923695,49
31,0.63,133.9147578044483,30079,E,21,448.81811230426547,54
32,0.65,132.786437834699,30998,E,21,395.18678624427383,49
33,0.67,134.6160147578401,31983,E,21,468.9991558015196,60
34,0.69,135.51661402016765,32924,E,21,493.5609281982748,65
35,0.71,134.0787950383934,33860,E,21,435.6172474896633,59
36,0.73,132.4078992657182,34864,E,21,437.41395135383203,61
37,0.75,132.9170929419986,35775,E,21,447.2396925227114,64
38,0.77,135.62487754435617,36748,E,21,394.57929683248074,58
39,0.79,136.65763161384433,37705,E,21,437.6077443309906,66
40,0.81,135.60965638584145,38648,E,21,226.40240115918033,35
41,0.83,136.77608585858587,39600,E,21,258.8383838383839,41
42,0.85,128.3852754080576,40558,E,21,252.724493318211,41
43,0.87,122.47752565399624,41514,E,21,144.5295562942622,24
44,0.89,118.01434189765207,42463,E,21,117.74957021406871,20
45,0.91,116.87521650337358,38683,E,21,129.25574541788384,20
46,0.9299999999999999,119.32449022367278,33397,E,21,67.37132077731533,9
47,0.95,121.575845314164,30048,E,21,24.96006389776358,3
48,0.97,116.72376034571157,27306,E,21,36.62198784150004,4
49,0.99,111.7315776356235,24074,E,21,10.384647337376423,1
0,0.01,131.34174311926606,436,E,22,0.0,0
1,0.03,135.01466049382717,1296,E,22,385.80246913580254,2
2,0.05,135.31083562901745,2178,E,22,344.35261707988985,3
3,0.07,134.1633597883598,3024,E,22,330.68783068783074,4
4,0.09,133.51071975497703,3918,E,22,319.0403266972946,5
5,0.11,133.4909891031014,4772,E,22,523.8893545683152,10
6,0.13,131.04510744095188,5631,E,22,577.1621381637365,13
7,0.15000000000000002,130.2709261250192,6511,E,22,345.56903701428354,9
8,0.16999999999999998,128.58522033898305,7375,E,22,440.67796610169495,13
9,0.19,129.52409272970021,8239,E,22,485.49581259861634,16
10,0.21000000000000002,130.57770233271273,9131,E,22,328.55108969444746,12
11,0.22999999999999998,130.85916624811654,9955,E,22,452.03415369161223,18
12,0.25,132.48578787600036,10871,E,22,436.9423236132831,19
13,0.27,132.2229250363279,11699,E,22,192.32413026754423,9
14,0.29000000000000004,131.3685925454979,12583,E,22,516.5699753635859,26
15,0.31,128.5667435115639,13447,E,22,464.7876849854987,25
16,0.33,128.74610928885477,14329,E,22,348.9427036080676,20
17,0.35,128.90274757857284,15177,E,22,329.4458720432233,20
18,0.37,128.7423610678947,16069,E,22,466.73719584292735,30
19,0.39,128.13563136697465,16884,E,22,414.5936981757877,28
20,0.41000000000000003,126.80863365891994,17814,E,22,392.9493656674526,28
21,0.43,125.35963548646475,18655,E,22,375.234521575985,28
22,0.45,126.36528019670116,19522,E,22,358.56981866612034,28
23,0.47,126.10803527682509,20410,E,22,367.46692797648217,30
24,0.49,126.63127413127413,21238,E,22,435.54006968641113,37
25,0.51,126.4196376123989,22131,E,22,429.2621210067327,38
26,0.53,125.5,23006,E,22,293.40172129009824,27
27,0.55,127.39037792038924,23841,E,22,450.9039050375404,43
28,0.5700000000000001,127.6897261933608,24762,E,22,302.8834504482675,30
29,0.59,128.4152661611819,25586,E,22,410.3806769326976,42
30,0.61,130.40124716553288,26460,E,22,283.4467120181406,30
31,0.63,130.78809593448378,27352,E,22,374.74407721556014,41
32,0.65,130.52830925419758,28171,E,22,354.97497426431437,40
33,0.67,131.30881341949677,29092,E,22,498.41880929465145,58
34,0.69,130.69103112060907,29948,E,22,409.04234005609726,49
35,0.71,131.36771154783173,30785,E,22,381.6793893129771,47
36,0.73,131.07249897466636,31697,E,22,418.02063286746386,53
37,0.75,132.15630381303814,32520,E,22,338.25338253382535,44
38,0.77,133.21024581574298,33399,E,22,314.38067007994255,42
39,0.79,132.10657959945195,34303,E,22,240.5037460280442,33
40,0.81,131.3576413616294,35105,E,22,185.15880928642645,26
41,0.83,131.13532854408788,36053,E,22,166.4216570049649,24
42,0.85,137.96210600553354,36866,E,22,122.06369012097869,18
43,0.87,138.42906345211287,37745,E,22,72.85733209696649,11
44,0.89,138.04388917659244,38620,E,22,32.366649404453646,5
45,0.91,127.13788646730866,39460,E,22,6.335529650278764,1
46,0.9299999999999999,124.06683057666518,40266,E,22,6.208712064769285,1
47,0.95,108.68397740232872,37703,E,22,6.630772087101822,1
48,0.97,95.32331688403242,34044,E,22,0.0,0
49,0.99,92.85550744844794,27254,E,22,27.51889630879871,3
0,0.01,134.62589928057554,417,E,23,0.0,0
1,0.03,132.1130081300813,1230,E,23,406.5040650406504,2
2,0.05,133.43023255813952,2064,E,23,726.7441860465117,6
3,0.07,130.17938000696623,2871,E,23,435.38836642284923,5
4,0.09,130.91197846567968,3715,E,23,403.7685060565276,6
5,0.11,132.8619625137817,4535,E,23,551.2679162072767,10
6,0.13,134.7312709653373,5366,E,23,326.1274692508386,7
7,0.15000000000000002,132.79467618893037,6161,E,23,284.0447979224152,7
8,0.16999999999999998,132.01485289917167,7002,E,23,285.6326763781777,8
9,0.19,131.19481017512464,7823,E,23,511.31279560270997,16
10,0.21000000000000002,133.077528349919,8642,E,23,289.28488775746354,10
11,0.22999999999999998,132.65706778770362,9515,E,23,262.7430373095113,10
12,0.25,131.13266302225693,10244,E,23,439.28153065208903,18
13,0.27,130.60091414231943,11158,E,23,358.48718408316904,16
14,0.29000000000000004,131.5660060463554,11908,E,23,272.92576419213975,13
15,0.31,130.68326568841712,12812,E,23,409.7720886668748,21
16,0.33,129.16582026937513,13587,E,23,275.9991168028262,15
17,0.35,126.52236111111111,14400,E,23,381.94444444444446,22
18,0.37,126.57207472959685,15255,E,23,344.149459193707,21
19,0.39,126.36259208390561,16018,E,23,374.57859907603944,24
20,0.41000000000000003,125.9118341797567,16934,E,23,428.1327506791072,29
21,0.43,125.70860178591613,17694,E,23,381.48524923702956,27
22,0.45,126.10940447318782,18555,E,23,309.8895176502291,23
23,0.47,126.83659217877096,19332,E,23,323.29815849368924,25
24,0.49,125.57366988369216,20205,E,23,309.3293739173472,25
25,0.51,127.324249642687,20990,E,23,321.58170557408295,27
26,0.53,128.16189387008234,21860,E,23,354.5288197621226,31
27,0.55,127.91194273847921,22633,E,23,298.2370874386957,27
28,0.5700000000000001,129.14975721952467,23478,E,23,266.2066615554988,25
29,0.59,129.89598585177265,24314,E,23,287.8999753228593,28
30,0.61,131.25426770899807,25072,E,23,309.1097638800255,31
31,0.63,131.1751777137368,26025,E,23,384.24591738712775,40
32,0.65,131.97566545617912,26711,E,23,308.86151772677925,33
33,0.67,133.18163412870572,27660,E,23,397.68618944323936,44
34,0.69,133.25684581497796,28375,E,23,281.93832599118946,32
35,0.71,133.692002734108,29260,E,23,324.6753246753247,38
36,0.73,132.62727302948704,30081,E,23,249.32681759250025,30
37,0.75,131.82466817740368,30890,E,23,299.44966008416964,37
38,0.77,130.08103165594653,31716,E,23,244.3561609282381,31
39,0.79,132.92485851377953,32512,E,23,222.99458661417324,29
40,0.81,134.30692238537608,33370,E,23,119.86814504045552,16
41,0.83,133.920778460638,34170,E,23,95.11267193444542,13
42,0.85,131.87422262794544,35054,E,23,106.97780567125007,15
43,0.87,128.6013289036545,35819,E,23,62.81582400402022,9
44,0.89,125.41417940960014,36687,E,23,34.07201461007987,5
45,0.91,121.64719275688418,37332,E,23,46.876674166934535,7
46,0.9299999999999999,120.54246144338006,35597,E,23,21.06919122397955,3
47,0.95,117.52021742012462,30172,E,23,16.57165583985152,2
48,0.97,106.13268733351349,25903,E,23,0.0,0
49,0.99,96.9319780741508,23169,E,23,10.790280115671804,1
0,0.01,107.77093596059113,406,E,24,0.0,0
1,0.03,109.74918032786886,1220,E,24,409.8360655737705,2
2,0.05,109.23042836041358,2031,E,24,615.4603643525357,5
3,0.07,110.03066619668664,2837,E,24,616.8487839266832,7
4,0.09,109.1172602739726,3650,E,24,342.4657534246575,5
5,0.11,109.81346454931783,4471,E,24,559.1590248266607,10
6,0.13,110.09579704657327,5282,E,24,567.9666792881485,12
7,0.15000000000000002,111.06675435711936,6082,E,24,369.94409733640254,9
8,0.16999999999999998,113.21482339316734,6908,E,24,325.70932252460915,9
9,0.19,114.61221848304426,7726,E,24,744.2402278022263,23
10,0.21000000000000002,112.55153791969946,8518,E,24,264.1465132660249,9
11,0.22999999999999998,111.05144143178651,9331,E,24,482.26342299860687,18
12,0.25,110.45882584712372,10152,E,24,492.51379038613084,20
13,0.27,109.71138063104141,10966,E,24,433.1570308225424,19
14,0.29000000000000004,110.27056424201224,11768,E,24,509.85723997280763,24
15,0.31,110.5547961535405,12583,E,24,496.70189938806334,25
16,0.33,111.10948578252108,13399,E,24,559.7432644227181,30
17,0.35,111.4085983675767,14212,E,24,422.1784407542922,24
18,0.37,112.09117549117549,15015,E,24,582.7505827505828,35
19,0.39,112.24704991481038,15847,E,24,489.05155549946363,31
20,0.41000000000000003,112.46992074927954,16656,E,24,495.31700288184436,33
21,0.43,112.76021985571968,17466,E,24,429.4057025077293,30
22,0.45,113.06834473324213,18275,E,24,533.515731874145,39
23,0.47,113.36598019179374,19083,E,24,419.22129644185924,32
24,0.49,113.85195053287754,19892,E,24,515.2825256384476,41
25,0.51,114.20771943384378,20701,E,24,519.2985846094391,43
26,0.53,114.03738839285714,21504,E,24,523.1584821428572,45
27,0.55,114.3567942690844,22335,E,24,593.2393104992165,53
28,0.5700000000000001,115.15260315402895,23145,E,24,486.0661049902787,45
29,0.59,116.29411027568922,23940,E,24,449.0392648287385,43
30,0.61,117.44717385156156,24751,E,24,505.0300997939477,50
31,0.63,118.09848751319029,25587,E,24,547.1528510571775,56
32,0.65,118.01026437391107,26402,E,24,463.98000151503675,49
33,0.67,118.06874885173617,27215,E,24,450.11941943781005,49
34,0.69,118.70408709619846,28015,E,24,472.96091379618065,53
35,0.71,119.78008874098724,28848,E,24,415.973377703827,48
36,0.73,120.15986096112312,29632,E,24,337.4730021598272,40
37,0.75,120.58942181340342,30440,E,24,418.85676741130095,51
38,0.77,121.13261064210796,31272,E,24,359.7467382962394,45
39,0.79,122.89328137178488,32075,E,24,288.38659392049885,37
40,0.81,122.13744147868913,32894,E,24,311.6069799963519,41
41,0.83,120.05805666092535,33674,E,24,148.48250876046805,20
42,0.85,116.10714078710949,34506,E,24,137.65721903437085,19
43,0.87,113.3152441613588,35325,E,24,106.1571125265393,15
44,0.89,113.09669887043577,34261,E,24,87.5631184145238,12
45,0.91,114.82666996996068,32291,E,24,100.64723916880864,13
46,0.9299999999999999,116.47715948290882,28699,E,24,43.55552458273807,5
47,0.95,117.9264910921766,25820,E,24,77.45933384972889,8
48,0.97,116.23152995927865,24066,E,24,31.164298180004984,3
49,0.99,112.37795275590551,22479,E,24,22.242982339072025,2
0,0.01,136.1897654584222,469,E,25,533.0490405117271,1
1,0.03,134.33900709219859,1410,E,25,354.6099290780142,2
2,0.05,131.4965811965812,2340,E,25,427.3504273504273,4
3,0.07,130.01312576312577,3276,E,25,228.93772893772896,3
4,0.09,128.63230078032632,4229,E,25,295.5781508630882,5
5,0.11,129.9736638264911,5164,E,25,484.12083656080557,10
6,0.13,129.44535608795536,6094,E,25,369.2156219232032,9
7,0.15000000000000002,127.15665907797381,7028,E,25,249.00398406374504,7
8,0.16999999999999998,127.10708463949844,7975,E,25,470.21943573667716,15
9,0.19,126.21356388951268,8906,E,25,308.7805973501011,11
10,0.21000000000000002,127.35152129817445,9860,E,25,557.8093306288033,22
11,0.22999999999999998,127.3759266123054,10792,E,25,579.132690882135,25
12,0.25,125.67281735861951,11706,E,25,491.2010934563472,23
13,0.27,125.24871693643901,12665,E,25,473.74654559810506,24
14,0.29000000000000004,125.27306110458284,13616,E,25,440.65804935370153,24
15,0.31,125.17034591843752,14541,E,25,412.6263668248401,24
16,0.33,125.2697806818917,15457,E,25,436.6953483858446,27
17,0.35,124.68397002376165,16413,E,25,472.18668128922195,31
18,0.37,124.71054147465438,17360,E,25,475.2304147465438,33
19,0.39,124.54734713950057,18301,E,25,532.7577727993006,39
20,0.41000000000000003,123.62385512073273,19216,E,25,390.2997502081599,30
21,0.43,123.23120067503847,20147,E,25,545.9869955824689,44
22,0.45,123.32542501302268,21117,E,25,509.06852299095516,43
23,0.47,123.47052154195012,22050,E,25,442.17687074829934,39
24,0.49,123.20216606498195,22991,E,25,445.82662781088254,41
25,0.51,122.96621451896509,23886,E,25,586.1173909402999,56
26,0.53,123.06801818108684,24861,E,25,482.68372149149275,48
27,0.55,123.64476131432114,25808,E,25,523.093614383137,54
28,0.5700000000000001,124.2137673026562,26730,E,25,458.2865693976805,49
29,0.59,124.82970962149668,27688,E,25,496.6050274487143,55
30,0.61,124.48944955733631,28577,E,25,446.162998215348,51
31,0.63,124.00788921243313,29534,E,25,567.1429538836595,67
32,0.65,124.38562905657903,30506,E,25,450.7310037369698,55
33,0.67,126.37251908396946,31440,E,25,421.43765903307894,53
34,0.69,126.80838693715982,32336,E,25,425.2226620484909,55
35,0.71,127.38549366023676,33282,E,25,368.06682290727724,49
36,0.73,128.13544525547445,34250,E,25,364.9635036496351,50
37,0.75,128.23130681818182,35200,E,25,305.3977272727273,43
38,0.77,129.19269130603425,36094,E,25,283.9807170166787,41
39,0.79,127.74922349763673,37025,E,25,249.83119513842001,37
40,0.81,120.8351409978308,37341,E,25,234.326879301572,35
41,0.83,116.71090783090783,36075,E,25,242.5502425502426,35
42,0.85,114.31673066374108,36460,E,25,205.7048820625343,30
43,0.87,113.56583319254379,35514,E,25,175.98693472996567,25
44,0.89,116.5581765421698,32049,E,25,187.21332958906675,24
45,0.91,117.31926051312689,30129,E,25,99.57184108334164,12
46,0.9299999999999999,118.60449684091631,28331,E,25,97.06681726730437,11
47,0.95,121.05379090774471,27012,E,25,55.53087516659263,6
48,0.97,123.4232480749139,25843,E,25,87.06419533335914,9
49,0.99,124.63672960025764,24841,E,25,40.25602834024395,4
0,0.01,118.55813953488372,430,F,1,0.0,0
1,0.03,116.91472868217055,1290,F,1,0.0,0
2,0.05,117.49580615097857,2146,F,1,0.0,0
3,0.07,117.43637574950033,3002,F,1,0.0,0
4,0.09,117.23291204539592,3877,F,1,0.0,0
5,0.11,117.33658329800762,4718,F,1,158.965663416702,3
6,0.13,116.46322603848229,5561,F,1,44.95594317568783,1
7,0.15000000000000002,114.52373588990258,6467,F,1,115.97340343281274,3
8,0.16999999999999998,113.93123287671233,7300,F,1,205.4794520547945,6
9,0.19,112.90112855740922,8152,F,1,122.66928361138372,4
10,0.21000000000000002,110.90494676131323,9016,F,1,83.1854480922804,3
11,0.22999999999999998,109.26094429279142,9891,F,1,126.37751491254677,5
12,0.25,108.51997013811123,10716,F,1,139.97760358342666,6
13,0.27,109.43519076737576,11611,F,1,193.78175867711653,9
14,0.29000000000000004,109.18441767068273,12450,F,1,140.56224899598394,7
15,0.31,105.96097157467288,13298,F,1,131.59873665212814,7
16,0.33,104.565291005291,14175,F,1,105.82010582010582,6
17,0.35,104.40423976608187,15048,F,1,83.0675172780436,5
18,0.37,102.46015359435981,15886,F,1,110.1598892106257,7
19,0.39,105.50523356660088,16719,F,1,194.38961660386389,13
20,0.41000000000000003,104.73510571963041,17641,F,1,70.8576611303214,5
21,0.43,103.65967365967366,18447,F,1,135.52339133734483,10
22,0.45,102.25911161731207,19316,F,1,64.71319113688135,5
23,0.47,102.77701331485423,20203,F,1,74.2463990496461,6
24,0.49,103.18566883517735,21059,F,1,83.09986229165678,7
25,0.51,103.62736129533916,21863,F,1,91.4787540593697,8
26,0.53,104.90264671026642,22783,F,1,87.78475178861433,8
27,0.55,106.4550959054918,23617,F,1,95.27035609941991,9
28,0.5700000000000001,107.50386045181584,24479,F,1,71.48984844152132,7
29,0.59,105.6262690104681,25315,F,1,39.50227138060439,4
30,0.61,104.8956458746378,26228,F,1,123.91337501906361,13
31,0.63,104.27448877713272,27043,F,1,110.93443774729135,12
32,0.65,103.53548895899054,27896,F,1,134.42787496415258,15
33,0.67,103.99648394922822,28441,F,1,79.11114236489576,9
34,0.69,103.25329888989737,28646,F,1,104.72666340850381,12
35,0.71,104.79517948012654,29084,F,1,94.55370650529501,11
36,0.73,103.48567958708632,29643,F,1,92.77063724994096,11
37,0.75,100.3592322964924,30220,F,1,132.36267372600926,16
38,0.77,98.63206798492163,30242,F,1,90.93313934263608,11
39,0.79,100.45078160769181,30578,F,1,204.39531689449933,25
40,0.81,100.58049585706888,30896,F,1,178.0165717244951,22
41,0.83,100.52166088606766,30562,F,1,212.68241607224658,26
42,0.85,103.40679116050659,30952,F,1,218.07960713362627,27
43,0.87,106.36086750039576,31585,F,1,237.4544878898211,30
44,0.89,109.4070667804431,31641,F,1,173.82510034448975,22
45,0.91,110.04505877968629,29517,F,1,160.9242131652946,19
46,0.9299999999999999,112.06490993526597,28424,F,1,281.45229383619477,32
47,0.95,111.07044288158144,26305,F,1,237.59741494012547,25
48,0.97,110.03743824502561,22063,F,1,249.28613515841002,22
49,0.99,112.60188679245283,20140,F,1,198.60973187686199,16
0,0.01,111.89322381930185,487,F,2,0.0,0
1,0.03,117.98315363881402,1484,F,2,336.9272237196766,2
2,0.05,118.04695794201714,2449,F,2,714.5773785218457,7
3,0.07,121.95348837209302,3440,F,2,218.02325581395348,3
4,0.09,119.001130198915,4424,F,2,508.5895117540687,9
5,0.11,115.13027387120651,5404,F,2,231.3101406365655,5
6,0.13,112.85112051402602,6381,F,2,391.78812098417177,10
7,0.15000000000000002,113.29995935510094,7381,F,2,406.4489906516732,12
8,0.16999999999999998,114.55699388709097,8343,F,2,479.44384513963803,16
9,0.19,114.4511672735061,9338,F,2,481.9019061897623,18
10,0.21000000000000002,111.12915415172948,10321,F,2,460.22672221683945,19
11,0.22999999999999998,108.61392181142756,11306,F,2,331.68229258800636,15
12,0.25,111.97841492221227,12277,F,2,305.44921397735607,15
13,0.27,111.52872092147858,13283,F,2,357.59993977264173,19
14,0.29000000000000004,110.00280800280801,14245,F,2,508.950508950509,29
15,0.31,110.11071733280829,15237,F,2,475.81544923541384,29
16,0.33,108.9256835997778,16201,F,2,308.62292451083266,20
17,0.35,107.26541523798454,17207,F,2,624.7457430115651,43
18,0.37,106.53646320656063,18169,F,2,357.7522153117949,26
19,0.39,106.12485000260865,19167,F,2,378.25429122971775,29
20,0.41000000000000003,105.75117836765071,20155,F,2,409.3277102455966,33
21,0.43,107.01467942039966,21118,F,2,355.14726773368693,30
22,0.45,106.36396526772793,22112,F,2,395.7127351664255,35
23,0.47,105.3322074997835,23094,F,2,313.9343552437863,29
24,0.49,107.12144488270708,24085,F,2,321.7770396512352,31
25,0.51,108.46128967857855,25045,F,2,379.317228987822,38
26,0.53,107.20536536690206,26056,F,2,287.8415719987719,30
27,0.55,108.94501832722426,27009,F,2,388.75930245473734,42
28,0.5700000000000001,109.28394488863506,28016,F,2,303.3980582524272,34
29,0.59,109.65002761668048,28968,F,2,353.838718586026,41
30,0.61,106.5869739211632,29986,F,2,308.47728940172084,37
31,0.63,105.31016543880057,30948,F,2,347.3568566627892,43
32,0.65,105.35650596001626,31963,F,2,367.6125520132654,47
33,0.67,105.19316421084612,32915,F,2,296.2175300015191,39
34,0.69,106.8008375851594,33907,F,2,309.67056949892356,42
35,0.71,107.03183252079151,34870,F,2,358.4743332377402,50
36,0.73,105.61597816095156,35899,F,2,271.5953090615337,39
37,0.75,106.49170490645959,36829,F,2,224.00825436476688,33
38,0.77,104.44558038780578,37854,F,2,323.61177154329795,49
39,0.79,102.79187071498531,38798,F,2,212.63982679519563,33
40,0.81,102.51126742871499,39805,F,2,314.03090064062303,50
41,0.83,104.68606476938174,40760,F,2,257.6054955839058,42
42,0.85,109.49477260221536,41799,F,2,269.1451948611211,45
43,0.87,115.0990862230553,42680,F,2,269.4470477975633,46
44,0.89,118.93795245548816,40888,F,2,250.68479749559773,41
45,0.91,118.10150855200256,37652,F,2,252.31063422925743,38
46,0.9299999999999999,115.80208007995502,32018,F,2,195.20269848210384,25
47,0.95,112.14545388709853,27617,F,2,217.25748633088315,24
48,0.97,107.1205648650775,25422,F,2,245.85005113681063,25
49,0.99,102.15492520087007,22527,F,2,177.56470013761265,16
0,0.01,131.3673076923077,520,F,3,480.76923076923083,1
1,0.03,125.20931716656031,1567,F,3,319.0810465858328,2
2,0.05,126.81672394043528,2619,F,3,572.737686139748,6
3,0.07,125.05361050328227,3656,F,3,205.1422319474836,3
4,0.09,122.8205675272029,4687,F,3,320.0341369746106,6
5,0.11,119.71219512195123,5740,F,3,261.3240418118467,6
6,0.13,117.40570756104736,6798,F,3,367.7552221241542,10
7,0.15000000000000002,113.0910249872514,7844,F,3,318.71494135645077,10
8,0.16999999999999998,112.39082403336715,8871,F,3,281.8171570285199,10
9,0.19,113.19967712642519,9911,F,3,201.79598425991324,8
10,0.21000000000000002,113.4545371637027,10965,F,3,205.19835841313272,9
11,0.22999999999999998,113.72565488565489,12025,F,3,311.85031185031187,15
12,0.25,110.6193978395771,13053,F,3,248.98490768405733,13
13,0.27,111.26476853166714,14084,F,3,248.5089463220676,14
14,0.29000000000000004,111.01049851436117,15145,F,3,561.2413337735227,34
15,0.31,107.28648115012032,16207,F,3,246.80693527488123,16
16,0.33,107.59349782293178,17225,F,3,304.78955007256894,21
17,0.35,108.3881316034379,18267,F,3,342.1470411123885,25
18,0.37,108.77043748382087,19315,F,3,465.9590991457417,36
19,0.39,106.09163151182184,20386,F,3,269.79299519277936,22
20,0.41000000000000003,108.6515547670184,21418,F,3,303.4830516388085,26
21,0.43,108.14873234416076,22443,F,3,278.483268725215,25
22,0.45,108.6826857532379,23472,F,3,319.52965235173826,30
23,0.47,111.51283723204826,24538,F,3,336.21322031135384,33
24,0.49,110.75874453466584,25616,F,3,322.06433479075577,33
25,0.51,110.38352667342419,26637,F,3,319.10500431730304,34
26,0.53,109.88408573390682,27667,F,3,361.4414284165251,40
27,0.55,109.62351998885639,28716,F,3,278.59033291544785,32
28,0.5700000000000001,110.744080604534,29775,F,3,361.04114189756507,43
29,0.59,110.4609319229022,30818,F,3,235.2521253812707,29
30,0.61,110.92422243166824,31830,F,3,377.0028275212064,48
31,0.63,112.69079747143205,32904,F,3,273.52297592997814,36
32,0.65,111.35970777977435,33947,F,3,360.8566294517925,49
33,0.67,108.94196811246357,34998,F,3,285.73061317789586,40
34,0.69,109.51981571936057,36032,F,3,277.5310834813499,40
35,0.71,108.90754986908522,37047,F,3,296.92012848543743,44
36,0.73,106.77978812670443,38136,F,3,288.44136773652195,44
37,0.75,108.12866333095067,39172,F,3,261.6664964770755,41
38,0.77,108.71525187726888,40218,F,3,242.42876324034017,39
39,0.79,112.46169516187705,41235,F,3,327.39177882866494,54
40,0.81,113.46451109692973,42309,F,3,283.6275969651847,48
41,0.83,112.34265373987166,42702,F,3,263.4537024026978,45
42,0.85,112.37697077485099,41608,F,3,300.4229955777735,50
43,0.87,112.3379784149877,41047,F,3,231.4420055058835,38
44,0.89,111.87156546272526,39343,F,3,266.88356251429735,42
45,0.91,109.92204783052438,36253,F,3,282.7352219126693,41
46,0.9299999999999999,108.48340442938117,34226,F,3,226.43604277449893,31
47,0.95,109.25144836465071,32623,F,3,260.55237102657634,34
48,0.97,108.29189082797534,30484,F,3,221.42763416874428,27
49,0.99,108.60131200707599,27134,F,3,147.4165253924965,16
0,0.01,121.37747035573122,506,F,4,0.0,0
1,0.03,121.67086927670869,1507,F,4,165.89250165892503,1
2,0.05,121.21323236349143,2509,F,4,199.28258270227184,2
3,0.07,123.1196922200057,3509,F,4,71.24536905101168,1
4,0.09,125.33259619637329,4522,F,4,110.57054400707652,2
5,0.11,125.51133272892112,5515,F,4,181.32366273798732,4
6,0.13,123.6952993416016,6531,F,4,191.394885928648,5
7,0.15000000000000002,121.67051486199576,7536,F,4,298.5668789808918,9
8,0.16999999999999998,120.37674037674037,8547,F,4,175.50017550017552,6
9,0.19,119.08201363398007,9535,F,4,157.31515469323546,6
10,0.21000000000000002,118.58952462282949,10539,F,4,213.4927412467976,9
11,0.22999999999999998,116.31527477282562,11555,F,4,173.08524448290785,8
12,0.25,115.41974816703858,12548,F,4,99.61746891934969,5
13,0.27,115.45457229315817,13549,F,4,110.70927743744927,6
14,0.29000000000000004,114.26296652030736,14576,F,4,222.96926454445665,13
15,0.31,112.80527904437737,15571,F,4,144.49938989146492,9
16,0.33,111.75012062726177,16580,F,4,120.62726176115804,8
17,0.35,111.65017647728567,17566,F,4,128.08835249914608,9
18,0.37,111.28293050546374,18577,F,4,215.32001937880176,16
19,0.39,111.24466346644878,19582,F,4,204.26922684097642,16
20,0.41000000000000003,109.76093719618899,20572,F,4,157.98172272992417,13
21,0.43,106.38632154102612,21596,F,4,208.37192072606038,18
22,0.45,102.89090023900151,22594,F,4,177.03815172169604,16
23,0.47,100.72019825468101,23606,F,4,254.17266796577144,24
24,0.49,100.59461107047062,24606,F,4,162.56197675363734,16
25,0.51,101.55614096709986,25623,F,4,243.92147679818913,25
26,0.53,101.09897046667167,26614,F,4,150.29683625159691,16
27,0.55,101.49750126747303,27614,F,4,199.1743318606504,22
28,0.5700000000000001,100.91393227801656,28617,F,4,157.24918754586434,18
29,0.59,103.64780744691625,29623,F,4,244.74226108091685,29
30,0.61,105.8906367285663,30641,F,4,179.49805815737085,22
31,0.63,108.13648866546524,31629,F,4,284.54898985108605,36
32,0.65,109.59813771134526,32648,F,4,222.06567017887775,29
33,0.67,108.72288583823617,33654,F,4,311.9985737208059,42
34,0.69,107.17174603174603,34650,F,4,346.32034632034635,48
35,0.71,107.16887928372955,35629,F,4,364.87131269471496,52
36,0.73,104.82850828126278,36649,F,4,320.60902070997844,47
37,0.75,105.20248625388477,37647,F,4,405.0787579355593,61
38,0.77,105.25791352022344,38668,F,4,303.8688321092376,47
39,0.79,105.44583595817059,39685,F,4,377.97656545294194,60
40,0.81,104.70864670894166,40686,F,4,356.38794671385733,58
41,0.83,103.62840560245587,41696,F,4,353.75095932463546,59
42,0.85,104.48894147415773,42682,F,4,304.57804226606066,52
43,0.87,107.70810909840382,43667,F,4,257.6316211326631,45
44,0.89,109.84868124943739,44436,F,4,264.4252407957512,47
45,0.91,109.7132614829548,43238,F,4,294.879504139877,51
46,0.9299999999999999,107.7343495106036,39232,F,4,242.14926590538337,38
47,0.95,111.4700747058992,34937,F,4,243.29507399032548,34
48,0.97,112.55172851252775,31530,F,4,174.43704408499843,22
49,0.99,117.19430322696954,27735,F,4,261.40255994231114,29
0,0.01,105.83931947069944,529,F,5,0.0,0
1,0.03,107.48486759142497,1586,F,5,315.2585119798235,2
2,0.05,101.25283018867924,2650,F,5,94.33962264150944,1
3,0.07,99.13604525862068,3712,F,5,269.3965517241379,4
4,0.09,99.58879093198992,4764,F,5,209.90764063811923,4
5,0.11,103.41981456043956,5824,F,5,171.70329670329673,4
6,0.13,102.286439448876,6895,F,5,290.065264684554,8
7,0.15000000000000002,103.1891211281793,7942,F,5,157.3910853689247,5
8,0.16999999999999998,105.73153692614771,9018,F,5,221.77866489243735,8
9,0.19,106.13528300009948,10053,F,5,223.81378692927487,9
10,0.21000000000000002,104.38478124157757,11131,F,5,202.13817267091906,9
11,0.22999999999999998,104.55523661117034,12193,F,5,123.0214057245961,6
12,0.25,105.37128189642156,13246,F,5,207.60984448135287,11
13,0.27,104.90283797008249,14306,F,5,227.17740808052565,13
14,0.29000000000000004,104.22585892764185,15368,F,5,113.87298282144717,7
15,0.31,104.31687568488981,16426,F,5,213.07682941677828,14
16,0.33,104.03986729966253,17483,F,5,243.09329062517875,17
17,0.35,102.23088536611668,18546,F,5,215.6799309824221,16
18,0.37,102.75052314602154,19593,F,5,318.99147654774663,25
19,0.39,103.96645236138637,20687,F,5,229.61280030937303,19
20,0.41000000000000003,105.588175706787,21718,F,5,264.7573441385027,23
21,0.43,106.08708998421329,22804,F,5,296.00070163129277,27
22,0.45,106.11200570302344,23847,F,5,220.1534784249591,21
23,0.47,103.23806272840449,24901,F,5,200.79514878920526,20
24,0.49,101.85044462409054,25977,F,5,279.0930438464796,29
25,0.51,105.03885291396855,27025,F,5,185.01387604070305,20
26,0.53,107.75979205241418,28084,F,5,204.74291411479848,23
27,0.55,107.28660147538172,29145,F,5,231.60061760164695,27
28,0.5700000000000001,106.32001324284059,30205,F,5,314.5174639960272,38
29,0.59,105.71249799967995,31245,F,5,288.04608737397984,36
30,0.61,105.29443774541632,32343,F,5,301.4562656525369,39
31,0.63,104.8258120580127,33372,F,5,314.6350233728875,42
32,0.65,104.04789411047575,34451,F,5,275.7539694058228,38
33,0.67,104.05335773616781,35515,F,5,281.5711671124877,40
34,0.69,105.10048972668326,36551,F,5,273.5903258460781,40
35,0.71,104.47745569519356,37637,F,5,318.8351887770014,48
36,0.73,103.32904093295063,38673,F,5,374.9385876451271,58
37,0.75,103.57402747722813,39742,F,5,320.8192843842786,51
38,0.77,105.86812325478861,40826,F,5,410.2777641698917,67
39,0.79,104.32197114465889,41864,F,5,250.81215364035927,42
40,0.81,104.54113946172667,42915,F,5,337.87719911452876,58
41,0.83,104.21666704542872,44003,F,5,380.6558643728837,67
42,0.85,103.70972256158511,45019,F,5,294.32017592572026,53
43,0.87,102.75942230125341,46114,F,5,309.01678449061023,57
44,0.89,103.06818181818181,46684,F,5,251.69222860080544,47
45,0.91,105.01199648046011,46597,F,5,241.43185183595511,45
46,0.9299999999999999,106.73308476806667,45595,F,5,164.49172058339732,30
47,0.95,107.26560320559966,39431,F,5,240.92718926732772,38
48,0.97,110.21102584814217,34664,F,5,158.66605123471035,22
49,0.99,115.53429693637078,31825,F,5,172.82010997643363,22
0,0.01,108.12606473594549,587,F,6,425.8943781942079,1
1,0.03,107.2028328611898,1765,F,6,283.28611898017,2
2,0.05,106.80491132332878,2932,F,6,170.53206002728516,2
3,0.07,108.62390457643622,4108,F,6,121.71372930866603,2
4,0.09,117.2802343159486,5292,F,6,283.4467120181406,6
5,0.11,116.69958146023872,6451,F,6,193.76840799875987,5
6,0.13,114.12905759162304,7640,F,6,294.50261780104717,9
7,0.15000000000000002,114.46446412352407,8808,F,6,198.68301544050863,7
8,0.16999999999999998,115.49609218436873,9980,F,6,350.7014028056112,14
9,0.19,112.05609821668608,11159,F,6,291.24473519132545,13
10,0.21000000000000002,111.7068364285135,12331,F,6,223.01516503122212,11
11,0.22999999999999998,113.2504443127962,13504,F,6,277.6954976303318,15
12,0.25,113.630603624472,14678,F,6,255.4843984194032,15
13,0.27,114.02825785290779,15854,F,6,252.30225810521003,16
14,0.29000000000000004,111.9571042425667,17018,F,6,205.6645904336585,14
15,0.31,111.1496184044364,18213,F,6,301.98210069730413,22
16,0.33,110.46235172769468,19390,F,6,270.75812274368235,21
17,0.35,111.8484390980373,20533,F,6,243.51044659815906,20
18,0.37,112.09380465801344,21726,F,6,195.61815336463224,17
19,0.39,111.93916648483525,22915,F,6,163.64826532838754,15
20,0.41000000000000003,110.34247714048213,24060,F,6,249.3765586034913,24
21,0.43,108.90256653992395,25248,F,6,128.72306717363753,13
22,0.45,113.09581427004953,26447,F,6,189.05736000302494,20
23,0.47,113.75805808346325,27581,F,6,226.6052717450419,25
24,0.49,113.93351877607789,28760,F,6,173.85257301808068,20
25,0.51,114.89397124078337,29973,F,6,200.18016214593135,24
26,0.53,114.09880749574106,31111,F,6,200.89357461990934,25
27,0.55,111.12302545995168,32286,F,6,209.0689462925107,27
28,0.5700000000000001,110.40980228182308,33482,F,6,246.4010513111523,33
29,0.59,109.06281936545513,34639,F,6,209.30165420479807,29
30,0.61,108.75851479620324,35820,F,6,272.19430485762143,39
31,0.63,108.69715815374632,36983,F,6,229.8353297460996,34
32,0.65,110.23726727591715,38189,F,6,274.9482835371442,42
33,0.67,110.63253578784104,39329,F,6,254.26530041445247,40
34,0.69,109.8630485216447,40518,F,6,252.9739868700331,41
35,0.71,110.3446331749916,41682,F,6,257.90509092653906,43
36,0.73,111.84263923873496,42876,F,6,215.73840843362254,37
37,0.75,110.93982742960945,44040,F,6,289.50953678474116,51
38,0.77,109.52838785305111,45213,F,6,281.99854024285054,51
39,0.79,108.90852251902636,46383,F,6,344.9539702046008,64
40,0.81,108.88160356534718,47569,F,6,310.0758897601379,59
41,0.83,109.81121119478014,48737,F,6,256.4786507171143,50
42,0.85,110.60842202312949,49893,F,6,250.53614735534043,50
43,0.87,113.14141512940394,51119,F,6,273.8707721199554,56
44,0.89,111.24185667752442,50348,F,6,233.37570509255582,47
45,0.91,111.25545319342312,48412,F,6,268.52846401718585,52
46,0.9299999999999999,111.20855553512321,43504,F,6,247.10371460095624,43
47,0.95,113.15144596651446,39420,F,6,202.94266869609336,32
48,0.97,113.48977369706601,33981,F,6,205.99746917395015,28
49,0.99,113.92803545876522,28653,F,6,113.4261682895334,13
0,0.01,107.625,608,F,7,411.18421052631584,1
1,0.03,109.4471811713191,1827,F,7,547.3453749315819,4
2,0.05,107.70578512396695,3025,F,7,661.1570247933885,8
3,0.07,106.39144736842105,4256,F,7,176.22180451127818,3
4,0.09,108.90361445783132,5478,F,7,456.3709382986492,10
5,0.11,111.02593703148426,6670,F,7,487.256371814093,13
6,0.13,112.13559322033899,7906,F,7,347.8370857576524,11
7,0.15000000000000002,112.16100766703177,9130,F,7,410.73384446878424,15
8,0.16999999999999998,111.33501161890008,10328,F,7,314.6785437645236,13
9,0.19,112.03575138504155,11552,F,7,302.9778393351801,14
10,0.21000000000000002,113.95813808184943,12804,F,7,234.3017806935333,12
11,0.22999999999999998,120.39511741122566,13968,F,7,304.2668957617411,17
12,0.25,122.06289929526444,15183,F,7,246.98676150958312,15
13,0.27,119.26210340417758,16421,F,7,243.59052432860364,16
14,0.29000000000000004,112.30887110505704,17619,F,7,312.1630058459618,22
15,0.31,109.69234853714225,18833,F,7,238.9422821642861,18
16,0.33,109.86313058230627,20041,F,7,261.9629758994062,21
17,0.35,109.63410393759985,21282,F,7,223.19330889953952,19
18,0.37,109.59383193351998,22503,F,7,188.86370706128073,17
19,0.39,108.87799123693966,23736,F,7,263.31311088641723,25
20,0.41000000000000003,108.13765556001606,24910,F,7,250.90325170614213,25
21,0.43,108.94733014354067,26125,F,7,354.066985645933,37
22,0.45,111.30791146175761,27378,F,7,337.8625173496968,37
23,0.47,111.52770485491267,28569,F,7,245.0208267702755,28
24,0.49,112.25556673373575,29820,F,7,318.57813547954396,38
25,0.51,115.18222867279471,31005,F,7,274.1493307531044,34
26,0.53,112.42988505747127,32190,F,7,326.18825722274,42
27,0.55,111.49279098348372,33361,F,7,337.2201073109319,45
28,0.5700000000000001,109.96039318555245,34691,F,7,288.2592026750454,40
29,0.59,108.21769314411576,35867,F,7,292.74820865977085,42
30,0.61,106.78273649013052,37084,F,7,343.8140437924712,51
31,0.63,105.80813907958965,38309,F,7,319.7682006839124,49
32,0.65,106.46305107050665,39514,F,7,379.61228931517945,60
33,0.67,106.63115397830462,40746,F,7,282.2362931330683,46
34,0.69,107.72968332697444,41936,F,7,327.8805799313239,55
35,0.71,106.6036150712831,43208,F,7,266.15441584891687,46
36,0.73,105.89591086451496,44337,F,7,270.6543067866567,48
37,0.75,104.91898767489802,45598,F,7,307.0310101320233,56
38,0.77,103.08691656693452,46792,F,7,240.4257137972303,45
39,0.79,102.65883750494967,47983,F,7,260.50893024612884,50
40,0.81,104.14940591042958,49235,F,7,284.35056362343863,56
41,0.83,105.38647478553676,49892,F,7,260.56281568187285,52
42,0.85,109.13776466366282,50158,F,7,264.16523784839904,53
43,0.87,110.73504877079931,45314,F,7,281.3699960277177,51
44,0.89,111.21214154366085,40242,F,7,273.3462551563044,44
45,0.91,111.14736111481886,37459,F,7,293.65439547238316,44
46,0.9299999999999999,109.30140145985402,34250,F,7,335.7664233576643,46
47,0.95,109.32751919907969,32163,F,7,272.0517364673694,35
48,0.97,109.54297421888339,29285,F,7,230.49342666894316,27
49,0.99,111.49206291281976,27403,F,7,282.81575010035397,31
0,0.01,137.91940298507464,670,F,8,0.0,0
1,0.03,131.61446977205154,2018,F,8,247.77006937561944,2
2,0.05,124.33560628520605,3373,F,8,296.471983397569,4
3,0.07,131.02467560093598,4701,F,8,425.4413954477771,8
4,0.09,128.00264244426094,6055,F,8,454.1701073492981,11
5,0.11,125.96195358877496,7412,F,8,269.83270372369134,8
6,0.13,125.44826007326007,8736,F,8,286.1721611721612,10
7,0.15000000000000002,125.03389830508475,10089,F,8,346.9124789374567,14
8,0.16999999999999998,124.75347252555255,11447,F,8,414.9558836376344,19
9,0.19,119.20826148299106,12758,F,8,352.7198620473428,18
10,0.21000000000000002,116.88865323435843,14145,F,8,265.1113467656416,15
11,0.22999999999999998,117.37392485287461,15463,F,8,355.6877708077346,22
12,0.25,119.62860369731915,16823,F,8,282.3515425310587,19
13,0.27,118.96611474778591,18179,F,8,302.5468947686891,22
14,0.29000000000000004,117.04963848007795,19501,F,8,346.1360955848418,27
15,0.31,116.85164940544688,20856,F,8,275.7000383582662,23
16,0.33,117.34433091776567,22217,F,8,371.3372642571004,33
17,0.35,118.90763410694551,23526,F,8,286.9166029074216,27
18,0.37,118.47730923694779,24900,F,8,361.44578313253015,36
19,0.39,116.80424087563404,26221,F,8,371.83936539414975,39
20,0.41000000000000003,115.42405453424708,27579,F,8,380.7244642662896,42
21,0.43,114.77000897728057,28962,F,8,414.33602651750573,48
22,0.45,113.6356660933986,30236,F,8,363.8047360762006,44
23,0.47,114.63083683727989,31631,F,8,371.4710252600297,47
24,0.49,113.86211285532457,32998,F,8,378.8108370204255,50
25,0.51,114.19784130688448,34280,F,8,452.15869311551927,62
26,0.53,113.16398867109727,35661,F,8,420.6275763439051,60
27,0.55,113.42725946734375,37022,F,8,479.44465452973907,71
28,0.5700000000000001,114.10521371535933,38322,F,8,521.8934293617244,80
29,0.59,114.27203567020177,39697,F,8,503.81640930045097,80
30,0.61,114.72337054550772,41026,F,8,499.68312777263196,82
31,0.63,114.57755915728879,42387,F,8,460.0467124354165,78
32,0.65,114.01787469427873,43749,F,8,525.7263023154816,92
33,0.67,114.01549011340184,45061,F,8,393.91047690907885,71
34,0.69,113.94029207771507,46426,F,8,387.71378107095165,72
35,0.71,114.07255414879147,47785,F,8,460.3955216071989,88
36,0.73,113.24546640042381,49078,F,8,463.5478218346306,91
37,0.75,111.3105688480431,50488,F,8,391.1820630644906,79
38,0.77,110.45005501187099,51807,F,8,453.60665547126837,94
39,0.79,109.15699086714999,53105,F,8,433.1042274738725,92
40,0.81,107.47070692248431,54518,F,8,343.9231079643421,75
41,0.83,105.14849516302401,55820,F,8,416.5173772841276,93
42,0.85,102.45381090629263,57178,F,8,319.1787050963657,73
43,0.87,101.62791174260536,58556,F,8,324.47571555434115,76
44,0.89,104.9901430098904,59856,F,8,304.89842288158246,73
45,0.91,108.07971192004311,61233,F,8,277.6280763640521,68
46,0.9299999999999999,110.40548225659691,61544,F,8,239.66593006629407,59
47,0.95,111.46831252364737,52860,F,8,288.49791903140374,61
48,0.97,117.53626315557709,45418,F,8,231.18587344224755,42
49,0.99,126.9438714795716,40336,F,8,198.33399444664818,32
0,0.01,115.83655274888558,673,F,9,0.0,0
1,0.03,120.19911067193677,2024,F,9,617.5889328063242,5
2,0.05,117.54164205552274,3386,F,9,295.33372711163616,4
3,0.07,120.42414597920644,4713,F,9,265.2238489284956,5
4,0.09,119.29233305853256,6065,F,9,206.10057708161582,5
5,0.11,119.63084363245567,7444,F,9,335.8409457281032,10
6,0.13,119.68942680977392,8758,F,9,485.2706097282485,17
7,0.15000000000000002,117.36169581974504,10119,F,9,271.76598478110486,11
8,0.16999999999999998,118.3505091826965,11489,F,9,478.71877447993734,22
9,0.19,117.99531469623614,12806,F,9,370.919881305638,19
10,0.21000000000000002,116.45238431151242,14176,F,9,370.3442437923251,21
11,0.22999999999999998,115.75507050415298,15531,F,9,338.0336101989569,21
12,0.25,115.26487159717692,16861,F,9,489.29482237115246,33
13,0.27,114.71264683280272,18218,F,9,274.4538368646394,20
14,0.29000000000000004,114.96380806533946,19590,F,9,331.8019397651863,26
15,0.31,113.33059194797742,20914,F,9,358.61145644066175,30
16,0.33,111.57638608305275,22275,F,9,314.25364758698095,28
17,0.35,110.81702307855177,23615,F,9,402.2866821935211,38
18,0.37,112.11907338383232,24951,F,9,360.7069856919563,36
19,0.39,110.81214169102851,26339,F,9,265.76559474543456,28
20,0.41000000000000003,109.13258889852558,27672,F,9,352.3417172593235,39
21,0.43,109.22932330827068,28994,F,9,465.6135752224598,54
22,0.45,108.29299446931789,30376,F,9,386.81854095338423,47
23,0.47,107.7765454660029,31738,F,9,346.5876866847313,44
24,0.49,107.99543116490166,33050,F,9,347.95763993948566,46
25,0.51,106.93504531722054,34424,F,9,341.33162909597957,47
26,0.53,108.2083904349042,35755,F,9,363.5855125157321,52
27,0.55,110.9011770409675,37127,F,9,289.54669108734885,43
28,0.5700000000000001,111.80510434805208,38477,F,9,318.37201445019105,49
29,0.59,110.39791483481974,39805,F,9,320.3115186534355,51
30,0.61,108.25261239368166,41150,F,9,352.3693803159174,58
31,0.63,109.3637731590332,42532,F,9,305.65221480297186,52
32,0.65,110.61125932006293,43857,F,9,307.8185922429715,54
33,0.67,110.44963384145667,45199,F,9,282.08588685590394,51
34,0.69,110.64383502853954,46602,F,9,380.884940560491,71
35,0.71,111.80939653372312,47890,F,9,302.77719774483194,58
36,0.73,112.8874472059779,49248,F,9,380.7261208576998,75
37,0.75,111.8833889470255,50647,F,9,394.8901218236026,80
38,0.77,110.41986143187067,51960,F,9,370.47729022324864,77
39,0.79,109.75736191137554,53281,F,9,361.29201779245886,77
40,0.81,108.51532878740791,54701,F,9,315.3507248496371,69
41,0.83,107.32078065852438,56004,F,9,366.0452824798229,82
42,0.85,106.92650007846967,57347,F,9,261.565557047448,60
43,0.87,111.42521534847299,58742,F,9,268.1216165605529,63
44,0.89,113.61231225163333,59388,F,9,252.57627803596688,60
45,0.91,114.44992790194665,55480,F,9,256.8493150684932,57
46,0.9299999999999999,110.74564076519384,47256,F,9,238.06500761808024,45
47,0.95,108.85871193210184,42063,F,9,202.07783562751112,34
48,0.97,111.33226921351871,37903,F,9,230.8524391209139,35
49,0.99,118.99285550983082,34992,F,9,228.62368541380891,32
0,0.01,138.7051094890511,685,F,10,0.0,0
1,0.03,133.76598837209303,2064,F,10,242.2480620155039,2
2,0.05,131.38114634855978,3437,F,10,72.73785277858597,1
3,0.07,129.0489277534874,4803,F,10,156.1524047470331,3
4,0.09,128.66968033580883,6194,F,10,80.72328059412335,2
5,0.11,128.1872683959767,7556,F,10,165.43144520910536,5
6,0.13,121.77672076105205,8935,F,10,195.85898153329603,7
7,0.15000000000000002,128.01775664661363,10306,F,10,194.06171162429655,8
8,0.16999999999999998,127.45879332477536,11685,F,10,128.36970474967907,6
9,0.19,126.02067381316998,13060,F,10,191.42419601837673,10
10,0.21000000000000002,120.40116440255059,14428,F,10,86.63709453839756,5
11,0.22999999999999998,117.20755313765183,15808,F,10,237.22165991902835,15
12,0.25,114.95888655951549,17172,F,10,189.2615886326578,13
13,0.27,116.89703268889008,18569,F,10,215.41278474877487,16
14,0.29000000000000004,116.1009381427783,19933,F,10,175.588220538805,14
15,0.31,113.61668545659526,21288,F,10,187.89928598271328,16
16,0.33,115.70139256125506,22692,F,10,253.39326634937422,23
17,0.35,116.62813046010483,24038,F,10,322.4061901988518,31
18,0.37,112.17161391782976,25435,F,10,265.382347159426,27
19,0.39,112.10190607631766,26809,F,10,317.0577045022194,34
20,0.41000000000000003,114.3953281976641,28169,F,10,230.7501153750577,26
21,0.43,113.31108555190961,29561,F,10,304.4551943438991,36
22,0.45,111.95498527555742,30901,F,10,291.25271026827613,36
23,0.47,108.85401324339378,32318,F,10,363.5744786187264,47
24,0.49,107.50509431159958,33665,F,10,259.9138571216397,35
25,0.51,107.71212553495008,35050,F,10,306.7047075606277,43
26,0.53,107.41019517417442,36429,F,10,322.5452249581378,47
27,0.55,107.50705119724832,37795,F,10,377.03399920624423,57
28,0.5700000000000001,108.41108132260948,39165,F,10,363.84527001148984,57
29,0.59,110.41883525320047,40541,F,10,265.16366147850323,43
30,0.61,110.3907516932176,41932,F,10,268.29151960316705,45
31,0.63,109.59872479035276,43287,F,10,346.52436066255456,60
32,0.65,109.91928301295678,44687,F,10,318.88468682167075,57
33,0.67,109.57927650149824,46054,F,10,352.8466582707257,65
34,0.69,108.28407124467142,47386,F,10,353.4799307812434,67
35,0.71,108.27499743931169,48815,F,10,384.1032469527809,75
36,0.73,108.52185095099486,50158,F,10,428.6454802823079,86
37,0.75,108.62268653241765,51546,F,10,421.95320684437206,87
38,0.77,108.80073689182805,52925,F,10,410.95890410958907,87
39,0.79,108.31414567632805,54271,F,10,359.30791767242175,78
40,0.81,109.99455799418082,55678,F,10,350.22809727360897,78
41,0.83,110.71765841671055,56970,F,10,381.7798841495524,87
42,0.85,111.35562766991181,54543,F,10,307.0971527052051,67
43,0.87,112.11701173552142,52405,F,10,319.62598988646124,67
44,0.89,112.47419736064604,50770,F,10,280.67756549143195,57
45,0.91,111.01571135674808,44872,F,10,272.99875200570517,49
46,0.9299999999999999,109.27501686530245,40023,F,10,249.85633260875,40
47,0.95,109.32646121147715,37640,F,10,278.95855472901167,42
48,0.97,109.4144952299587,35115,F,10,263.4201908016517,37
49,0.99,107.86191475768915,32871,F,10,258.58659608773695,34
0,0.01,125.03066037735849,424,F,11,589.622641509434,1
1,0.03,124.98737174427782,1267,F,11,197.31649565903712,1
2,0.05,126.53133903133903,2106,F,11,593.5422602089269,5
3,0.07,125.89079878665318,2967,F,11,505.5611729019211,6
4,0.09,125.65805431057211,3793,F,11,593.1979963089902,9
5,0.11,125.92670381483069,4666,F,11,535.7908272610373,10
6,0.13,126.24931706428701,5491,F,11,637.4066654525589,14
7,0.15000000000000002,127.58471498499921,6333,F,11,434.23338070424757,11
8,0.16999999999999998,127.00583495415393,7198,F,11,486.246179494304,14
9,0.19,126.44834478450969,8005,F,11,593.3791380387258,19
10,0.21000000000000002,126.69668725435149,8905,F,11,393.0376193149916,14
11,0.22999999999999998,125.76257213520198,9704,F,11,463.72629843363563,18
12,0.25,125.45178385539889,10567,F,11,449.5126336708621,19
13,0.27,124.44611748227261,11423,F,11,393.94204674778956,18
14,0.29000000000000004,124.84750061359732,12223,F,11,511.331097112002,25
15,0.31,123.61694347097364,13126,F,11,495.20036568642394,26
16,0.33,124.32099031216362,13935,F,11,520.2726946537496,29
17,0.35,123.13749746501723,14793,F,11,422.4971270195363,25
18,0.37,123.64450977885721,15646,F,11,575.2268950530487,36
19,0.39,123.12853064447549,16463,F,11,349.26805563991985,23
20,0.41000000000000003,123.15381956446595,17358,F,11,403.27226639013713,28
21,0.43,122.61928878123967,18166,F,11,289.0014312451833,21
22,0.45,123.88186408584052,19012,F,11,499.68440984641285,38
23,0.47,122.51981891348089,19880,F,11,326.9617706237425,26
24,0.49,123.56078924460779,20678,F,11,374.79446755005324,31
25,0.51,123.64052075611563,21584,F,11,416.97553743513714,36
26,0.53,121.61942831621259,22390,F,11,290.3081732916481,26
27,0.55,121.93047069959556,23242,F,11,451.7683504001377,42
28,0.5700000000000001,120.51354828001162,24099,F,11,311.2162330387153,30
29,0.59,121.01742761916235,24903,F,11,411.5969963458218,41
30,0.61,120.76086029839179,25805,F,11,339.08157333850033,35
31,0.63,119.86626836508474,26613,F,11,272.4232517942359,29
32,0.65,119.94019582863174,27473,F,11,291.1949914461471,32
33,0.67,120.90928657116646,28342,F,11,396.9374073812716,45
34,0.69,119.95637987291774,29115,F,11,283.3590932509016,33
35,0.71,120.4224536651915,30053,F,11,349.382757129072,42
36,0.73,121.05019305019304,30821,F,11,340.6768112650466,42
37,0.75,120.90497666204112,31708,F,11,362.68449602623946,46
38,0.77,119.68998341828902,32566,F,11,345.4523122274765,45
39,0.79,120.18474871056735,33348,F,11,337.3515653112631,45
40,0.81,118.74352392065344,34280,F,11,415.69428238039677,57
41,0.83,113.16322921123948,35055,F,11,335.18756240193983,47
42,0.85,110.95178844815588,35925,F,11,215.72720946416146,31
43,0.87,111.81945992983982,36773,F,11,271.9386506404155,40
44,0.89,112.23968173714043,37579,F,11,219.53750765054951,33
45,0.91,119.47245762711864,37760,F,11,225.10593220338987,34
46,0.9299999999999999,125.95940815187046,35820,F,11,328.0290340591848,47
47,0.95,131.05700393747762,33524,F,11,201.34828779381937,27
48,0.97,134.68428940762112,26689,F,11,234.1788751920267,25
49,0.99,133.72055927530525,20312,F,11,209.23591965340685,17
0,0.01,125.21804511278195,399,F,12,626.5664160401003,1
1,0.03,124.98999165971642,1199,F,12,208.5070892410342,1
2,0.05,123.5140562248996,1992,F,12,251.00401606425706,2
3,0.07,123.67453505007153,2796,F,12,625.8941344778254,7
4,0.09,123.7768156424581,3580,F,12,349.1620111731844,5
5,0.11,124.18765657025735,4391,F,12,626.2810293782737,11
6,0.13,123.20985752791682,5194,F,12,433.1921447824413,9
7,0.15000000000000002,122.104037527224,5969,F,12,376.94756240576316,9
8,0.16999999999999998,122.25029498525073,6780,F,12,737.4631268436578,20
9,0.19,122.08201476793249,7584,F,12,362.6054852320675,11
10,0.21000000000000002,122.5400023846429,8387,F,12,357.69643495886487,12
11,0.22999999999999998,122.42656045395024,9164,F,12,409.2099519860323,15
12,0.25,122.39093825180433,9976,F,12,375.90216519647157,15
13,0.27,121.36433748373908,10762,F,12,394.90800966363133,17
14,0.29000000000000004,120.98297762032317,11573,F,12,367.2340793225611,17
15,0.31,120.08382507477164,12371,F,12,343.54538840837444,17
16,0.33,119.60437723231249,13159,F,12,379.96808268105485,20
17,0.35,118.63142816215442,13962,F,12,358.1148832545481,20
18,0.37,118.64117686936478,14751,F,12,322.01206697850995,19
19,0.39,117.58421763457457,15549,F,12,418.0333140394881,26
20,0.41000000000000003,116.41709464416728,16356,F,12,305.69821472242603,20
21,0.43,116.62343413156208,17163,F,12,320.4567965973315,22
22,0.45,116.57070340826687,17927,F,12,390.47247169074586,28
23,0.47,115.57086509247908,18761,F,12,386.4399552262673,29
24,0.49,114.54816748566749,19536,F,12,332.71908271908273,26
25,0.51,114.42459966597897,20358,F,12,331.56498673740055,27
26,0.53,114.79609996213556,21128,F,12,354.9791745550928,30
27,0.55,115.34206927985414,21940,F,12,250.68368277119419,22
28,0.5700000000000001,115.82383465259454,22740,F,12,307.82761653474057,28
29,0.59,115.4197441672687,23531,F,12,339.9770515490204,32
30,0.61,115.75756454530504,24324,F,12,441.95033711560603,43
31,0.63,112.64463894967177,25135,F,12,188.97951064253036,19
32,0.65,113.48621128553246,25927,F,12,298.91618775793575,31
33,0.67,114.98989520958084,26720,F,12,374.2514970059881,40
34,0.69,114.90331140271164,27511,F,12,281.7054996183345,31
35,0.71,115.02242073299908,28322,F,12,353.082409434362,40
36,0.73,114.6053525476068,29145,F,12,317.37862412077544,37
37,0.75,114.5108120773917,29874,F,12,393.3186048068555,47
38,0.77,113.64143452225983,30728,F,12,325.4360843530331,40
39,0.79,112.93640316080099,31511,F,12,412.5543461013615,52
40,0.81,112.20727441572512,32305,F,12,371.45952638910387,48
41,0.83,109.83233171262042,33113,F,12,286.8963851055477,38
42,0.85,108.24316432174143,33903,F,12,376.0729139014247,51
43,0.87,105.64566702210438,34699,F,12,324.21683622006395,45
44,0.89,106.2169675802045,35503,F,12,239.4163873475481,34
45,0.91,114.40281682376936,36282,F,12,310.07110964114435,45
46,0.9299999999999999,120.4394419265003,36626,F,12,307.15884890514934,45
47,0.95,124.54961059409003,35567,F,12,246.01456406219248,35
48,0.97,128.70870799001676,29249,F,12,247.87172211015763,29
49,0.99,130.22236219104295,23021,F,12,271.49124712219276,25
0,0.01,119.72264631043257,393,F,13,0.0,0
1,0.03,119.94935622317597,1165,F,13,643.7768240343347,3
2,0.05,118.26769230769231,1950,F,13,512.8205128205128,4
3,0.07,116.71715328467154,2740,F,13,364.9635036496351,4
4,0.09,119.06205522345573,3513,F,13,355.8212354113294,5
5,0.11,117.38475923328659,4278,F,13,525.9467040673212,9
6,0.13,117.6009083728278,5064,F,13,493.68088467614535,10
7,0.15000000000000002,118.58800477082978,5869,F,13,681.5471119441131,16
8,0.16999999999999998,118.77670634322736,6637,F,13,527.3466927828839,14
9,0.19,119.96985264296336,7397,F,13,439.3673110720562,13
10,0.21000000000000002,119.41352373977786,8193,F,13,549.249359209081,18
11,0.22999999999999998,118.5499387596036,8981,F,13,445.38470103551947,16
12,0.25,118.86135874577313,9759,F,13,384.260682446972,15
13,0.27,118.37198251283026,10522,F,13,522.714312868276,22
14,0.29000000000000004,116.18448748562837,11307,F,13,309.54276112142924,14
15,0.31,115.9643919365499,12104,F,13,433.74091209517513,21
16,0.33,116.61691387745593,12877,F,13,407.70365768424324,21
17,0.35,113.93836017569546,13660,F,13,274.5241581259151,15
18,0.37,112.78732404132862,14421,F,13,502.73906109146384,29
19,0.39,113.77197477335436,15222,F,13,279.2011562212587,17
20,0.41000000000000003,114.94970007498125,16004,F,13,343.6640839790052,22
21,0.43,115.17700697300197,16779,F,13,357.5898444484177,24
22,0.45,115.59529921843802,17529,F,13,342.28991956186894,24
23,0.47,115.53474682509402,18347,F,13,340.6551479805963,25
24,0.49,115.7659507759837,19137,F,13,457.22945080211116,35
25,0.51,115.62073820778437,19886,F,13,352.00643668912807,28
26,0.53,116.039941902687,20655,F,13,423.6262406197047,35
27,0.55,115.28863530507685,21470,F,13,337.6804843968328,29
28,0.5700000000000001,115.3038048605184,22261,F,13,426.7553119805939,38
29,0.59,115.38394643012435,22998,F,13,434.8204191668841,40
30,0.61,115.64420689364925,23761,F,13,378.77193720803,36
31,0.63,115.61086947685054,24601,F,13,426.81191821470674,42
32,0.65,114.36927744070601,25382,F,13,354.5819872350485,36
33,0.67,114.70518019741372,26138,F,13,449.5370724615503,47
34,0.69,114.5162693838087,26891,F,13,399.7620021568555,43
35,0.71,113.69891735835438,27710,F,13,387.94658967881634,43
36,0.73,112.51498666292292,28492,F,13,324.6525340446441,37
37,0.75,111.95064766396665,29259,F,13,341.7751802864076,40
38,0.77,112.81148032230139,30034,F,13,441.1666777651995,53
39,0.79,112.36709189469926,30807,F,13,381.40682312461456,47
40,0.81,111.70112252964427,31625,F,13,442.6877470355731,56
41,0.83,109.21848843314699,32377,F,13,316.5827593662168,41
42,0.85,106.94065496652796,33162,F,13,301.54996682950366,40
43,0.87,105.17343837597002,33891,F,13,272.93381723761473,37
44,0.89,105.99726665899414,34756,F,13,266.14109793992407,37
45,0.91,112.26676988036594,35525,F,13,401.12596762843066,57
46,0.9299999999999999,115.43270666298037,36170,F,13,304.11943599668234,44
47,0.95,119.43807146381818,34451,F,13,268.4972860004064,37
48,0.97,124.54568820641249,30347,F,13,214.18921145418,26
49,0.99,126.23939393939393,21120,F,13,260.4166666666667,22
0,0.01,123.94103773584905,424,F,14,0.0,0
1,0.03,123.65822784810126,1264,F,14,593.3544303797469,3
2,0.05,122.57384760112888,2126,F,14,352.7751646284102,3
3,0.07,120.62973065121037,2933,F,14,511.42175247187186,6
4,0.09,119.89203354297693,3816,F,14,393.0817610062893,6
5,0.11,118.67269205939316,4647,F,14,430.38519474930064,8
6,0.13,118.75383211678832,5480,F,14,547.4452554744526,12
7,0.15000000000000002,117.79767149150409,6356,F,14,314.66331025802396,8
8,0.16999999999999998,116.76174496644295,7152,F,14,524.3288590604027,15
9,0.19,118.3409599602089,8042,F,14,621.7358865953744,20
10,0.21000000000000002,118.58867967076333,8869,F,14,535.5733453602435,19
11,0.22999999999999998,118.99114679843525,9714,F,14,591.9291743874819,23
12,0.25,117.3164461247637,10580,F,14,472.5897920604915,20
13,0.27,115.35186160871092,11388,F,14,307.34106076571834,14
14,0.29000000000000004,114.3674084943344,12267,F,14,509.4970245373767,25
15,0.31,115.67978300733496,13088,F,14,477.536674816626,25
16,0.33,116.63685948040764,13934,F,14,466.4848571838668,26
17,0.35,115.67198162286331,14801,F,14,439.1595162489021,26
18,0.37,114.73448717948718,15600,F,14,432.69230769230774,27
19,0.39,114.63636363636364,16489,F,14,363.8789496027655,24
20,0.41000000000000003,114.75924428010168,17308,F,14,491.1023804021262,34
21,0.43,114.3141205615194,18165,F,14,399.11918524635286,29
22,0.45,114.82138543143742,19041,F,14,354.4981881203718,27
23,0.47,115.4860949881391,19813,F,14,391.15732095089083,31
24,0.49,114.98276943867947,20719,F,14,337.8541435397462,28
25,0.51,114.12374007153143,21529,F,14,336.75507455060614,29
26,0.53,114.51377416618297,22397,F,14,413.001741304639,37
27,0.55,113.33096835225318,23256,F,14,300.99759201926383,28
28,0.5700000000000001,113.24102244389027,24060,F,14,322.1113881961763,31
29,0.59,113.15736508700185,24942,F,14,400.9301579664823,40
30,0.61,113.06810411810412,25740,F,14,310.8003108003108,32
31,0.63,112.69481470356325,26633,F,14,328.53978147411107,35
32,0.65,112.64872345849875,27457,F,14,373.31099537458573,41
33,0.67,112.67319660537483,28280,F,14,282.88543140028287,32
34,0.69,112.12590458551978,29157,F,14,360.11935384298795,42
35,0.71,112.3017721856957,29963,F,14,342.08857591028936,41
36,0.73,111.42371508198846,30858,F,14,340.26832587983665,42
37,0.75,111.89868425204304,31693,F,14,394.4088600006311,50
38,0.77,110.18821900953553,32510,F,14,322.9775453706552,42
39,0.79,111.0622622862448,33391,F,14,329.43008595130425,44
40,0.81,112.43007985024423,34189,F,14,380.2392582409547,52
41,0.83,113.85512367491167,35092,F,14,327.71001937763594,46
42,0.85,115.54875264029229,35034,F,14,428.1555060798082,60
43,0.87,116.39389361763936,34423,F,14,370.39188914388643,51
44,0.89,114.63605650117442,31079,F,14,378.06879243218896,47
45,0.91,112.7913828998906,28339,F,14,335.22707223261233,38
46,0.9299999999999999,111.77582368655388,26952,F,14,361.75422974176314,39
47,0.95,110.45830399749667,25566,F,14,361.8086521160917,37
48,0.97,113.63365243004418,24444,F,14,286.368843069874,28
49,0.99,118.18697308169641,23367,F,14,235.3746736851115,22
0,0.01,118.76962025316456,395,F,15,0.0,0
1,0.03,117.70361041141898,1191,F,15,209.90764063811923,1
2,0.05,114.86053562405255,1979,F,15,378.9792824658919,3
3,0.07,114.20505415162455,2770,F,15,451.2635379061372,5
4,0.09,115.12661064425771,3570,F,15,420.1680672268908,6
5,0.11,115.60572082379862,4370,F,15,400.4576659038902,7
6,0.13,115.35,5140,F,15,632.295719844358,13
7,0.15000000000000002,112.54724940938239,5926,F,15,253.1218359770503,6
8,0.16999999999999998,113.59498367468092,6738,F,15,408.13297714455325,11
9,0.19,113.02225755166931,7548,F,15,364.33492315845257,11
10,0.21000000000000002,113.01636385513176,8311,F,15,391.04800866321744,13
11,0.22999999999999998,112.75862068965517,9106,F,15,494.179661761476,18
12,0.25,112.98839907192576,9913,F,15,453.94935942701505,18
13,0.27,111.78780237227981,10707,F,15,396.9365835434763,17
14,0.29000000000000004,113.05221477678182,11491,F,15,348.09851187886176,16
15,0.31,113.19952726383568,12269,F,15,387.15461732822564,19
16,0.33,112.90158535651375,13057,F,15,440.376809374282,23
17,0.35,112.21696209828505,13878,F,15,414.32483066724313,23
18,0.37,112.25914571837319,14679,F,15,374.6849240411472,22
19,0.39,112.6635163127913,15448,F,15,517.8663904712585,32
20,0.41000000000000003,113.34995684872395,16222,F,15,339.04574035260754,22
21,0.43,113.04680626429703,17049,F,15,337.2631825913544,23
22,0.45,112.9970323086399,17859,F,15,321.9665154823898,23
23,0.47,113.45883744690003,18597,F,15,430.17691025434215,32
24,0.49,112.42748839608045,19390,F,15,348.11758638473447,27
25,0.51,111.53773444845845,20207,F,15,321.670708170436,26
26,0.53,112.18752379139703,21016,F,15,463.9322421012562,39
27,0.55,113.40465265669451,21794,F,15,344.1314123153162,30
28,0.5700000000000001,113.29884853852967,22580,F,15,298.9371124889283,27
29,0.59,113.09815924657535,23360,F,15,385.2739726027397,36
30,0.61,113.02096254031258,24186,F,15,361.7795418837344,35
31,0.63,111.91355898257561,24965,F,15,330.46264770678954,33
32,0.65,112.55211650485437,25750,F,15,417.4757281553398,43
33,0.67,111.94824594492644,26510,F,15,320.6337231233497,34
34,0.69,112.18097396899678,27352,F,15,347.3237788827143,38
35,0.71,110.84041344036372,28154,F,15,319.67038431483985,36
36,0.73,111.31690116500155,28927,F,15,440.76468351367237,51
37,0.75,110.96456122620852,29685,F,15,387.40104429846724,46
38,0.77,110.92703384554896,30521,F,15,409.5540775203958,50
39,0.79,109.55890900961323,31311,F,15,375.2674778831721,47
40,0.81,107.96150132378135,32105,F,15,428.2821990344183,55
41,0.83,108.07868213513596,32841,F,15,441.52126914527577,58
42,0.85,108.92800712800712,33670,F,15,378.6753786753787,51
43,0.87,110.56440009282896,34472,F,15,362.6131352982131,50
44,0.89,111.51673420806529,35287,F,15,283.3904837475558,40
45,0.91,113.7158569325366,34641,F,15,331.9765595681418,46
46,0.9299999999999999,114.67924766473112,31688,F,15,370.80282756879575,47
47,0.95,117.20926026406222,27645,F,15,361.72906493036714,40
48,0.97,121.42362802989635,24217,F,15,320.02312425155884,31
49,0.99,125.38095907090006,21354,F,15,245.8555774093847,21
0,0.01,134.74519230769232,416,F,16,0.0,0
1,0.03,136.89613526570048,1242,F,16,402.5764895330113,2
2,0.05,136.56867469879518,2075,F,16,843.3734939759036,7
3,0.07,131.83107873742628,2883,F,16,260.1456815816858,3
4,0.09,128.3287123433751,3751,F,16,399.8933617701946,6
5,0.11,131.61665565102444,4539,F,16,605.8603216567526,11
6,0.13,131.5880718651602,5399,F,16,370.4389701796629,8
7,0.15000000000000002,134.7650290885585,6188,F,16,484.8093083387201,12
8,0.16999999999999998,135.26135559643413,7067,F,16,530.6353473892741,15
9,0.19,135.46822870240672,7853,F,16,286.51470775499814,9
10,0.21000000000000002,136.30752466161962,8718,F,16,573.5260380821289,20
11,0.22999999999999998,134.48111917534447,9507,F,16,420.7426107078995,16
12,0.25,134.59807228915662,10375,F,16,481.9277108433736,20
13,0.27,135.16811231333273,11183,F,16,424.7518554949477,19
14,0.29000000000000004,135.29392678868552,12020,F,16,499.1680532445924,24
15,0.31,137.07742741180144,12812,F,16,643.9275679050891,33
16,0.33,135.30161396333892,13693,F,16,474.695099685971,26
17,0.35,136.19272953024765,14497,F,16,620.8181002966131,36
18,0.37,135.96477495107632,15330,F,16,505.54468362687544,31
19,0.39,138.8550275695434,16141,F,16,542.0977634595131,35
20,0.41000000000000003,137.7290979745643,16984,F,16,559.3499764484221,38
21,0.43,139.48066887380057,17821,F,16,505.02216486168004,36
22,0.45,138.21046985625404,18644,F,16,576.5930057927483,43
23,0.47,139.95353618421052,19456,F,16,552.5287828947369,43
24,0.49,141.79737853552774,20294,F,16,591.3077756972505,48
25,0.51,140.59406034238154,21146,F,16,449.2575427976923,38
26,0.53,141.62619080176853,21939,F,16,603.9473084461462,53
27,0.55,140.80111467064555,22787,F,16,515.6448852415851,47
28,0.5700000000000001,140.7853813559322,23600,F,16,656.7796610169491,62
29,0.59,140.16644865925443,24464,F,16,541.6121648136037,53
30,0.61,139.88958415841583,25250,F,16,534.6534653465347,54
31,0.63,138.7831514455294,26115,F,16,660.5399195864446,69
32,0.65,139.87287410219196,26871,F,16,614.0448810985821,66
33,0.67,137.5897094779232,27812,F,16,494.39091039838917,55
34,0.69,137.6726113310676,28541,F,16,630.6716653235696,72
35,0.71,136.71967947847344,29452,F,16,585.6987640907239,69
36,0.73,132.8574410283594,30184,F,16,546.6472303206997,66
37,0.75,129.3009643201543,31110,F,16,570.5560912889746,71
38,0.77,125.69689176049933,31883,F,16,548.8818492613618,70
39,0.79,122.71816239316239,32760,F,16,587.6068376068376,77
40,0.81,118.05580270504285,33493,F,16,500.10449944764576,67
41,0.83,114.36862893154823,34433,F,16,421.1076583510005,58
42,0.85,105.94929513415188,35184,F,16,440.5411550704866,62
43,0.87,104.21222203737592,36066,F,16,242.61076914545555,35
44,0.89,104.70022808732486,36828,F,16,251.1675898772673,37
45,0.91,104.48591966173362,35475,F,16,183.2276250880902,26
46,0.9299999999999999,105.07037229014848,32797,F,16,121.9623746074336,16
47,0.95,107.41910242464648,28499,F,16,122.81132671321801,14
48,0.97,115.05946591587748,23442,F,16,170.63390495691496,16
49,0.99,112.38510698731301,21124,F,16,106.51391781859496,9
0,0.01,124.41394335511983,459,F,17,544.6623093681917,1
1,0.03,123.63616398243046,1366,F,17,366.03221083455344,2
2,0.05,122.89118034225538,2279,F,17,219.3944712593243,2
3,0.07,121.8738229755179,3186,F,17,549.278091650973,7
4,0.09,120.0082805650268,4106,F,17,243.5460301997078,4
5,0.11,120.88062973296134,5018,F,17,298.92387405340776,6
6,0.13,118.28137651821862,5928,F,17,210.86369770580296,5
7,0.15000000000000002,118.73052754639778,6843,F,17,255.73578839690197,7
8,0.16999999999999998,120.33238673034722,7747,F,17,225.89389441073965,7
9,0.19,119.45723835869065,8676,F,17,172.89073305670817,6
10,0.21000000000000002,118.75357777081375,9573,F,17,417.84184686096313,16
11,0.22999999999999998,120.18741658722593,10490,F,17,357.4833174451859,15
12,0.25,120.40659822760375,11397,F,17,219.35597086952708,10
13,0.27,122.4021897810219,12330,F,17,283.86050283860504,14
14,0.29000000000000004,124.25232514177694,13225,F,17,302.4574669187146,16
15,0.31,124.10702412110066,14137,F,17,424.4181933932235,24
16,0.33,125.11751427433276,15062,F,17,414.95153366086845,25
17,0.35,122.70607028753993,15963,F,17,328.8855478293554,21
18,0.37,122.65024601339735,16869,F,17,296.40168356156266,20
19,0.39,123.25506528590725,17768,F,17,337.68572714993246,24
20,0.41000000000000003,124.97722534081797,18705,F,17,360.8660785886127,27
21,0.43,126.36036725325172,19605,F,17,433.56286661565935,34
22,0.45,126.2288763278433,20522,F,17,414.18965013156617,34
23,0.47,127.6691553896407,21430,F,17,384.9743350443304,33
24,0.49,128.73784799928387,22342,F,17,335.69062751767973,30
25,0.51,131.74470279795418,23267,F,17,644.689904156101,60
26,0.53,131.86328642384106,24160,F,17,465.64569536423846,45
27,0.55,132.87412810394994,25089,F,17,538.0844194666986,54
28,0.5700000000000001,133.25437685174498,25989,F,17,500.2116279964601,52
29,0.59,133.69551484523058,26911,F,17,464.49407305562784,50
30,0.61,134.34182719953998,27824,F,17,539.1029327199541,60
31,0.63,134.83729426911165,28739,F,17,469.7449458923415,54
32,0.65,133.61264755480607,29650,F,17,548.0607082630692,65
33,0.67,131.69280361292013,30557,F,17,499.06731681775045,61
34,0.69,131.96008636839932,31493,F,17,476.2963198171022,60
35,0.71,130.96963706563707,32375,F,17,486.48648648648646,63
36,0.73,129.85719004293907,33303,F,17,630.5738221781821,84
37,0.75,127.74862573099415,34200,F,17,533.625730994152,73
38,0.77,125.51712748085082,35119,F,17,491.187106694382,69
39,0.79,123.1300111049417,36020,F,17,555.247084952804,80
40,0.81,116.62745044947471,36932,F,17,453.53622874472,67
41,0.83,113.22039942938659,37854,F,17,336.82041527975906,51
42,0.85,114.17032258064516,38750,F,17,458.06451612903226,71
43,0.87,106.35212403882517,39665,F,17,334.0476490608849,53
44,0.89,105.44575047435993,40581,F,17,295.7048865232498,48
45,0.91,101.17450068663118,41507,F,17,126.4846893295107,21
46,0.9299999999999999,105.32876259705931,42371,F,17,153.40681126242006,26
47,0.95,108.67186375629647,37521,F,17,133.25870845659765,20
48,0.97,111.52127659574468,28294,F,17,141.3727292005372,16
49,0.99,106.43953262749399,23707,F,17,115.99949382039061,11
0,0.01,124.8328530259366,347,F,18,1440.922190201729,2
1,0.03,121.95337773549001,1051,F,18,237.86869647954333,1
2,0.05,120.38606510565391,1751,F,18,999.4288977727014,7
3,0.07,117.48608837970541,2444,F,18,511.4566284779051,5
4,0.09,119.50158027812896,3164,F,18,711.125158027813,9
5,0.11,117.88517745302714,3832,F,18,782.8810020876826,12
6,0.13,116.75415936952714,4568,F,18,492.5569176882662,9
7,0.15000000000000002,115.71270084162204,5228,F,18,478.194338179036,10
8,0.16999999999999998,114.73047267851156,5966,F,18,419.0412336573919,10
9,0.19,117.12074163400663,6634,F,18,376.8465480856196,10
10,0.21000000000000002,114.50237998096016,7353,F,18,441.9964640282878,13
11,0.22999999999999998,114.49900472754416,8038,F,18,373.2271709380443,12
12,0.25,118.31171356668955,8742,F,18,514.7563486616335,18
13,0.27,119.91569705944573,9454,F,18,528.8766659614978,20
14,0.29000000000000004,121.96989141164858,10130,F,18,691.0167818361303,28
15,0.31,122.0293738489871,10860,F,18,460.4051565377532,20
16,0.33,121.95374067002257,11522,F,18,607.5334143377886,28
17,0.35,121.73189409368635,12275,F,18,549.89816700611,27
18,0.37,121.82487623762377,12928,F,18,522.1225247524752,27
19,0.39,121.05292825768667,13660,F,18,622.254758418741,34
20,0.41000000000000003,121.67759029424069,14342,F,18,557.8022590991494,32
21,0.43,121.82035768898345,15041,F,18,498.6370587062031,30
22,0.45,122.16620129458053,15758,F,18,587.0034268308161,37
23,0.47,122.53261465375479,16419,F,18,517.692916742798,34
24,0.49,122.39799603868111,17166,F,18,422.34649889316086,29
25,0.51,122.96187321017463,17809,F,18,561.5138413161885,40
26,0.53,122.87979966611019,18569,F,18,525.0686628251387,39
27,0.55,122.35566312721215,19212,F,18,533.5207162190297,41
28,0.5700000000000001,123.44269685433781,19964,F,18,563.5143257864156,45
29,0.59,123.50317329586746,20641,F,18,496.5844678067923,41
30,0.61,123.33222388899306,21332,F,18,480.4987811738234,41
31,0.63,122.55088355233349,22070,F,18,487.0865428183054,43
32,0.65,122.3247577092511,22700,F,18,473.56828193832604,43
33,0.67,121.6762626692786,23482,F,18,542.9690827016439,51
34,0.69,120.2571167731762,24098,F,18,508.3409411569425,49
35,0.71,120.33594534860357,24885,F,18,542.49547920434,54
36,0.73,120.30194231901119,25485,F,18,559.152442613302,57
37,0.75,118.638472084698,26258,F,18,552.2126589991622,58
38,0.77,118.47652651909077,26924,F,18,492.1259842519685,53
39,0.79,117.74174771322174,27659,F,18,506.1643587982212,56
40,0.81,111.25223190655987,28339,F,18,414.62295776138893,47
41,0.83,108.25417772111773,29023,F,18,335.9404610136788,39
42,0.85,107.46050199926077,29761,F,18,436.8132791236854,52
43,0.87,106.22232472324723,30352,F,18,354.1776489193464,43
44,0.89,104.66478410769989,30455,F,18,279.10031193564276,34
45,0.91,108.08512106179572,30439,F,18,213.5418377739085,26
46,0.9299999999999999,111.35438688352914,30557,F,18,212.71721700428708,26
47,0.95,112.16016265718972,29264,F,18,213.57299070530345,25
48,0.97,112.34527997351323,24163,F,18,196.58155030418408,19
49,0.99,112.73025157883839,19318,F,18,181.17817579459572,14
0,0.01,130.5854214123007,439,F,19,1138.9521640091116,2
1,0.03,128.12357846853678,1319,F,19,568.6125852918879,3
2,0.05,123.94125683060109,2196,F,19,1024.5901639344263,9
3,0.07,126.76077795786061,3085,F,19,567.2609400324149,7
4,0.09,127.44654563792234,3966,F,19,504.28643469490675,8
5,0.11,129.40490542506754,4811,F,19,727.499480357514,14
6,0.13,128.6342229199372,5733,F,19,523.2862375719519,12
7,0.15000000000000002,129.69893939393938,6600,F,19,530.3030303030303,14
8,0.16999999999999998,130.26622942042565,7471,F,19,769.6426181234106,23
9,0.19,129.57728253055356,8346,F,19,688.9527917565301,23
10,0.21000000000000002,129.58008002595437,9247,F,19,757.002271006813,28
11,0.22999999999999998,128.6072029286633,10107,F,19,643.1186306520234,26
12,0.25,127.14671040641517,10974,F,19,637.8713322398396,28
13,0.27,127.27848314134364,11893,F,19,630.623055578912,30
14,0.29000000000000004,127.04267001333437,12749,F,19,509.84390932622165,26
15,0.31,126.40991420400381,13637,F,19,623.3042458018626,34
16,0.33,128.1692180388912,14502,F,19,603.3650530961247,35
17,0.35,128.05363411780002,15382,F,19,682.6160447276037,42
18,0.37,129.89086559106804,16301,F,19,674.8052266732102,44
19,0.39,130.38083007413462,17131,F,19,569.1436576965734,39
20,0.41000000000000003,132.9133622125958,18006,F,19,624.7917360879708,45
21,0.43,133.488537925206,18932,F,19,607.4371434608072,46
22,0.45,133.8313368713672,19785,F,19,694.9709375789739,55
23,0.47,132.52970512758438,20653,F,19,605.2389483368034,50
24,0.49,132.19941498746402,21538,F,19,464.2956634785032,40
25,0.51,131.25327277584825,22458,F,19,612.2539852168493,55
26,0.53,130.85035415325177,23295,F,19,547.3277527366388,51
27,0.55,128.12483960428827,24159,F,19,538.1017426217973,52
28,0.5700000000000001,127.46316964285714,25088,F,19,617.8252551020408,62
29,0.59,127.58398859081097,25944,F,19,443.26241134751774,46
30,0.61,129.96352187197257,26838,F,19,484.38780833147035,52
31,0.63,128.86653652893756,27663,F,19,488.01648411235226,54
32,0.65,128.61621319157865,28594,F,19,402.1822760019585,46
33,0.67,128.96933930267264,29484,F,19,483.3129833129833,57
34,0.69,127.08081274532441,30317,F,19,519.5105056568922,63
35,0.71,125.7167254085229,31210,F,19,520.6664530599168,65
36,0.73,124.22002926252217,32123,F,19,529.2158266662516,68
37,0.75,122.65950092477487,32981,F,19,507.8681665201177,67
38,0.77,121.94921517041591,33829,F,19,546.8680717727394,74
39,0.79,118.42284448025785,34748,F,19,489.2367906066536,68
40,0.81,114.40648057231029,35645,F,19,385.74835180249687,55
41,0.83,112.83577423070594,36462,F,19,418.2436509242499,61
42,0.85,114.6222507625622,37374,F,19,428.1050998020014,64
43,0.87,108.45295347621537,38260,F,19,359.3831677992682,55
44,0.89,99.40932668966398,39135,F,19,223.5850261913888,35
45,0.91,95.89239062823968,38584,F,19,116.62865436450342,18
46,0.9299999999999999,100.4377321546834,34729,F,19,194.36206052578538,27
47,0.95,107.10579954775629,31399,F,19,127.39259212076819,16
48,0.97,106.47432562448776,28063,F,19,106.9023269073157,12
49,0.99,110.87857142857143,24360,F,19,112.88998357963875,11
0,0.01,116.47281323877068,423,F,20,0.0,0
1,0.03,121.75513428120063,1266,F,20,394.9447077409163,2
2,0.05,124.8833805476865,2118,F,20,118.03588290840415,1
3,0.07,130.2794068082238,2967,F,20,505.5611729019211,6
4,0.09,128.52092655962096,3799,F,20,263.2271650434325,4
5,0.11,130.06537634408602,4650,F,20,806.4516129032259,15
6,0.13,131.42407137654772,5492,F,20,546.2490895848507,12
7,0.15000000000000002,130.83874015748032,6350,F,20,590.5511811023622,15
8,0.16999999999999998,130.26270480422104,7202,F,20,416.55095806720357,12
9,0.19,132.72266500622666,8030,F,20,747.1980074719802,24
10,0.21000000000000002,132.27283992339756,8877,F,20,591.4160189253126,21
11,0.22999999999999998,134.2629359119432,9721,F,20,565.7854130233516,22
12,0.25,130.78538985616956,10568,F,20,615.0643451930356,26
13,0.27,131.3866876585323,11433,F,20,612.2627481850783,28
14,0.29000000000000004,130.17221406428456,12258,F,20,509.871104584761,25
15,0.31,132.48406283361294,13114,F,20,762.5438462711606,40
16,0.33,131.34923253478698,13942,F,20,609.6686271697031,34
17,0.35,130.70801835853132,14816,F,20,573.7041036717063,34
18,0.37,131.4604817583541,15651,F,20,686.8570698357934,43
19,0.39,130.65969316596932,16491,F,20,621.5511491116367,41
20,0.41000000000000003,128.78898182867033,17335,F,20,605.7109893279493,42
21,0.43,128.6834121138837,18194,F,20,632.0765087391449,46
22,0.45,127.23576722914366,19023,F,20,643.9573148294171,49
23,0.47,127.298903199839,19876,F,20,553.4312738981687,44
24,0.49,125.30083498238332,20719,F,20,579.1785317824219,48
25,0.51,127.09713914777205,21567,F,20,510.03848472202907,44
26,0.53,126.25192847906541,22427,F,20,490.4802247291212,44
27,0.55,126.32045933508236,23251,F,20,537.611285536106,50
28,0.5700000000000001,124.58845962526944,24124,F,20,435.2512021223678,42
29,0.59,125.41670678863746,24924,F,20,531.6161129834697,53
30,0.61,124.31798449612403,25800,F,20,465.1162790697674,48
31,0.63,122.81300660462324,26648,F,20,422.17051936355455,45
32,0.65,122.62782830120044,27490,F,20,536.5587486358677,59
33,0.67,125.49631224194516,28337,F,20,494.0537106962629,56
34,0.69,129.41544205802762,29193,F,20,462.43962593772477,54
35,0.71,129.9396141828556,29444,F,20,568.8765113435675,67
36,0.73,129.60501900099285,29209,F,20,427.9502892943956,50
37,0.75,123.30127109956946,29266,F,20,401.48978336636367,47
38,0.77,117.80440301881542,28753,F,20,434.7372448092373,50
39,0.79,119.6525184924269,28390,F,20,431.4899612539627,49
40,0.81,115.28625632377741,28464,F,20,351.32096683530074,40
41,0.83,113.84029006627112,28821,F,20,303.5980708511155,35
42,0.85,112.36239409674775,29272,F,20,367.2451489478,43
43,0.87,112.17619487252325,28162,F,20,275.1935231872736,31
44,0.89,113.05850148600031,25572,F,20,273.7368997340842,28
45,0.91,116.16069085213563,23623,F,20,412.73335308809214,39
46,0.9299999999999999,114.91016240046785,22229,F,20,371.13680327500117,33
47,0.95,112.73150245375614,21192,F,20,353.9071347678369,30
48,0.97,111.27539845506992,20454,F,20,354.4538965483524,29
49,0.99,110.65528137225398,19938,F,20,376.16611495636477,30
0,0.01,142.6945945945946,370,F,21,0.0,0
1,0.03,148.49863512283895,1099,F,21,227.4795268425842,1
2,0.05,152.20261437908496,1836,F,21,680.8278867102397,5
3,0.07,146.89867498051441,2566,F,21,487.13951675759944,5
4,0.09,149.1620314389359,3308,F,21,529.0205562273277,7
5,0.11,148.7490099009901,4040,F,21,495.049504950495,8
6,0.13,145.37457983193278,4760,F,21,525.2100840336135,10
7,0.15000000000000002,150.94523032281467,5514,F,21,544.069640914037,12
8,0.16999999999999998,149.42173703644244,6229,F,21,561.8879434901269,14
9,0.19,151.35551738943752,6987,F,21,357.80735651925005,10
10,0.21000000000000002,150.4761286974572,7708,F,21,421.6398546964193,13
11,0.22999999999999998,147.7020872865275,8432,F,21,415.0853889943074,14
12,0.25,147.22337181441952,9182,F,21,544.5436724025267,20
13,0.27,148.79268908411592,9903,F,21,555.3872563869535,22
14,0.29000000000000004,147.53645931215937,10642,F,21,493.32832174403313,21
15,0.31,150.3040843214756,11385,F,21,505.0505050505051,23
16,0.33,147.55249029487072,12107,F,21,495.5810688031717,24
17,0.35,147.91759482825765,12839,F,21,584.1576446763767,30
18,0.37,146.69042709867452,13580,F,21,515.4639175257732,28
19,0.39,145.59906385356993,14314,F,21,454.100880257091,26
20,0.41000000000000003,145.23406797663304,15064,F,21,564.2591609134361,34
21,0.43,141.3545892494929,15776,F,21,491.2525354969575,31
22,0.45,145.05762588620252,16503,F,21,636.2479549172878,42
23,0.47,145.770679960582,17251,F,21,710.1037621007479,49
24,0.49,142.94990269669168,17985,F,21,430.91465109813737,31
25,0.51,144.60032017075773,18740,F,21,707.0437566702242,53
26,0.53,141.59056574687838,19461,F,21,565.2330301628899,44
27,0.55,142.29295033983232,20157,F,21,496.10557126556535,40
28,0.5700000000000001,142.48368292799464,20929,F,21,477.80591523723064,40
29,0.59,143.34422365988908,21640,F,21,658.5027726432533,57
30,0.61,142.1693825617215,22399,F,21,513.4157774900666,46
31,0.63,145.73370626886876,22524,F,21,521.6657787249156,47
32,0.65,146.0974091447109,22811,F,21,526.0619876375433,48
33,0.67,146.38947232504088,23234,F,21,645.6055780321942,60
34,0.69,146.10422845521566,23602,F,21,519.0238115413948,49
35,0.71,144.10736438949252,24021,F,21,551.6006827359395,53
36,0.73,144.1658606557377,24400,F,21,553.2786885245902,54
37,0.75,145.55549725540845,24776,F,21,534.7917339360672,53
38,0.77,146.27781082688875,25215,F,21,495.73666468372005,50
39,0.79,146.07894224403162,25677,F,21,564.7077150757488,58
40,0.81,142.0242718446602,26162,F,21,324.8987080498433,34
41,0.83,138.36593958473878,26682,F,21,356.04527396746875,38
42,0.85,134.89247470101196,27175,F,21,312.78748850046003,34
43,0.87,130.0251052096938,27564,F,21,335.5826440284429,37
44,0.89,129.20376518661755,27409,F,21,346.6014812652778,38
45,0.91,132.4452167766258,25464,F,21,196.35563933396168,20
46,0.9299999999999999,137.74357072205737,24264,F,21,267.8865809429608,26
47,0.95,139.29572855666552,23224,F,21,129.17671374440235,12
48,0.97,129.1114629794826,22420,F,21,111.50758251561106,10
49,0.99,136.29216577171968,21789,F,21,126.21047317453761,11
0,0.01,116.21883656509695,361,F,22,0.0,0
1,0.03,120.17910447761194,1072,F,22,0.0,0
2,0.05,116.14922048997772,1796,F,22,0.0,0
3,0.07,115.23964968152866,2512,F,22,199.04458598726114,2
4,0.09,121.62334053720284,3239,F,22,154.3686322939179,2
5,0.11,118.5687957586468,3961,F,22,0.0,0
6,0.13,120.39343910806176,4664,F,22,160.80617495711837,3
7,0.15000000000000002,118.51040118870728,5384,F,22,92.86775631500743,2
8,0.16999999999999998,120.98380235602095,6112,F,22,245.4188481675393,6
9,0.19,120.70696991929567,6815,F,22,73.36757153338225,2
10,0.21000000000000002,121.9320169626292,7546,F,22,165.65067585475748,5
11,0.22999999999999998,123.05739193606975,8259,F,22,90.81002542680713,3
12,0.25,121.61051693404634,8976,F,22,55.70409982174688,2
13,0.27,121.55425159563517,9714,F,22,102.94420424130121,4
14,0.29000000000000004,122.75304965901451,10411,F,22,120.06531553164922,5
15,0.31,122.70042194092827,11139,F,22,201.99299757608404,9
16,0.33,122.85984145724406,11858,F,22,126.496879743633,6
17,0.35,121.37495020317107,12551,F,22,39.837463150346586,2
18,0.37,123.599353188929,13296,F,22,169.22382671480145,9
19,0.39,124.31902278734195,13999,F,22,178.58418458461318,10
20,0.41000000000000003,124.68953117579211,14739,F,22,169.61802021846802,10
21,0.43,125.6799844840962,15468,F,22,32.32479958624257,2
22,0.45,126.24577163744502,16141,F,22,61.95403010965864,4
23,0.47,129.1029768597976,16897,F,22,133.15973249689296,9
24,0.49,130.67206776962874,17589,F,22,85.28057308545114,6
25,0.51,132.6228496532139,18311,F,22,68.26497733602753,5
26,0.53,134.51254856662817,19046,F,22,118.13504147852568,9
27,0.55,135.84908050053195,19739,F,22,101.32225543340596,8
28,0.5700000000000001,136.8173963977156,20487,F,22,61.01430175233075,5
29,0.59,137.4271363893605,21204,F,22,141.4827391058291,12
30,0.61,139.0885266858421,21903,F,22,205.45130803999453,18
31,0.63,138.3389837990553,22653,F,22,187.61311967509823,17
32,0.65,139.2966740956626,23332,F,22,214.29795988342192,20
33,0.67,137.53069537387256,24059,F,22,270.16916746331935,26
34,0.69,138.99612543891513,24777,F,22,302.7000847560237,30
35,0.71,139.15468247115157,25478,F,22,294.37161472643066,30
36,0.73,136.32852081825453,26251,F,22,419.0316559369167,44
37,0.75,137.63938865600772,26957,F,22,352.41310234818417,38
38,0.77,138.77770949316752,27662,F,22,433.80811221169836,48
39,0.79,138.84599936581756,28383,F,22,493.25300355846815,56
40,0.81,134.09498090749597,29069,F,22,361.20953593174863,42
41,0.83,133.61279506437768,29824,F,22,360.44796137339057,43
42,0.85,125.04628537735849,30528,F,22,278.4329140461216,34
43,0.87,122.04498303131203,31234,F,22,248.12704104501506,31
44,0.89,121.75449308034317,31938,F,22,273.96831360761473,35
45,0.91,125.45325920500699,30038,F,22,216.39256941207805,26
46,0.9299999999999999,131.18766638852466,25167,F,22,149.0046489450471,15
47,0.95,129.84340671175633,23213,F,22,161.5474087795632,15
48,0.97,123.86203437742215,21933,F,22,56.99174759494826,5
49,0.99,118.28024360535932,20525,F,22,109.62241169305726,9
0,0.01,,0,F,23,0.0,0
1,0.03,,0,F,23,0.0,0
2,0.05,,0,F,23,0.0,0
3,0.07,,0,F,23,0.0,0
4,0.09,,0,F,23,0.0,0
5,0.11,,0,F,23,0.0,0
6,0.13,,0,F,23,0.0,0
7,0.15000000000000002,78.33333333333333,3,F,23,0.0,0
8,0.16999999999999998,79.95360824742268,388,F,23,644.3298969072165,1
9,0.19,80.84399224806202,1032,F,23,242.2480620155039,1
10,0.21000000000000002,81.77021563342318,1484,F,23,336.9272237196766,2
11,0.22999999999999998,88.28688078388677,1837,F,23,136.09145345672292,1
12,0.25,107.28252957233849,2198,F,23,568.6988171064604,5
13,0.27,114.34048361934478,2564,F,23,487.51950078003125,5
14,0.29000000000000004,115.78932504942107,3541,F,23,353.00762496469923,5
15,0.31,114.95274453157243,4846,F,23,257.94469665703673,5
16,0.33,114.42116364914747,5689,F,23,395.50008788890847,9
17,0.35,117.58365698306665,6437,F,23,466.0556159701724,12
18,0.37,124.16094510076442,7195,F,23,555.9416261292564,16
19,0.39,128.80765344784035,7918,F,23,473.6044455670624,15
20,0.41000000000000003,132.29098880812276,8667,F,23,749.9711549555786,26
21,0.43,135.10298507462687,9380,F,23,453.09168443496804,17
22,0.45,139.0912623293813,10037,F,23,672.5117066852646,27
23,0.47,140.55622132759106,10681,F,23,608.5572511937085,26
24,0.49,139.31648701183954,11318,F,23,508.04028980385226,23
25,0.51,141.09601932045302,12008,F,23,541.3057961359094,26
26,0.53,141.41763871374528,12688,F,23,394.07313997477934,20
27,0.55,141.852452969384,13555,F,23,497.9712283290299,27
28,0.5700000000000001,137.8726806558262,14821,F,23,320.49119492611834,19
29,0.59,141.17763199796192,15701,F,23,605.0570027386791,38
30,0.61,141.77812018489985,16225,F,23,462.24961479198765,30
31,0.63,143.19714370723,16805,F,23,550.43141922047,37
32,0.65,147.14390272014754,17352,F,23,590.7100046104196,41
33,0.67,146.54341611076853,17839,F,23,518.5268232524245,37
34,0.69,147.2572741194487,18284,F,23,451.2141763290309,33
35,0.71,145.69523402436417,18716,F,23,601.0899764907032,45
36,0.73,141.84415719254528,19263,F,23,558.0646835903027,43
37,0.75,141.94843198444775,19547,F,23,524.3771422724715,41
38,0.77,143.76553146536546,19879,F,23,427.5869007495347,34
39,0.79,142.22283819234767,20203,F,23,408.35519477305354,33
40,0.81,137.84635935298974,20587,F,23,340.0204012240735,28
41,0.83,138.62972985804493,21063,F,23,439.1587143331909,37
42,0.85,134.75766242432908,20979,F,23,381.33371466704807,32
43,0.87,132.54402102496715,19786,F,23,416.96148792075206,33
44,0.89,135.59772607086197,18910,F,23,449.49762030671604,34
45,0.91,138.8063146434404,18370,F,23,449.1017964071857,33
46,0.9299999999999999,140.3923059842345,18014,F,23,416.34284445431337,30
47,0.95,140.11001530351982,17643,F,23,410.92784673808313,29
48,0.97,143.67371688028047,17399,F,23,431.05925627909653,30
49,0.99,141.39865022108447,17188,F,23,465.4410053525716,32
0,0.01,132.18289786223278,421,F,24,0.0,0
1,0.03,128.95486935866984,1263,F,24,0.0,0
2,0.05,129.61019348749412,2119,F,24,117.9801793298726,1
3,0.07,128.4790745151412,2939,F,24,340.2517863218782,4
4,0.09,128.4196006305833,3806,F,24,328.4287966368891,5
5,0.11,130.58390854184643,4636,F,24,323.55478861087147,6
6,0.13,127.61569343065693,5480,F,24,319.3430656934307,7
7,0.15000000000000002,128.77366840524735,6327,F,24,276.59238185553977,7
8,0.16999999999999998,128.34808094905793,7165,F,24,279.1346824842987,8
9,0.19,126.71351958094287,8018,F,24,187.07907208780247,6
10,0.21000000000000002,126.59270551038844,8856,F,24,197.60614272809397,7
11,0.22999999999999998,127.33735188047399,9705,F,24,206.07934054611025,8
12,0.25,127.32437820391114,10534,F,24,308.5247769128536,13
13,0.27,127.84808570425008,11388,F,24,439.0586582367405,20
14,0.29000000000000004,127.92269387755103,12250,F,24,306.12244897959187,15
15,0.31,127.7155119558553,13048,F,24,402.36051502145926,21
16,0.33,126.80035868005739,13940,F,24,322.81205164992826,18
17,0.35,127.56394599362237,14739,F,24,356.1978424587829,21
18,0.37,126.96793805196468,15626,F,24,287.9815691795725,18
19,0.39,125.68723404255319,16450,F,24,273.5562310030395,18
20,0.41000000000000003,126.34608030592734,17259,F,24,376.61509936844544,26
21,0.43,126.41174528042269,18169,F,24,357.7522153117949,26
22,0.45,126.40418908937427,18954,F,24,342.93552812071334,26
23,0.47,126.3867144154141,19826,F,24,453.94935942701505,36
24,0.49,127.11909253615828,20673,F,24,326.51284283848497,27
25,0.51,127.9193263236252,21494,F,24,407.0903507955709,35
26,0.53,130.4501876340243,22384,F,24,502.5911365260901,45
27,0.55,130.94223795544812,23164,F,24,410.1191504058021,38
28,0.5700000000000001,132.07652043868396,24072,F,24,467.3479561316052,45
29,0.59,132.15216254274793,24855,F,24,331.925165962583,33
30,0.61,133.5409606715374,25732,F,24,417.76775998756415,43
31,0.63,135.5414252389194,26578,F,24,451.5012416284145,48
32,0.65,137.7621969033012,27384,F,24,502.1180251241601,55
33,0.67,138.50498444570135,28288,F,24,486.0718325791856,55
34,0.69,139.22621135527356,29079,F,24,472.8498228962482,55
35,0.71,138.49691265311571,29961,F,24,525.6833884049264,63
36,0.73,138.95247216180243,30803,F,24,519.429925656592,64
37,0.75,135.36565368787592,31590,F,24,474.8338081671415,60
38,0.77,135.24138673557277,32508,F,24,407.5919773594193,53
39,0.79,135.20878757846052,33297,F,24,405.44193170555906,54
40,0.81,136.64524722620686,34159,F,24,365.93577095348223,50
41,0.83,135.71074593478448,34869,F,24,336.97553700995155,47
42,0.85,134.15981049225792,34616,F,24,317.7721284954934,44
43,0.87,130.30501006682033,34271,F,24,167.78033906218087,23
44,0.89,126.35540386136583,34133,F,24,124.51293469662791,17
45,0.91,120.93668984209286,33944,F,24,191.49186896064109,26
46,0.9299999999999999,121.67575574172587,31393,F,24,143.34405759245692,18
47,0.95,124.32306791997367,27341,F,24,109.72532094656378,12
48,0.97,121.50639562427322,23219,F,24,107.67044231017701,10
49,0.99,121.68685282426264,20377,F,24,122.68734357363695,10
0,0.01,124.96096096096096,333,F,25,0.0,0
1,0.03,121.39349112426035,1014,F,25,246.5483234714004,1
2,0.05,127.09128878281624,1676,F,25,596.6587112171837,4
3,0.07,125.3307855626327,2355,F,25,212.31422505307856,2
4,0.09,124.49884373967625,3027,F,25,165.18004625041297,2
5,0.11,121.25555555555556,3690,F,25,67.75067750677508,1
6,0.13,122.03476669716378,4372,F,25,228.72827081427263,4
7,0.15000000000000002,121.31630025747673,5049,F,25,99.02951079421668,2
8,0.16999999999999998,122.9328541374474,5704,F,25,131.4866760168303,3
9,0.19,123.57140620106483,6386,F,25,195.74068274350142,5
10,0.21000000000000002,120.74649879756684,7069,F,25,247.55976800113172,7
11,0.22999999999999998,118.67642487046632,7720,F,25,194.30051813471505,6
12,0.25,118.93091948546927,8396,F,25,148.88041924726062,5
13,0.27,119.9659991197183,9088,F,25,110.03521126760565,4
14,0.29000000000000004,120.34780823324094,9741,F,25,76.9941484447182,3
15,0.31,121.65641222841761,10402,F,25,240.3383964622188,10
16,0.33,121.55546558704454,11115,F,25,67.47638326585695,3
17,0.35,121.81054421768708,11760,F,25,212.58503401360545,10
18,0.37,122.9622048513176,12409,F,25,221.61334515271173,11
19,0.39,122.76059983253407,13137,F,25,57.090659968029236,3
20,0.41000000000000003,123.7441370797938,13773,F,25,108.90873448050534,6
21,0.43,124.1300221668052,14436,F,25,173.17816569686894,10
22,0.45,123.01459323824616,15144,F,25,99.04912836767036,6
23,0.47,126.35145754119138,15780,F,25,205.95690747782004,13
24,0.49,127.96823758046885,16466,F,25,121.46240738491439,8
25,0.51,129.1065516437398,17156,F,25,174.8659361156447,12
26,0.53,128.893760539629,17790,F,25,70.26419336706014,5
27,0.55,131.7694429421309,18490,F,25,202.8123309897242,15
28,0.5700000000000001,131.10894860422644,19165,F,25,182.62457605009132,14
29,0.59,131.82874602292813,19801,F,25,202.009999494975,16
30,0.61,132.12856099342585,20535,F,25,219.13805697589484,18
31,0.63,132.5396458087367,21175,F,25,306.96576151121604,26
32,0.65,133.2973543032693,21809,F,25,343.8947223623275,30
33,0.67,130.6848476785952,22551,F,25,321.49350361403043,29
34,0.69,130.58548887739266,23196,F,25,290.9984480082773,27
35,0.71,129.1081398765795,23821,F,25,377.8178917761639,36
36,0.73,129.52634150313492,24562,F,25,356.2413484243954,35
37,0.75,131.09660015075178,25207,F,25,396.7151981592415,40
38,0.77,131.82774083810114,25868,F,25,396.2424617287769,41
39,0.79,131.24394834920756,26563,F,25,423.52143959643115,45
40,0.81,130.75206641930862,27221,F,25,330.62708937952317,36
41,0.83,128.97428171742172,27879,F,25,376.62756913806095,42
42,0.85,122.3537088873338,28580,F,25,271.1686494051785,31
43,0.87,122.71148124080851,29239,F,25,282.15739252368417,33
44,0.89,122.98777548209367,29040,F,25,301.3085399449036,35
45,0.91,121.99293467535031,25335,F,25,246.6942964278666,25
46,0.9299999999999999,123.1052354181307,22768,F,25,252.5474349964863,23
47,0.95,121.44399923678688,20964,F,25,214.65369204350316,18
48,0.97,116.85203452527743,19464,F,25,231.1960542540074,18
49,0.99,114.53050184162062,17376,F,25,158.26427255985269,11
0,0.01,66.88801261829653,634,G,1,0.0,0
1,0.03,66.6878612716763,1903,G,1,0.0,0
2,0.05,66.89574803149607,3175,G,1,0.0,0
3,0.07,83.01952861952861,4455,G,1,56.116722783389456,1
4,0.09,91.16500087673154,5703,G,1,0.0,0
5,0.11,99.23532788061415,6969,G,1,35.873152532644575,1
6,0.13,102.93556981954706,8257,G,1,121.10936175366355,4
7,0.15000000000000002,98.74973767051416,9530,G,1,78.69884575026232,3
8,0.16999999999999998,104.77673685186903,10781,G,1,92.75577404693443,4
9,0.19,108.49348925935142,12057,G,1,103.67421414945674,5
10,0.21000000000000002,112.54817151009988,13317,G,1,75.09198768491403,4
11,0.22999999999999998,118.92457221081452,14610,G,1,171.11567419575633,10
12,0.25,114.54813928593917,15881,G,1,94.45249039733015,6
13,0.27,114.66419695467009,17141,G,1,189.6038737529899,13
14,0.29000000000000004,119.01729200652528,18390,G,1,108.7547580206634,8
15,0.31,119.65480065093573,19664,G,1,114.42229454841336,9
16,0.33,117.00052518500836,20945,G,1,155.16829792313203,13
17,0.35,110.21449457915335,22229,G,1,56.232848981060776,5
18,0.37,107.34984454193109,23479,G,1,127.77375527066741,12
19,0.39,107.217132923674,24736,G,1,151.60090556274258,15
20,0.41000000000000003,109.5145578858416,26034,G,1,182.4537143735116,19
21,0.43,111.25165638132738,26413,G,1,227.16086775451484,24
22,0.45,112.79267791032497,26741,G,1,299.1660745671441,32
23,0.47,110.43310304915542,27647,G,1,253.19202806814485,28
24,0.49,109.63371869651776,28631,G,1,279.41741469037055,32
25,0.51,110.2706956990697,29668,G,1,353.91667790211676,42
26,0.53,110.77052432995056,30744,G,1,235.81837106427272,29
27,0.55,110.33108171793019,31829,G,1,251.3431147695498,32
28,0.5700000000000001,111.04430205949657,32775,G,1,274.5995423340961,36
29,0.59,111.18594555485213,33171,G,1,248.71122365922042,33
30,0.61,111.51490514905149,33948,G,1,301.9323671497585,41
31,0.63,110.33811100959342,35024,G,1,221.2768387391503,31
32,0.65,112.5097636176773,36001,G,1,215.27179800561098,31
33,0.67,112.41025225517204,37026,G,1,202.56036298817048,30
34,0.69,113.96232363836998,38061,G,1,275.872940805549,42
35,0.71,113.63260048969597,39208,G,1,248.6737400530504,39
36,0.73,112.54302206134129,40886,G,1,238.46793523455463,39
37,0.75,112.24893350644533,43132,G,1,266.6233886673468,46
38,0.77,111.9720297029703,44440,G,1,343.15931593159314,61
39,0.79,111.17649486327404,46041,G,1,271.4971438500467,50
40,0.81,111.45655693470049,48178,G,1,347.6690605670638,67
41,0.83,110.52063904143785,50075,G,1,229.65551672491264,46
42,0.85,114.2676683917118,50047,G,1,294.72296041720784,59
43,0.87,115.23340432371614,49772,G,1,241.09941332476092,48
44,0.89,114.62956208389181,45511,G,1,241.69980883742394,44
45,0.91,114.31696438995914,42825,G,1,227.67075306479862,39
46,0.9299999999999999,112.65851490680075,39378,G,1,260.2976281172228,41
47,0.95,111.62605134407124,36382,G,1,295.47578472871203,43
48,0.97,111.44852877479715,34631,G,1,288.75862666397165,40
49,0.99,111.37587951735082,33399,G,1,299.41016198089767,40
0,0.01,119.95429616087752,547,G,2,0.0,0
1,0.03,110.75958612294583,1643,G,2,152.16068167985392,1
2,0.05,106.95260837619398,2722,G,2,0.0,0
3,0.07,104.15531691985332,3818,G,2,65.47930853850184,1
4,0.09,103.08062869973465,4899,G,2,102.06164523372118,2
5,0.11,102.583430377641,6011,G,2,124.77125270337714,3
6,0.13,104.7966220971147,7105,G,2,70.37297677691767,2
7,0.15000000000000002,107.45361202786945,8181,G,2,30.55861141669723,1
8,0.16999999999999998,109.35389925574371,9271,G,2,161.79484413763348,6
9,0.19,111.18712603744451,10362,G,2,48.25323296660876,2
10,0.21000000000000002,110.77407245744216,11455,G,2,109.12265386294195,5
11,0.22999999999999998,111.54904458598726,12560,G,2,39.80891719745223,2
12,0.25,113.06340142030895,13659,G,2,164.726553920492,9
13,0.27,114.22794617371211,14714,G,2,67.96248470844094,4
14,0.29000000000000004,115.59059596789484,15823,G,2,110.5984958604563,7
15,0.31,115.86266043650559,16907,G,2,162.65452179570593,11
16,0.33,113.60638888888889,18000,G,2,55.55555555555556,4
17,0.35,111.3054437065314,19123,G,2,91.51283794383727,7
18,0.37,112.24112140274407,20189,G,2,86.68086581801973,7
19,0.39,112.34477569829775,21266,G,2,152.82610740148593,13
20,0.41000000000000003,111.92926088122263,22378,G,2,78.20180534453482,7
21,0.43,111.40322580645162,23436,G,2,138.67554190134837,13
22,0.45,112.4006510681587,24575,G,2,193.28585961342827,19
23,0.47,113.20272798129385,25660,G,2,97.42790335151987,10
24,0.49,114.50054231963198,26737,G,2,168.30609268055503,18
25,0.51,115.09781357882623,27808,G,2,143.84349827387803,16
26,0.53,117.33462483135573,28907,G,2,207.56218217040856,24
27,0.55,121.22445443944694,30015,G,2,224.88755622188904,27
28,0.5700000000000001,120.79416109969168,31136,G,2,224.8201438848921,28
29,0.59,118.42214833918528,32183,G,2,194.20190783954263,25
30,0.61,116.89623463653575,33277,G,2,255.43167953841993,34
31,0.63,115.72001628996131,34377,G,2,283.6198621171132,39
32,0.65,115.13708061739891,35439,G,2,261.0118795677079,37
33,0.67,115.21968794169,36083,G,2,256.3534074217776,37
34,0.69,114.43216779326268,35949,G,2,264.2632618431667,38
35,0.71,115.56653242605194,36005,G,2,256.90876267185115,37
36,0.73,115.52104197141892,35548,G,2,246.14605603690788,35
37,0.75,115.74708171206225,34695,G,2,266.60902147283474,37
38,0.77,115.71200164890172,33962,G,2,287.0855662210706,39
39,0.79,116.05464273184423,34204,G,2,255.818032978599,35
40,0.81,118.29058236845123,34892,G,2,236.4438839848676,33
41,0.83,120.07111874718342,35504,G,2,211.2438035150969,30
42,0.85,117.02683876254866,34167,G,2,278.04606784324056,38
43,0.87,111.2675824677896,32831,G,2,175.13935000456885,23
44,0.89,109.31769527188207,32698,G,2,282.8919199951068,37
45,0.91,111.04470971582542,31917,G,2,289.814205595764,37
46,0.9299999999999999,113.04141694530314,31702,G,2,268.12188505457067,34
47,0.95,116.83633340793554,31277,G,2,207.82044313712953,26
48,0.97,115.19010791999156,28447,G,2,210.9185502864977,24
49,0.99,113.54711102346677,25355,G,2,256.35969236836917,26
0,0.01,,0,G,3,0.0,0
1,0.03,,0,G,3,0.0,0
2,0.05,,0,G,3,0.0,0
3,0.07,,0,G,3,0.0,0
4,0.09,,0,G,3,0.0,0
5,0.11,,0,G,3,0.0,0
6,0.13,,0,G,3,0.0,0
7,0.15000000000000002,,0,G,3,0.0,0
8,0.16999999999999998,,0,G,3,0.0,0
9,0.19,,0,G,3,0.0,0
10,0.21000000000000002,,0,G,3,0.0,0
11,0.22999999999999998,,0,G,3,0.0,0
12,0.25,,0,G,3,0.0,0
13,0.27,,0,G,3,0.0,0
14,0.29000000000000004,,0,G,3,0.0,0
15,0.31,,0,G,3,0.0,0
16,0.33,,0,G,3,0.0,0
17,0.35,,0,G,3,0.0,0
18,0.37,,0,G,3,0.0,0
19,0.39,,0,G,3,0.0,0
20,0.41000000000000003,89.40202702702703,296,G,3,0.0,0
21,0.43,85.27768166089966,1156,G,3,0.0,0
22,0.45,83.53837953091684,1876,G,3,133.26226012793177,1
23,0.47,81.79425837320574,2299,G,3,0.0,0
24,0.49,79.1891288160834,2686,G,3,0.0,0
25,0.51,88.79455201837874,3047,G,3,0.0,0
26,0.53,96.00868523510033,3339,G,3,74.87271638215034,1
27,0.55,102.46155899626268,3746,G,3,0.0,0
28,0.5700000000000001,104.20936881460304,4547,G,3,54.98130635583902,1
29,0.59,113.87041788856305,5456,G,3,91.64222873900293,2
30,0.61,115.04649758454106,6624,G,3,37.74154589371981,1
31,0.63,107.62698105914187,7761,G,3,193.2740626207963,6
32,0.65,102.84721198722673,8142,G,3,61.40997297961189,2
33,0.67,101.82144941066636,8569,G,3,204.22453028358035,7
34,0.69,99.5550804545966,8887,G,3,84.39293349836841,3
35,0.71,102.11093126146541,9267,G,3,53.9548937088594,2
36,0.73,107.63274198568317,9639,G,3,155.6178026766262,6
37,0.75,109.98971871968962,10310,G,3,169.73811833171678,7
38,0.77,107.68898186889818,10755,G,3,92.98000929800094,4
39,0.79,103.68855432613822,11026,G,3,158.71576274260838,7
40,0.81,103.44865492894807,11189,G,3,134.06023773348826,6
41,0.83,108.04734576757532,11152,G,3,201.7575322812052,9
42,0.85,108.20249248718402,11314,G,3,198.86865829945202,9
43,0.87,104.2940666955392,11545,G,3,151.580770896492,7
44,0.89,105.153009610521,11862,G,3,189.68133535660093,9
45,0.91,105.39443307408924,12215,G,3,306.99959066721243,15
46,0.9299999999999999,107.08118494795836,12490,G,3,240.1921537229784,12
47,0.95,108.84477797651451,12859,G,3,233.2996344972393,12
48,0.97,109.23045298819947,13135,G,3,247.43052912066997,13
49,0.99,113.6979678174813,13237,G,3,207.75100098209566,11
0,0.01,71.08421052631579,95,G,4,0.0,0
1,0.03,77.87368421052632,285,G,4,0.0,0
2,0.05,80.77969762419006,463,G,4,539.9568034557236,1
3,0.07,75.74477611940299,670,G,4,0.0,0
4,0.09,74.89752650176679,849,G,4,0.0,0
5,0.11,74.6470588235294,1037,G,4,0.0,0
6,0.13,81.36781609195403,1218,G,4,0.0,0
7,0.15000000000000002,96.89263157894737,1425,G,4,350.87719298245617,2
8,0.16999999999999998,106.43551401869159,1605,G,4,155.76323987538942,1
9,0.19,108.4427694025684,1791,G,4,139.58682300390845,1
10,0.21000000000000002,103.3737322515213,1972,G,4,0.0,0
11,0.22999999999999998,103.12470808033629,2141,G,4,116.76786548341896,1
12,0.25,101.57351598173516,2190,G,4,0.0,0
13,0.27,102.57582417582418,2275,G,4,109.89010989010988,1
14,0.29000000000000004,105.43656093489149,2396,G,4,313.0217028380635,3
15,0.31,106.06259904912837,2524,G,4,297.1473851030111,3
16,0.33,103.3123298327499,2571,G,4,0.0,0
17,0.35,102.43360840210053,2666,G,4,93.7734433608402,1
18,0.37,101.4315443592552,2739,G,4,91.27418765972983,1
19,0.39,100.02441540577716,2908,G,4,85.9697386519945,1
20,0.41000000000000003,101.03576203208556,2992,G,4,83.55614973262033,1
21,0.43,101.6712636305324,3118,G,4,80.17960230917255,1
22,0.45,101.68047337278107,3211,G,4,311.4294612270321,4
23,0.47,101.86551724137931,3190,G,4,78.36990595611286,1
24,0.49,98.65675340768277,3228,G,4,77.44733581164807,1
25,0.51,97.00499843798814,3201,G,4,390.5029678225555,5
26,0.53,96.19008547008546,2925,G,4,170.94017094017093,2
27,0.55,96.45541064504758,2837,G,4,88.12125484666903,1
28,0.5700000000000001,101.29540709812109,2874,G,4,347.9471120389701,4
29,0.59,108.81627393225331,2716,G,4,276.1413843888071,3
30,0.61,109.31716417910448,2680,G,4,93.28358208955224,1
31,0.63,106.85041446872646,2654,G,4,282.59231348907315,3
32,0.65,107.34688644688644,2730,G,4,0.0,0
33,0.67,101.73529411764706,2822,G,4,354.3586109142452,4
34,0.69,94.79620689655172,2900,G,4,86.20689655172414,1
35,0.71,89.62806310842565,2979,G,4,167.84155756965424,2
36,0.73,89.38093699515348,3095,G,4,0.0,0
37,0.75,88.65374759769378,3122,G,4,240.2306213965407,3
38,0.77,85.73370927318295,3192,G,4,156.64160401002508,2
39,0.79,86.70410094637224,3170,G,4,157.7287066246057,2
40,0.81,89.61617130073506,3129,G,4,79.89773090444231,1
41,0.83,93.45350451075642,2882,G,4,346.98126301179735,4
42,0.85,96.15413819286256,2634,G,4,94.91268033409263,1
43,0.87,97.24656997255978,2551,G,4,98.00078400627206,1
44,0.89,98.60747288067498,2489,G,4,100.44194455604661,1
45,0.91,98.70741646291769,2454,G,4,0.0,0
46,0.9299999999999999,95.28166734115743,2471,G,4,0.0,0
47,0.95,91.78533604887984,2455,G,4,203.66598778004075,2
48,0.97,93.2621513944223,2510,G,4,0.0,0
49,0.99,92.59551401869159,2675,G,4,186.9158878504673,2
0,0.01,87.58064516129032,31,G,5,0.0,0
1,0.03,137.02061855670104,97,G,5,0.0,0
2,0.05,169.6625,160,G,5,0.0,0
3,0.07,175.109649122807,228,G,5,0.0,0
4,0.09,156.20138888888889,288,G,5,0.0,0
5,0.11,153.90934844192634,353,G,5,0.0,0
6,0.13,145.01201923076923,416,G,5,0.0,0
7,0.15000000000000002,133.7962577962578,481,G,5,0.0,0
8,0.16999999999999998,129.76181818181817,550,G,5,454.5454545454546,1
9,0.19,135.85313531353134,606,G,5,412.54125412541254,1
10,0.21000000000000002,138.59558823529412,680,G,5,0.0,0
11,0.22999999999999998,131.85890410958905,730,G,5,0.0,0
12,0.25,125.74165636588381,809,G,5,0.0,0
13,0.27,123.19907407407408,864,G,5,0.0,0
14,0.29000000000000004,117.19551282051282,936,G,5,267.0940170940171,1
15,0.31,114.22064777327935,988,G,5,0.0,0
16,0.33,118.11466165413533,1064,G,5,0.0,0
17,0.35,121.66726137377341,1121,G,5,223.01516503122212,1
18,0.37,122.80334728033473,1195,G,5,209.2050209205021,1
19,0.39,121.63352044907779,1247,G,5,200.48115477145151,1
20,0.41000000000000003,122.50226244343891,1326,G,5,188.5369532428356,1
21,0.43,124.18978102189782,1370,G,5,182.48175182481754,1
22,0.45,125.62817869415808,1455,G,5,0.0,0
23,0.47,124.39853626081171,1503,G,5,332.66799733865605,2
24,0.49,123.78693722257451,1577,G,5,475.58655675332915,3
25,0.51,123.01529987760098,1634,G,5,0.0,0
26,0.53,119.07214076246335,1705,G,5,146.6275659824047,1
27,0.55,114.00566251415628,1766,G,5,141.56285390713478,1
28,0.5700000000000001,101.95954073264079,1829,G,5,0.0,0
29,0.59,101.64843335103558,1883,G,5,0.0,0
30,0.61,104.34409740603493,1889,G,5,264.6903123345686,2
31,0.63,100.88807531380753,1912,G,5,0.0,0
32,0.65,95.64751958224544,1915,G,5,0.0,0
33,0.67,92.357910906298,1953,G,5,128.00819252432157,1
34,0.69,89.76882569773565,1899,G,5,131.64823591363876,1
35,0.71,91.75770234986945,1915,G,5,261.0966057441253,2
36,0.73,98.60675324675324,1925,G,5,0.0,0
37,0.75,102.87037037037037,1944,G,5,0.0,0
38,0.77,105.39083969465649,1965,G,5,0.0,0
39,0.79,103.73484848484848,1980,G,5,126.26262626262627,1
40,0.81,100.09053497942386,1944,G,5,257.201646090535,2
41,0.83,102.61847599164926,1916,G,5,0.0,0
42,0.85,105.63858695652173,1840,G,5,135.8695652173913,1
43,0.87,103.1235710397387,1837,G,5,136.09145345672292,1
44,0.89,98.53425414364641,1810,G,5,414.3646408839779,3
45,0.91,95.80573593073593,1848,G,5,270.5627705627706,2
46,0.9299999999999999,97.07574931880109,1835,G,5,136.23978201634878,1
47,0.95,97.546408839779,1810,G,5,276.24309392265195,2
48,0.97,98.31042382588774,1746,G,5,286.368843069874,2
49,0.99,97.94761904761904,1680,G,5,0.0,0
0,0.01,,0,G,6,0.0,0
1,0.03,,0,G,6,0.0,0
2,0.05,,0,G,6,0.0,0
3,0.07,,0,G,6,0.0,0
4,0.09,86.5,2,G,6,0.0,0
5,0.11,86.33038348082596,339,G,6,737.4631268436578,1
6,0.13,81.72355430183357,709,G,6,0.0,0
7,0.15000000000000002,78.3733055265902,959,G,6,0.0,0
8,0.16999999999999998,76.30839567747299,1203,G,6,415.6275976724855,2
9,0.19,97.52591568762958,1447,G,6,172.77125086385627,1
10,0.21000000000000002,129.66686355581808,1693,G,6,295.33372711163616,2
11,0.22999999999999998,130.2273417721519,1975,G,6,379.74683544303804,3
12,0.25,110.03019378098243,2219,G,6,112.66336187471833,1
13,0.27,93.64300369306524,2437,G,6,0.0,0
14,0.29000000000000004,91.9196771714066,2602,G,6,192.15987701767872,2
15,0.31,109.3923337091319,2661,G,6,93.94964299135664,1
16,0.33,107.69634782608696,2875,G,6,173.91304347826087,2
17,0.35,100.3048347446053,3661,G,6,136.5747063643813,2
18,0.37,105.615803170097,4227,G,6,414.0052046368583,7
19,0.39,103.5330929147221,4714,G,6,53.033517182859576,1
20,0.41000000000000003,117.38023483365949,5110,G,6,146.7710371819961,3
21,0.43,122.99477194880116,5547,G,6,45.06940688660537,1
22,0.45,126.59969788519638,5958,G,6,125.8811681772407,3
23,0.47,122.02078163771712,6448,G,6,232.6302729528536,6
24,0.49,123.46788055353241,6865,G,6,109.24981791697014,3
25,0.51,119.44044168391994,7245,G,6,172.5327812284334,5
26,0.53,110.97589020771514,8088,G,6,278.1899109792285,9
27,0.55,109.76028006223605,8998,G,6,138.91975994665484,5
28,0.5700000000000001,111.6445692508274,9971,G,6,250.72710861498348,10
29,0.59,112.47397020157756,11410,G,6,262.9272567922875,12
30,0.61,111.54610424920376,12873,G,6,155.36394002951917,8
31,0.63,111.96533620999641,13905,G,6,251.70801869830998,14
32,0.65,112.09828686597245,14885,G,6,302.3177695666779,18
33,0.67,112.57857646229739,15609,G,6,320.3280158882696,20
34,0.69,111.54370306536994,16246,G,6,261.60285608765236,17
35,0.71,109.70154191528327,16927,G,6,221.53955219471854,15
36,0.73,111.06730876917908,17858,G,6,209.9899204838168,15
37,0.75,112.75480010878434,18385,G,6,339.95104704922494,25
38,0.77,112.92251803139584,18856,G,6,159.10055154857872,12
39,0.79,114.44691408029973,19751,G,6,405.04278264391684,32
40,0.81,115.02829057779908,20855,G,6,395.5885878686167,33
41,0.83,115.91458381636912,21565,G,6,428.9357755622537,37
42,0.85,115.81977802037845,21984,G,6,352.5291120815138,31
43,0.87,116.17857621066726,22405,G,6,345.904931934836,31
44,0.89,116.48438792840656,22963,G,6,293.9511387884859,27
45,0.91,116.05293416233711,23482,G,6,383.27229367174857,36
46,0.9299999999999999,116.21787848605578,24096,G,6,394.25630810092963,38
47,0.95,115.22514548981572,24744,G,6,353.6210798577433,35
48,0.97,115.42589103469932,25476,G,6,382.7131417804993,39
49,0.99,114.94068725664386,26453,G,6,387.4796809435603,41
0,0.01,202.23076923076923,26,G,7,0.0,0
1,0.03,202.35897435897436,78,G,7,0.0,0
2,0.05,205.45384615384614,130,G,7,0.0,0
3,0.07,208.1931818181818,176,G,7,0.0,0
4,0.09,201.61802575107296,233,G,7,0.0,0
5,0.11,194.886925795053,283,G,7,0.0,0
6,0.13,173.9672619047619,336,G,7,0.0,0
7,0.15000000000000002,148.73958333333334,384,G,7,0.0,0
8,0.16999999999999998,133.44594594594594,444,G,7,0.0,0
9,0.19,126.5140562248996,498,G,7,0.0,0
10,0.21000000000000002,121.16727941176471,544,G,7,459.55882352941177,1
11,0.22999999999999998,116.98807495741056,587,G,7,0.0,0
12,0.25,111.46707503828483,653,G,7,382.84839203675347,1
13,0.27,108.2627840909091,704,G,7,355.1136363636364,1
14,0.29000000000000004,110.9248322147651,745,G,7,0.0,0
15,0.31,109.95739348370927,798,G,7,0.0,0
16,0.33,113.19014084507042,852,G,7,0.0,0
17,0.35,104.33075221238938,904,G,7,0.0,0
18,0.37,99.43987341772151,948,G,7,1054.8523206751056,4
19,0.39,98.75868917576962,1007,G,7,0.0,0
20,0.41000000000000003,98.73289597000937,1067,G,7,234.30178069353326,1
21,0.43,99.63726372637264,1111,G,7,225.02250225022502,1
22,0.45,98.67567567567568,1147,G,7,217.9598953792502,1
23,0.47,98.83578431372548,1224,G,7,0.0,0
24,0.49,102.81950040290089,1241,G,7,0.0,0
25,0.51,102.79483037156704,1238,G,7,201.93861066235866,1
26,0.53,104.2102766798419,1265,G,7,395.2569169960475,2
27,0.55,102.44021739130434,1288,G,7,0.0,0
28,0.5700000000000001,100.6743119266055,1308,G,7,191.13149847094803,1
29,0.59,100.37721893491124,1352,G,7,184.9112426035503,1
30,0.61,99.42961876832844,1364,G,7,366.5689149560117,2
31,0.63,101.30035335689045,1415,G,7,176.67844522968198,1
32,0.65,104.49651324965133,1434,G,7,0.0,0
33,0.67,108.19595083152566,1383,G,7,542.299349240781,3
34,0.69,110.80044843049328,1338,G,7,0.0,0
35,0.71,110.24342599549212,1331,G,7,0.0,0
36,0.73,110.47958426132145,1347,G,7,185.59762435040832,1
37,0.75,111.08893871449925,1338,G,7,560.5381165919282,3
38,0.77,109.77416974169742,1355,G,7,184.5018450184502,1
39,0.79,108.43745480838756,1383,G,7,180.76644974692698,1
40,0.81,109.03641660597232,1373,G,7,0.0,0
41,0.83,110.71324599708879,1374,G,7,363.901018922853,2
42,0.85,108.5424091233072,1403,G,7,0.0,0
43,0.87,108.51508620689656,1392,G,7,0.0,0
44,0.89,107.0497803806735,1366,G,7,0.0,0
45,0.91,110.17173252279635,1316,G,7,0.0,0
46,0.9299999999999999,110.68462757527733,1262,G,7,792.393026941363,4
47,0.95,109.73531914893617,1175,G,7,425.531914893617,2
48,0.97,105.69305189094108,1137,G,7,219.8768689533861,1
49,0.99,101.32804232804233,1134,G,7,0.0,0
0,0.01,,0,G,8,0.0,0
1,0.03,,0,G,8,0.0,0
2,0.05,,0,G,8,0.0,0
3,0.07,,0,G,8,0.0,0
4,0.09,,0,G,8,0.0,0
5,0.11,,0,G,8,0.0,0
6,0.13,,0,G,8,0.0,0
7,0.15000000000000002,,0,G,8,0.0,0
8,0.16999999999999998,,0,G,8,0.0,0
9,0.19,,0,G,8,0.0,0
10,0.21000000000000002,,0,G,8,0.0,0
11,0.22999999999999998,,0,G,8,0.0,0
12,0.25,,0,G,8,0.0,0
13,0.27,105.57142857142857,14,G,8,0.0,0
14,0.29000000000000004,110.21176470588236,255,G,8,0.0,0
15,0.31,107.75124378109453,603,G,8,1658.374792703151,4
16,0.33,106.32997481108312,794,G,8,0.0,0
17,0.35,108.50171037628279,877,G,8,285.06271379703537,1
18,0.37,106.28509249183895,919,G,8,272.0348204570185,1
19,0.39,107.1053180396246,959,G,8,260.6882168925965,1
20,0.41000000000000003,114.96318407960199,1005,G,8,746.2686567164179,3
21,0.43,115.76176753121999,1041,G,8,240.15369836695484,1
22,0.45,114.52897196261682,1070,G,8,0.0,0
23,0.47,117.41899441340782,1074,G,8,232.77467411545626,1
24,0.49,108.88948306595366,1122,G,8,445.63279857397504,2
25,0.51,95.47012987012987,1155,G,8,216.45021645021646,1
26,0.53,97.0773860705073,1163,G,8,644.883920894239,3
27,0.55,99.92826643894108,1171,G,8,0.0,0
28,0.5700000000000001,101.52983293556086,1257,G,8,596.6587112171838,3
29,0.59,102.59467455621302,1352,G,8,184.9112426035503,1
30,0.61,107.62405498281787,1455,G,8,515.4639175257732,3
31,0.63,111.00182926829268,1640,G,8,457.3170731707317,3
32,0.65,109.41310232809963,1847,G,8,406.0638873849486,3
33,0.67,108.97274826789838,2165,G,8,346.42032332563514,3
34,0.69,112.32885405001866,2679,G,8,559.9104143337066,6
35,0.71,111.12759752096245,2743,G,8,455.7054320087496,5
36,0.73,107.44362292051756,2705,G,8,184.84288354898337,2
37,0.75,114.6319133913862,4249,G,8,353.02424099788186,6
38,0.77,117.85964279271153,5543,G,8,451.01930362619527,10
39,0.79,116.83003826530613,6272,G,8,318.8775510204082,8
40,0.81,114.85103349964362,7015,G,8,534.5687811831789,15
41,0.83,111.62163183077311,7942,G,8,440.6950390329892,14
42,0.85,106.7829502814259,8528,G,8,381.0975609756098,13
43,0.87,104.21603245969953,9119,G,8,219.32229411119638,8
44,0.89,110.87703318152245,9222,G,8,325.30904359141186,12
45,0.91,114.46371780515118,8930,G,8,223.96416573348264,8
46,0.9299999999999999,117.23353159016945,8911,G,8,280.55212658511954,10
47,0.95,117.68559718969556,8540,G,8,439.1100702576113,15
48,0.97,118.15266228124612,8057,G,8,279.2602705721733,9
49,0.99,118.53987485021968,7511,G,8,199.7070962588204,6
0,0.01,73.24324324324324,37,G,9,0.0,0
1,0.03,76.05,100,G,9,0.0,0
2,0.05,78.6686046511628,172,G,9,0.0,0
3,0.07,77.95934959349593,246,G,9,1016.2601626016261,1
4,0.09,77.01577287066246,317,G,9,0.0,0
5,0.11,77.07567567567567,370,G,9,0.0,0
6,0.13,79.69525959367945,443,G,9,564.3340857787811,1
7,0.15000000000000002,86.02876106194691,452,G,9,553.0973451327434,1
8,0.16999999999999998,95.71092077087795,467,G,9,0.0,0
9,0.19,101.90530303030303,528,G,9,0.0,0
10,0.21000000000000002,103.07942238267148,554,G,9,0.0,0
11,0.22999999999999998,110.78653530377669,609,G,9,0.0,0
12,0.25,117.92738275340393,661,G,9,0.0,0
13,0.27,117.65261627906976,688,G,9,726.7441860465117,2
14,0.29000000000000004,123.08263305322129,714,G,9,350.14005602240894,1
15,0.31,129.12387096774194,775,G,9,0.0,0
16,0.33,130.55822784810127,790,G,9,0.0,0
17,0.35,126.22209026128266,842,G,9,0.0,0
18,0.37,120.94383259911895,908,G,9,0.0,0
19,0.39,115.38636363636364,924,G,9,0.0,0
20,0.41000000000000003,107.17696335078534,955,G,9,261.7801047120419,1
21,0.43,102.61228406909788,1042,G,9,0.0,0
22,0.45,102.33426966292134,1068,G,9,234.08239700374534,1
23,0.47,101.81686310063463,1103,G,9,226.65457842248412,1
24,0.49,98.58723404255319,1175,G,9,212.7659574468085,1
25,0.51,97.37751004016064,1245,G,9,0.0,0
26,0.53,91.51676206050695,1223,G,9,408.83074407195426,2
27,0.55,88.81210191082802,1256,G,9,0.0,0
28,0.5700000000000001,88.8293089092423,1201,G,9,208.15986677768527,1
29,0.59,95.59306260575296,1182,G,9,423.0118443316413,2
30,0.61,99.26298157453937,1194,G,9,0.0,0
31,0.63,100.74163879598662,1196,G,9,0.0,0
32,0.65,103.33025210084034,1190,G,9,0.0,0
33,0.67,107.98122866894198,1172,G,9,426.62116040955635,2
34,0.69,108.00754400670579,1193,G,9,0.0,0
35,0.71,103.02141680395387,1214,G,9,0.0,0
36,0.73,93.90562913907284,1208,G,9,0.0,0
37,0.75,94.05946791862284,1278,G,9,0.0,0
38,0.77,91.81533646322379,1278,G,9,0.0,0
39,0.79,91.48,1300,G,9,384.61538461538464,2
40,0.81,92.99701715137957,1341,G,9,186.42803877703207,1
41,0.83,94.55988455988457,1386,G,9,180.3751803751804,1
42,0.85,98.25450612833454,1387,G,9,180.24513338139872,1
43,0.87,100.77229080932784,1458,G,9,0.0,0
44,0.89,102.61035422343325,1468,G,9,170.29972752043597,1
45,0.91,103.69870483980914,1467,G,9,340.83162917518746,2
46,0.9299999999999999,102.04648160103292,1549,G,9,484.1833440929632,3
47,0.95,99.44327176781003,1516,G,9,329.81530343007915,2
48,0.97,98.16756032171581,1492,G,9,167.5603217158177,1
49,0.99,98.12387543252595,1445,G,9,0.0,0
0,0.01,,0,G,10,0.0,0
1,0.03,,0,G,10,0.0,0
2,0.05,,0,G,10,0.0,0
3,0.07,,0,G,10,0.0,0
4,0.09,,0,G,10,0.0,0
5,0.11,,0,G,10,0.0,0
6,0.13,,0,G,10,0.0,0
7,0.15000000000000002,,0,G,10,0.0,0
8,0.16999999999999998,,0,G,10,0.0,0
9,0.19,114.71428571428571,7,G,10,0.0,0
10,0.21000000000000002,116.54980079681275,251,G,10,0.0,0
11,0.22999999999999998,119.1917372881356,944,G,10,529.6610169491526,2
12,0.25,117.21971683272155,1907,G,10,262.19192448872576,2
13,0.27,114.54805880135696,2653,G,10,282.6988315114964,3
14,0.29000000000000004,116.1946647440519,2774,G,10,540.7354001441961,6
15,0.31,117.13817166782972,2866,G,10,523.37752965806,6
16,0.33,114.6302990469931,3043,G,10,492.9346040092015,6
17,0.35,112.27802294792586,3399,G,10,367.7552221241542,5
18,0.37,112.3144920318725,4016,G,10,560.2589641434264,9
19,0.39,110.01036866359448,4340,G,10,172.8110599078341,3
20,0.41000000000000003,110.85158781594296,4629,G,10,378.051414992439,7
21,0.43,115.56863149216818,4852,G,10,618.3017312448476,12
22,0.45,114.25826771653543,5080,G,10,344.488188976378,7
23,0.47,113.5361866274798,5444,G,10,505.14327700220423,11
24,0.49,109.51975241216093,5493,G,10,409.6122337520481,9
25,0.51,110.94088756358533,5701,G,10,570.0754253639712,13
26,0.53,111.98946502057613,6075,G,10,493.8271604938272,12
27,0.55,111.08381120423468,6801,G,10,514.6302014409646,14
28,0.5700000000000001,111.45909314933465,8116,G,10,400.4435682602267,13
29,0.59,112.56876186458553,9482,G,10,474.5834212191521,18
30,0.61,111.18464574328134,10642,G,10,375.86919751926337,16
31,0.63,109.43527451324329,11402,G,10,570.0754253639712,26
32,0.65,106.69673518742442,12405,G,10,342.6037887948408,17
33,0.67,105.96099344811824,13126,G,10,419.0156940423587,22
34,0.69,108.14545858316677,13509,G,10,592.1977940632171,32
35,0.71,109.49885297184568,14385,G,10,469.2387904066737,27
36,0.73,109.14965079365079,15750,G,10,365.07936507936506,23
37,0.75,111.82962251695373,16663,G,10,390.0858188801536,26
38,0.77,113.968808630394,17056,G,10,439.72795497185746,30
39,0.79,117.08949745906267,17710,G,10,465.83850931677017,33
40,0.81,116.17604031209363,18456,G,10,338.64325964456003,25
41,0.83,115.59375504710633,18575,G,10,376.85060565275916,28
42,0.85,115.28894394549395,19374,G,10,400.02064622690204,31
43,0.87,115.74314113291749,19719,G,10,443.7344692935747,35
44,0.89,113.55610441183592,20649,G,10,375.32083878153907,31
45,0.91,111.06149581884807,21286,G,10,540.26120454759,46
46,0.9299999999999999,110.61154734411086,21650,G,10,450.3464203233257,39
47,0.95,108.68706479133041,21685,G,10,484.20567212358776,42
48,0.97,105.32534416610245,22155,G,10,473.9336492890996,42
49,0.99,104.46478062602382,22587,G,10,376.32266347899235,34
0,0.01,118.14772727272727,440,G,11,0.0,0
1,0.03,125.59556574923548,1308,G,11,955.6574923547402,5
2,0.05,124.61436413540714,2186,G,11,457.45654162854527,4
3,0.07,124.00818866688503,3053,G,11,245.66000655093353,3
4,0.09,123.97844281004312,3943,G,11,634.03499873193,10
5,0.11,124.54223886808157,4806,G,11,624.2197253433209,12
6,0.13,125.79791923822958,5671,G,11,529.0072297654734,12
7,0.15000000000000002,125.8978781865364,6551,G,11,572.4316898183483,15
8,0.16999999999999998,123.60771920387305,7436,G,11,470.6831629908553,14
9,0.19,125.07451546888167,8307,G,11,631.9971108703503,21
10,0.21000000000000002,124.62911309653519,9178,G,11,544.7809980387884,20
11,0.22999999999999998,124.03027285401315,10042,G,11,497.9087831109341,20
12,0.25,123.81153846153846,10920,G,11,595.2380952380953,26
13,0.27,123.2207077548256,11812,G,11,529.1229258381308,25
14,0.29000000000000004,122.45430850643709,12661,G,11,572.6245952136483,29
15,0.31,121.83931737588652,13536,G,11,461.7316784869977,25
16,0.33,123.52822860313498,14418,G,11,658.8985989735054,38
17,0.35,123.4646173969915,15290,G,11,555.9189012426423,34
18,0.37,124.01241890639481,16185,G,11,509.7312326227989,33
19,0.39,124.83491616836675,17058,G,11,586.2351975612615,40
20,0.41000000000000003,123.46011858149681,17878,G,11,489.42834768989826,35
21,0.43,123.85893550273835,18807,G,11,584.8886053065348,44
22,0.45,123.36921431844799,19639,G,11,598.299302408473,47
23,0.47,123.43224049032007,20558,G,11,632.3572331938905,52
24,0.49,122.63926088376651,21431,G,11,501.6098175540106,43
25,0.51,123.2393980233603,22260,G,11,662.6235399820306,59
26,0.53,122.5108451434497,23144,G,11,529.294849637055,49
27,0.55,122.33736844294688,24039,G,11,613.586255667873,59
28,0.5700000000000001,122.3422298924386,24916,G,11,531.7868036602987,53
29,0.59,121.09047212962246,25798,G,11,610.5124428250252,63
30,0.61,120.11677927927929,26640,G,11,600.6006006006006,64
31,0.63,120.5101432414746,27506,G,11,608.9580455173417,67
32,0.65,119.82841360869718,28423,G,11,536.5373113323717,61
33,0.67,121.50257863998087,29279,G,11,648.9292667099286,76
34,0.69,120.64935625165914,30136,G,11,514.3350146004778,62
35,0.71,121.21907216494846,31040,G,11,612.1134020618557,76
36,0.73,120.67604705882353,31875,G,11,666.6666666666666,85
37,0.75,119.33043531313871,32781,G,11,594.8567767914341,78
38,0.77,118.28325364535384,33673,G,11,519.7042140587414,70
39,0.79,117.56544183753371,34481,G,11,543.7777326643659,75
40,0.81,118.31762711864407,35400,G,11,466.1016949152542,66
41,0.83,119.8369328368501,36255,G,11,406.8404358019584,59
42,0.85,122.63308112765556,37139,G,11,491.39718355367677,73
43,0.87,123.64275081078208,37618,G,11,345.57924397894624,52
44,0.89,125.09066013260306,34690,G,11,417.9878927644855,58
45,0.91,123.76352705410822,30439,G,11,287.4601662341076,35
46,0.9299999999999999,125.12301658049563,28045,G,11,329.82706364770905,37
47,0.95,126.69751053236308,26110,G,11,315.9708923783991,33
48,0.97,124.16101660007415,24277,G,11,247.14750586975327,24
49,0.99,125.62530338466969,22661,G,11,330.96509421473013,30
0,0.01,120.49038461538461,416,G,12,0.0,0
1,0.03,121.42914012738854,1256,G,12,398.0891719745223,2
2,0.05,121.1268620855358,2081,G,12,600.6727534839019,5
3,0.07,122.0344592289321,2931,G,12,597.0658478335039,7
4,0.09,121.89268553123331,3746,G,12,400.427122263748,6
5,0.11,122.83373179743533,4601,G,12,815.0402086502934,15
6,0.13,120.7741994847258,5434,G,12,552.0794994479205,12
7,0.15000000000000002,120.63899552143315,6252,G,12,559.8208573256558,14
8,0.16999999999999998,118.78550316678395,7105,G,12,422.23786066150603,12
9,0.19,120.07149172666414,7917,G,12,599.9747379057724,19
10,0.21000000000000002,120.05529010238908,8790,G,12,597.2696245733789,21
11,0.22999999999999998,119.13818675579695,9574,G,12,365.5734280342595,14
12,0.25,120.24388145315487,10460,G,12,597.5143403441683,25
13,0.27,118.86147839204898,11269,G,12,665.5426390984117,30
14,0.29000000000000004,119.21205117622782,12115,G,12,557.1605447791994,27
15,0.31,119.98438104074847,12933,G,12,579.9118533982835,30
16,0.33,119.92583732057416,13794,G,12,489.34319269247504,27
17,0.35,120.81923498766109,14588,G,12,685.4949273375378,40
18,0.37,119.34241169620908,15458,G,12,533.7042308189934,33
19,0.39,119.20808254514188,16282,G,12,614.1751627564182,40
20,0.41000000000000003,119.01243795620438,17125,G,12,569.3430656934307,39
21,0.43,118.77055118987906,17943,G,12,640.918464024968,46
22,0.45,117.71176783812567,18780,G,12,452.60915867944624,34
23,0.47,116.86359005704972,19632,G,12,598.5126324368379,47
24,0.49,117.06124144672532,20460,G,12,537.6344086021505,44
25,0.51,117.1951757473368,21309,G,12,574.8744661879957,49
26,0.53,117.27709097495811,22083,G,12,679.2555359326179,60
27,0.55,116.57147201946472,23016,G,12,608.2725060827252,56
28,0.5700000000000001,116.37532101208268,23753,G,12,610.4492064160316,58
29,0.59,117.08426897977382,24671,G,12,547.2011673624904,54
30,0.61,116.42596810933941,25462,G,12,579.2946351425654,59
31,0.63,116.2663979618997,26299,G,12,532.3396326856534,56
32,0.65,116.43879056047197,27120,G,12,663.7168141592921,72
33,0.67,116.08710092136276,28002,G,12,508.892221984144,57
34,0.69,115.61057859276238,28794,G,12,573.0360491769119,66
35,0.71,114.89236427438675,29637,G,12,607.3489219556635,72
36,0.73,115.36885622416169,30478,G,12,680.8189513747622,83
37,0.75,113.83309384679248,31317,G,12,502.92173579844814,63
38,0.77,112.58183005722816,32152,G,12,559.8407564070665,72
39,0.79,112.71933175671579,32982,G,12,576.0717967376145,76
40,0.81,113.39916563110243,33798,G,12,562.1634416237647,76
41,0.83,112.27175700233651,34667,G,12,512.0143075547351,71
42,0.85,112.5904941680284,35494,G,12,415.56319377923035,59
43,0.87,113.63861358881181,36324,G,12,378.53760599052976,55
44,0.89,113.76655005382132,37160,G,12,363.29386437029063,54
45,0.91,115.71422352813146,36756,G,12,367.2869735553379,54
46,0.9299999999999999,120.78927127223369,35363,G,12,275.711902270735,39
47,0.95,126.83261078297303,34369,G,12,312.7818673804883,43
48,0.97,127.73439327369852,31637,G,12,173.8470777886652,22
49,0.99,129.2171153606836,24107,G,12,207.40863649562368,20
0,0.01,117.15704387990762,433,G,13,577.3672055427253,1
1,0.03,120.38021638330757,1294,G,13,579.5981452859351,3
2,0.05,119.54696899583526,2161,G,13,578.4359093012495,5
3,0.07,122.30360092500825,3027,G,13,578.1301618764454,7
4,0.09,121.25970686551813,3889,G,13,578.5548984314735,9
5,0.11,120.75862794612794,4752,G,13,473.48484848484844,9
6,0.13,122.30201103399182,5619,G,13,578.3947321587472,13
7,0.15000000000000002,119.44878124035792,6482,G,13,424.25177414378277,11
8,0.16999999999999998,118.80678104575163,7344,G,13,578.7037037037037,17
9,0.19,119.92963233503774,8214,G,13,608.7168249330413,20
10,0.21000000000000002,118.60833608997685,9069,G,13,358.36365641195283,13
11,0.22999999999999998,119.87647117996177,9941,G,13,528.1158837139121,21
12,0.25,119.98417692236514,10807,G,13,693.9946331081707,30
13,0.27,119.7837559972584,11672,G,13,514.0507196710075,24
14,0.29000000000000004,118.32987634623055,12535,G,13,598.3246908655764,30
15,0.31,118.5699454776309,13389,G,13,504.14519381581897,27
16,0.33,119.2659052690583,14272,G,13,525.5044843049327,30
17,0.35,119.44813662540544,15107,G,13,562.6530747335672,34
18,0.37,118.63268112771145,15997,G,13,562.6054885290991,36
19,0.39,118.2911670426214,16846,G,13,652.973999762555,44
20,0.41000000000000003,117.30838272650297,17715,G,13,550.3810330228621,39
21,0.43,117.11071063532196,18589,G,13,618.6454354725914,46
22,0.45,117.76062352093837,19438,G,13,578.7632472476593,45
23,0.47,117.63876586950103,20322,G,13,528.9833677787619,43
24,0.49,117.08130580620778,21167,G,13,625.9743941040299,53
25,0.51,116.9297378209199,22046,G,13,521.6365780640479,46
26,0.53,116.62414320017463,22905,G,13,622.1349050425672,57
27,0.55,116.12272803769774,23768,G,13,546.9538875799394,52
28,0.5700000000000001,115.32435834957765,24624,G,13,619.3144899285251,61
29,0.59,115.51323062448547,25509,G,13,548.8259045826962,56
30,0.61,115.78790870770516,26333,G,13,541.1460904568413,57
31,0.63,116.63093752294252,27242,G,13,559.7973717054548,61
32,0.65,115.88450854700855,28080,G,13,560.8974358974359,63
33,0.67,115.60035229509896,28953,G,13,483.54229268124203,56
34,0.69,115.29148779178965,29816,G,13,679.1655486986853,81
35,0.71,113.97875321797504,30687,G,13,537.6869684231108,66
36,0.73,113.28068174618261,31566,G,13,546.4740543622886,69
37,0.75,113.42116144161935,32408,G,13,555.418415206122,72
38,0.77,113.13659724100621,33273,G,13,518.4383734559553,69
39,0.79,113.15202415501422,34113,G,13,564.3009996189137,77
40,0.81,112.30110505125496,35021,G,13,578.2244938751036,81
41,0.83,111.06748466257669,35860,G,13,557.7244841048523,80
42,0.85,110.96246663398159,36714,G,13,476.6574058942093,70
43,0.87,112.36183563319241,37611,G,13,392.17250272526655,59
44,0.89,114.2044414395673,38456,G,13,260.0374453921365,40
45,0.91,116.61277363911418,39331,G,13,324.17177290178233,51
46,0.9299999999999999,118.91279397173581,37291,G,13,268.161218524577,40
47,0.95,118.48967437042792,30894,G,13,267.0421441056516,33
48,0.97,122.08798795490434,27231,G,13,257.0599684183467,28
49,0.99,126.098306983156,23213,G,13,140.00775427562144,13
0,0.01,113.85553047404063,443,G,14,0.0,0
1,0.03,115.89834337349397,1328,G,14,376.50602409638554,2
2,0.05,118.70572207084469,2202,G,14,681.1989100817439,6
3,0.07,118.21717990275526,3085,G,14,243.11183144246354,3
4,0.09,119.064418721691,3974,G,14,691.9979869149471,11
5,0.11,118.02073921971252,4870,G,14,410.6776180698152,8
6,0.13,119.46480097340518,5753,G,14,651.8338258300018,15
7,0.15000000000000002,119.30449879227054,6624,G,14,415.1570048309179,11
8,0.16999999999999998,119.78259130898427,7502,G,14,533.1911490269262,16
9,0.19,117.64351354576918,8379,G,14,417.71094402673356,14
10,0.21000000000000002,118.21873652436395,9276,G,14,565.9767141009056,21
11,0.22999999999999998,118.16045253320216,10165,G,14,491.8839153959666,20
12,0.25,118.77875384894041,11042,G,14,747.1472559318964,33
13,0.27,117.26219614417435,11930,G,14,481.97820620284995,23
14,0.29000000000000004,116.89263995010135,12826,G,14,701.6996725401528,36
15,0.31,117.00474868497955,13688,G,14,639.2460549386325,35
16,0.33,116.4172676694828,14559,G,14,532.3167799986263,31
17,0.35,117.18338629142079,15421,G,14,583.6197393165165,36
18,0.37,116.85966196839344,16389,G,14,472.8781499786442,31
19,0.39,115.03878534517796,17223,G,14,537.0725193055798,37
20,0.41000000000000003,116.4530810393336,18127,G,14,537.8716831246207,39
21,0.43,116.52496704455577,18965,G,14,500.9227524387029,38
22,0.45,117.79038335929256,19903,G,14,514.9977390343164,41
23,0.47,118.04829915560917,20725,G,14,566.9481302774427,47
24,0.49,117.30079460408389,21646,G,14,485.0780744710339,42
25,0.51,117.67773185797449,22503,G,14,577.7007510109763,52
26,0.53,116.13335323467952,23449,G,14,565.0560791504969,53
27,0.55,115.7248291759282,24294,G,14,576.2739771136906,56
28,0.5700000000000001,114.94410504601714,25208,G,14,555.3792446842273,56
29,0.59,113.7137475011533,26012,G,14,605.4897739504844,63
30,0.61,115.13903842583998,26935,G,14,640.4306664191573,69
31,0.63,114.21144439648971,27804,G,14,566.4652567975832,63
32,0.65,114.3940121009806,28758,G,14,582.44662354823,67
33,0.67,113.94737198132991,29566,G,14,625.7187309747684,74
34,0.69,112.77065573770491,30500,G,14,516.3934426229508,63
35,0.71,112.80229591836735,31360,G,14,605.8673469387755,76
36,0.73,112.99426765407617,32273,G,14,604.22024602609,78
37,0.75,111.82117483447713,33077,G,14,536.6266590077698,71
38,0.77,111.04690166539163,33986,G,14,559.0537280056494,76
39,0.79,111.41842934938377,34890,G,14,523.0725136142162,73
40,0.81,111.06640243391855,35827,G,14,523.3483127250398,75
41,0.83,113.4853947906723,36665,G,14,415.927996727124,61
42,0.85,116.05993447164434,37541,G,14,359.6068298660132,54
43,0.87,116.87654417513683,38370,G,14,358.3528798540526,55
44,0.89,116.61492367343618,36881,G,14,359.2635774518045,53
45,0.91,116.10806401004079,31870,G,14,337.307812990273,43
46,0.9299999999999999,114.09047940580689,29620,G,14,227.88656313301826,27
47,0.95,117.25176342919154,27645,G,14,280.34002532103455,31
48,0.97,117.25383548067393,25225,G,14,317.14568880079287,32
49,0.99,117.6424818285314,22838,G,14,262.72002802346964,24
0,0.01,117.46803652968036,438,G,15,570.7762557077626,1
1,0.03,114.92530487804878,1312,G,15,762.1951219512194,4
2,0.05,116.03272727272727,2200,G,15,227.2727272727273,2
3,0.07,118.79081133919844,3069,G,15,814.5975887911372,10
4,0.09,117.46975449253354,3951,G,15,379.65072133637057,6
5,0.11,116.63498964803313,4830,G,15,672.8778467908902,13
6,0.13,118.37688530340232,5702,G,15,613.8197123816205,14
7,0.15000000000000002,117.7024768272299,6581,G,15,683.7866585625285,18
8,0.16999999999999998,118.10573572768695,7462,G,15,402.0369874028411,12
9,0.19,119.21832592770505,8327,G,15,630.4791641647653,21
10,0.21000000000000002,119.94025805052586,9223,G,15,487.9106581372655,18
11,0.22999999999999998,119.15166534496431,10088,G,15,594.7660586835844,24
12,0.25,119.19859514687101,10962,G,15,570.1514322203977,25
13,0.27,119.20047209576799,11862,G,15,653.3468217838476,31
14,0.29000000000000004,118.9577896557145,12722,G,15,550.2279515799403,28
15,0.31,119.08376231798793,13598,G,15,588.3218120311811,32
16,0.33,118.6152625405368,14493,G,15,465.7420823845995,27
17,0.35,117.98116895810256,15347,G,15,602.7236593471036,37
18,0.37,117.61492518933564,16241,G,15,631.1187734745398,41
19,0.39,116.6482617586912,17115,G,15,598.8898626935437,41
20,0.41000000000000003,116.01468869971625,17973,G,15,500.75112669003505,36
21,0.43,116.43745365956995,18882,G,15,556.0851604702892,42
22,0.45,116.70441876963616,19734,G,15,582.7505827505828,46
23,0.47,116.76090014064698,20619,G,15,581.9874872690237,48
24,0.49,116.69842007434944,21520,G,15,534.3866171003718,46
25,0.51,116.83143304270065,22365,G,15,648.3344511513526,58
26,0.53,116.72959030136279,23261,G,15,591.1181806457159,55
27,0.55,115.86755021743632,24145,G,15,538.4137502588528,52
28,0.5700000000000001,115.86498919913593,24998,G,15,500.040003200256,50
29,0.59,116.0967131435634,25891,G,15,598.6636282878221,62
30,0.61,115.76190476190476,26775,G,15,597.5723622782447,64
31,0.63,115.24476866266019,27622,G,15,515.8931286655564,57
32,0.65,115.03300515048527,28541,G,15,586.8750218983217,67
33,0.67,114.38526989313185,29382,G,15,570.076917840855,67
34,0.69,113.5787318361955,30280,G,15,602.7080581241744,73
35,0.71,113.03439094029707,31171,G,15,505.27734111834724,63
36,0.73,113.17514371407148,32008,G,15,624.8437890527368,80
37,0.75,112.36443715448637,32922,G,15,493.59091185225685,65
38,0.77,112.20481178977273,33792,G,15,569.6614583333334,77
39,0.79,111.65925156525,34659,G,15,540.9850255344933,75
40,0.81,110.81262832231754,35555,G,15,457.03839122486295,65
41,0.83,110.20174089735845,36418,G,15,507.9905541215882,74
42,0.85,109.81283694981627,37283,G,15,422.4445457715313,63
43,0.87,111.00738664641014,38177,G,15,366.7129423474868,56
44,0.89,114.38353357071496,39037,G,15,313.8048518072598,49
45,0.91,113.65951265933735,39931,G,15,200.34559615336454,32
46,0.9299999999999999,117.37534849221169,39097,G,15,249.3797478067371,39
47,0.95,119.80203801236547,34936,G,15,207.52232653995878,29
48,0.97,122.6993492274003,32423,G,15,239.02785059988278,31
49,0.99,127.25074248604126,25253,G,15,296.9944165049697,30
0,0.01,128.8448275862069,348,G,16,0.0,0
1,0.03,130.56542502387774,1047,G,16,716.3323782234958,3
2,0.05,127.14080459770115,1740,G,16,431.0344827586207,3
3,0.07,122.93739770867431,2444,G,16,409.16530278232403,4
4,0.09,123.67719298245613,3135,G,16,877.1929824561404,11
5,0.11,124.72241064440387,3833,G,16,260.89225150013044,4
6,0.13,123.40282373703948,4533,G,16,496.3600264725348,9
7,0.15000000000000002,121.30550248376004,5234,G,16,286.5876958349255,6
8,0.16999999999999998,121.61012658227848,5925,G,16,464.13502109704643,11
9,0.19,120.74282260501663,6618,G,16,566.6364460562104,15
10,0.21000000000000002,118.02428045287137,7331,G,16,375.1193561587778,11
11,0.22999999999999998,117.27680019967552,8013,G,16,467.98951703481845,15
12,0.25,117.20112372434353,8721,G,16,458.6629973626878,16
13,0.27,116.28718766613504,9405,G,16,398.72408293460927,15
14,0.29000000000000004,117.31696472680565,10121,G,16,568.1256792807035,23
15,0.31,116.72187210379981,10790,G,16,486.56163113994444,21
16,0.33,117.52118423337384,11518,G,16,564.3340857787811,26
17,0.35,116.85232863233847,12196,G,16,307.4778615939652,15
18,0.37,116.15113662813252,12889,G,16,465.51322833423853,24
19,0.39,115.37677428844599,13597,G,16,441.2738103993528,24
20,0.41000000000000003,115.446427321716,14289,G,16,472.39134998950243,27
21,0.43,113.60444029601973,14999,G,16,500.03333555570373,30
22,0.45,116.39890327105783,15683,G,16,478.2248294331442,30
23,0.47,115.06264487007442,16394,G,16,503.23289008173725,33
24,0.49,114.91421539903902,17066,G,16,483.4173209891012,33
25,0.51,114.9282543963144,17799,G,16,463.50918590932076,33
26,0.53,114.56999025657682,18474,G,16,500.70369167478617,37
27,0.55,114.93107945948766,19167,G,16,404.3407940731465,31
28,0.5700000000000001,114.75589005235602,19864,G,16,516.0088602496979,41
29,0.59,113.91781287970838,20575,G,16,473.8760631834751,39
30,0.61,114.50895922494475,21263,G,16,564.3606264402953,48
31,0.63,112.99836087966125,21963,G,16,489.4595455994172,43
32,0.65,113.95697074010327,22659,G,16,551.6571781632023,50
33,0.67,114.06537851848678,23341,G,16,514.1167901975065,48
34,0.69,116.20048208793949,24062,G,16,623.3895769262738,60
35,0.71,115.27719283870704,24409,G,16,522.3483141464214,51
36,0.73,113.6743132257151,24717,G,16,505.7248047902254,50
37,0.75,113.51330509828992,25028,G,16,469.4741889084226,47
38,0.77,113.5613761063719,24969,G,16,610.7573391004846,61
39,0.79,112.1260605057319,24163,G,16,413.8558953772296,40
40,0.81,115.89360026527397,24126,G,16,507.75097405288903,49
41,0.83,117.4894592888702,23765,G,16,357.6688407321692,34
42,0.85,117.68146365748423,24104,G,16,373.3820112844341,36
43,0.87,118.75394489412149,24462,G,16,419.01725124683185,41
44,0.89,120.021171857983,22955,G,16,413.8531910259203,38
45,0.91,116.98325021172485,21254,G,16,364.6372447539287,31
46,0.9299999999999999,119.32938574938575,20350,G,16,479.1154791154791,39
47,0.95,116.09747863698702,18958,G,16,461.5465766431058,35
48,0.97,113.46604572396275,17715,G,16,352.80835450183463,25
49,0.99,115.01282051282051,16848,G,16,296.77113010446345,20
0,0.01,130.76436781609195,348,G,17,1436.7816091954023,2
1,0.03,125.54588457899716,1057,G,17,236.51844843897825,1
2,0.05,129.34547524188957,1757,G,17,569.1519635742744,4
3,0.07,130.85325203252032,2460,G,17,813.0081300813008,8
4,0.09,129.89820359281438,3173,G,17,393.9489442168295,5
5,0.11,132.53611183018378,3863,G,17,647.1654154801968,10
6,0.13,130.39623879291494,4573,G,17,492.0183686857643,9
7,0.15000000000000002,131.6277524677297,5268,G,17,711.8451025056947,15
8,0.16999999999999998,130.0,5972,G,17,376.7582049564635,9
9,0.19,129.6857825567503,6696,G,17,672.0430107526882,18
10,0.21000000000000002,129.67298835004064,7382,G,17,745.0555405039285,22
11,0.22999999999999998,129.3704253214639,8088,G,17,680.0197823936696,22
12,0.25,129.941122982496,8798,G,17,625.142077744942,22
13,0.27,129.02665402444163,9492,G,17,842.8150021070375,32
14,0.29000000000000004,128.0907841790166,10189,G,17,711.5516733732456,29
15,0.31,126.58808409070045,10893,G,17,780.3176351785551,34
16,0.33,126.18944019262189,11629,G,17,580.4454381288159,27
17,0.35,126.60340058574683,12292,G,17,650.8298080052067,32
18,0.37,126.0074483605928,13023,G,17,652.6913921523459,34
19,0.39,125.09526588372601,13709,G,17,674.7392224086367,37
20,0.41000000000000003,125.00555401277423,14404,G,17,676.8953068592058,39
21,0.43,124.42659974905897,15143,G,17,808.954632503467,49
22,0.45,123.59269805112629,15804,G,17,632.7512022272842,40
23,0.47,122.62502266545785,16545,G,17,710.1843457237836,47
24,0.49,121.5802949372968,17224,G,17,566.0705991639572,39
25,0.51,119.95070540344616,17933,G,17,585.5127418725256,42
26,0.53,119.20759480073048,18618,G,17,751.9604683639488,56
27,0.55,119.75907164271685,19346,G,17,697.818670526207,54
28,0.5700000000000001,117.29900249376558,20050,G,17,548.6284289276808,44
29,0.59,117.46110093512003,20746,G,17,698.9299142003277,58
30,0.61,116.14266411964776,21463,G,17,675.5812328192704,58
31,0.63,114.11640617942,22138,G,17,564.6399855452164,50
32,0.65,112.64085277765618,22843,G,17,569.1021319441405,52
33,0.67,112.86237062058811,23091,G,17,573.8166385171712,53
34,0.69,112.72329119348618,23335,G,17,460.68137990143566,43
35,0.71,114.13283047813859,23466,G,17,713.7986874627121,67
36,0.73,113.46644962158048,23651,G,17,570.8003889898947,54
37,0.75,110.50953655680107,23908,G,17,481.01054040488543,46
38,0.77,109.5345020979602,24071,G,17,467.36737152590257,45
39,0.79,109.20239040494798,23929,G,17,459.69325922520795,44
40,0.81,114.5758709570134,24054,G,17,415.73127130622765,40
41,0.83,113.17975999010268,24249,G,17,360.83962225246404,35
42,0.85,111.76110884631063,24530,G,17,407.6640847941296,40
43,0.87,113.54269881311774,24181,G,17,392.87043546586165,38
44,0.89,111.3784699656485,21542,G,17,429.39374245659644,37
45,0.91,105.59899015400151,19805,G,17,353.44609946983087,28
46,0.9299999999999999,108.19098723625945,19195,G,17,338.6298515238343,26
47,0.95,106.11375559114252,18109,G,17,248.49522336959524,18
48,0.97,103.95216617210683,16850,G,17,281.89910979228483,19
49,0.99,106.50547422024188,15710,G,17,381.9223424570338,24
0,0.01,131.53551912568307,366,G,18,683.0601092896175,1
1,0.03,130.42440318302388,1131,G,18,221.04332449160037,1
2,0.05,132.33746630727762,1855,G,18,808.6253369272238,6
3,0.07,129.69092301800077,2611,G,18,382.99502106472613,4
4,0.09,130.50388059701493,3350,G,18,597.0149253731344,8
5,0.11,129.2297165200391,4092,G,18,549.8533724340176,9
6,0.13,128.91148620831618,4858,G,18,617.5380815150269,12
7,0.15000000000000002,128.3168458781362,5580,G,18,448.02867383512546,10
8,0.16999999999999998,129.23359621451104,6340,G,18,512.6182965299685,13
9,0.19,129.1631526814773,7067,G,18,601.3867270411773,17
10,0.21000000000000002,128.48683201227308,7822,G,18,671.1838404500129,21
11,0.22999999999999998,128.78765288293536,8585,G,18,582.4111822947001,20
12,0.25,128.50220406407914,9301,G,18,483.8189441995484,18
13,0.27,128.85815179548393,10053,G,18,621.7049636924302,25
14,0.29000000000000004,128.29793919231125,10821,G,18,669.9935310969412,29
15,0.31,129.04180398959238,11530,G,18,498.6990459670425,23
16,0.33,128.02566810169768,12311,G,18,507.67606205832186,25
17,0.35,128.7570803591987,13029,G,18,633.2028551692379,33
18,0.37,128.23521729666982,13783,G,18,598.5634477254589,33
19,0.39,128.6640764681612,14542,G,18,515.7474900288819,30
20,0.41000000000000003,129.18906516323588,15254,G,18,590.0091779205455,36
21,0.43,128.66377913498692,16046,G,18,514.1468278698742,33
22,0.45,128.32399163429938,16735,G,18,642.3662981774723,43
23,0.47,128.2112354418817,17516,G,18,570.9065996802923,40
24,0.49,130.02253706033588,18281,G,18,656.4192330835294,48
25,0.51,128.72485238296076,18968,G,18,593.1041754533952,45
26,0.53,129.34400930985632,19764,G,18,556.5674964582068,44
27,0.55,127.66813165348178,20478,G,18,573.7865025881434,47
28,0.5700000000000001,125.97641909065236,21246,G,18,623.6468041043021,53
29,0.59,124.46308084022915,21994,G,18,682.0041829589888,60
30,0.61,122.51999294625931,22683,G,18,562.0949609839969,51
31,0.63,121.68724209809844,23507,G,18,659.3780575998638,62
32,0.65,119.55393839156503,24185,G,18,568.5342154227827,55
33,0.67,119.30870469637571,24998,G,18,630.0504040323226,63
34,0.69,118.01182787331724,25702,G,18,583.6121702591238,60
35,0.71,118.21676256814052,26416,G,18,615.1574803149607,65
36,0.73,117.33045491291247,27214,G,18,578.7462335562578,63
37,0.75,115.53780068728523,27936,G,18,447.45131729667816,50
38,0.77,111.8945040401226,28712,G,18,539.8439676790192,62
39,0.79,108.9308126871767,29384,G,18,425.4015790906616,50
40,0.81,108.60683144524545,29130,G,18,437.6930998970134,51
41,0.83,111.70607661822986,28766,G,18,382.3958840297573,44
42,0.85,111.57785407129977,28836,G,18,346.78873630184495,40
43,0.87,112.07187898418387,29021,G,18,301.50580614038114,35
44,0.89,111.41392043475231,28706,G,18,296.10534383055807,34
45,0.91,109.7093956738274,26906,G,18,269.4566267746971,29
46,0.9299999999999999,109.27864069690993,24336,G,18,297.91255752794217,29
47,0.95,109.72984312294783,21928,G,18,330.62750820868297,29
48,0.97,108.18698404659408,19745,G,18,227.90579893643962,18
49,0.99,114.96296296296296,18441,G,18,176.23773114256278,13
0,0.01,,0,G,19,0.0,0
1,0.03,,0,G,19,0.0,0
2,0.05,,0,G,19,0.0,0
3,0.07,,0,G,19,0.0,0
4,0.09,,0,G,19,0.0,0
5,0.11,,0,G,19,0.0,0
6,0.13,,0,G,19,0.0,0
7,0.15000000000000002,112.40867579908675,438,G,19,1141.5525114155253,2
8,0.16999999999999998,107.29840972871843,1069,G,19,0.0,0
9,0.19,112.05327342747111,1558,G,19,481.38639281129656,3
10,0.21000000000000002,119.1846547314578,1955,G,19,383.63171355498724,3
11,0.22999999999999998,126.97644089188053,2377,G,19,525.8729490954986,5
12,0.25,127.18138586956522,2944,G,19,509.5108695652174,6
13,0.27,128.31136554035186,3581,G,19,279.2516056967328,4
14,0.29000000000000004,130.27570678008507,3997,G,19,625.4691018263699,10
15,0.31,130.3964309916422,4427,G,19,677.6598147729841,12
16,0.33,130.84267330842673,4818,G,19,622.6650062266501,12
17,0.35,129.45320476460577,5289,G,19,614.4828890149367,13
18,0.37,126.05477308294209,5751,G,19,695.5312119631368,16
19,0.39,126.3731843575419,6265,G,19,598.5634477254589,15
20,0.41000000000000003,124.4666567651864,6733,G,19,519.8277142432794,14
21,0.43,125.05748535621849,7341,G,19,715.161422149571,21
22,0.45,125.04554604932058,7948,G,19,660.5435329642677,21
23,0.47,124.88507219375873,8588,G,19,523.9869585468095,18
24,0.49,124.40580497880204,9199,G,19,489.183606913795,18
25,0.51,125.01019378280178,9908,G,19,454.17844166330235,18
26,0.53,125.29460434820878,11361,G,19,550.1276296100696,25
27,0.55,123.43740305783292,13539,G,19,498.55971637491695,27
28,0.5700000000000001,123.08402100525132,14663,G,19,494.4417922662484,29
29,0.59,122.40166987797046,15570,G,19,481.69556840077075,30
30,0.61,122.77121348991268,16605,G,19,511.89400782896723,34
31,0.63,121.3393038761442,17698,G,19,593.2873771047576,42
32,0.65,116.93531543052003,18768,G,19,559.462915601023,42
33,0.67,116.3488571140872,19862,G,19,541.2345181754104,43
34,0.69,115.16292216263227,20697,G,19,555.6360825240373,46
35,0.71,113.37651000377501,21192,G,19,424.6885617214043,36
36,0.73,114.71184873561093,21631,G,19,600.9893208820674,52
37,0.75,113.02488953016503,22178,G,19,405.8075570385066,36
38,0.77,114.11841164909774,22388,G,19,603.0016080042881,54
39,0.79,112.6691702903325,22767,G,19,417.2706109720209,38
40,0.81,116.05299019182362,23042,G,19,455.6896102768857,42
41,0.83,116.38463182187273,23399,G,19,427.36869096969957,40
42,0.85,116.38999493841742,23708,G,19,390.16365783701707,37
43,0.87,118.8076048238273,23301,G,19,332.60375091197807,31
44,0.89,117.07661615921721,21053,G,19,486.8664798366029,41
45,0.91,115.57603548821213,20063,G,19,523.3514429546927,42
46,0.9299999999999999,116.14424310866998,19481,G,19,436.3225707099225,34
47,0.95,118.18895062048912,19259,G,19,558.1805908925697,43
48,0.97,119.21968895471858,18904,G,19,489.3144308082945,37
49,0.99,120.27398075051369,18494,G,19,527.1980101654591,39
0,0.01,147.55128205128204,468,G,20,534.1880341880342,1
1,0.03,143.02203269367448,1407,G,20,888.4150675195452,5
2,0.05,139.03374626228108,2341,G,20,213.58393848782575,2
3,0.07,140.70607902735563,3290,G,20,531.9148936170213,7
4,0.09,140.2763438313995,4223,G,20,295.99810561212405,5
5,0.11,141.27421236872812,5142,G,20,583.4305717619603,12
6,0.13,141.05096689609965,6102,G,20,573.5824319895116,14
7,0.15000000000000002,138.5466306511231,7034,G,20,426.49985783338076,12
8,0.16999999999999998,137.24818159016806,7974,G,20,376.2227238525207,12
9,0.19,136.86499831668723,8911,G,20,448.8834025361913,16
10,0.21000000000000002,136.20382230354784,9837,G,20,609.942055504727,24
11,0.22999999999999998,137.5679436044894,10781,G,20,556.5346442816066,24
12,0.25,135.69788648372253,11734,G,20,362.19532981080624,17
13,0.27,134.7717511447971,12666,G,20,414.4954997631454,21
14,0.29000000000000004,134.47686413203655,13572,G,20,368.40554081933396,20
15,0.31,136.5060506050605,14544,G,20,343.78437843784377,20
16,0.33,137.55823267230798,15481,G,20,436.01834506814805,27
17,0.35,137.08325720202205,16419,G,20,441.5616054570924,29
18,0.37,136.1373521776752,17335,G,20,259.59042399769254,18
19,0.39,136.92250054692627,18284,G,20,437.5410194705754,32
20,0.41000000000000003,137.72574015297363,19219,G,20,390.2388261616109,30
21,0.43,138.5688569303248,20165,G,20,396.7270022315894,32
22,0.45,137.728164077302,21112,G,20,509.1890867752937,43
23,0.47,136.38505199110023,22023,G,20,283.79421513871864,25
24,0.49,135.56420419897205,22958,G,20,435.57801202195316,40
25,0.51,134.7533113274558,23933,G,20,438.7247733255338,42
26,0.53,134.26857027950936,24865,G,20,382.06314096119047,38
27,0.55,134.43734233709785,25767,G,20,397.7956300694687,41
28,0.5700000000000001,133.97867404968574,26728,G,20,411.5534271176295,44
29,0.59,133.84273318872016,27660,G,20,397.68618944323936,44
30,0.61,133.63386487620647,28596,G,20,507.063925024479,58
31,0.63,132.38979094783843,29562,G,20,414.3833299506123,49
32,0.65,132.0378782905534,30466,G,20,459.52865489398016,56
33,0.67,132.2952605427443,31396,G,20,485.73066632692064,61
34,0.69,131.9706027820711,32350,G,20,440.4945904173107,57
35,0.71,131.06302710165372,33319,G,20,480.2064887901798,64
36,0.73,131.9499780861943,34225,G,20,445.58071585098617,61
37,0.75,131.68390346633274,35138,G,20,426.8882691103649,60
38,0.77,128.98055886344125,36109,G,20,456.9497909108533,66
39,0.79,127.32280531260123,37044,G,20,506.1548428895368,75
40,0.81,124.22050269772339,37995,G,20,486.90617186471906,74
41,0.83,122.35218072939423,38909,G,20,366.23917345601274,57
42,0.85,121.65791587190041,39844,G,20,345.09587390824214,55
43,0.87,116.04634511169417,40781,G,20,294.2546774233099,48
44,0.89,113.22686545059611,40513,G,20,320.88465430849357,52
45,0.91,110.70429994203509,37954,G,20,302.9983664435896,46
46,0.9299999999999999,109.80146383467279,34840,G,20,308.5533869115959,43
47,0.95,109.64991144743198,31055,G,20,241.5070037031074,30
48,0.97,110.90706046579972,27222,G,20,211.2262140915436,23
49,0.99,109.0335193238697,24374,G,20,164.10929679166324,16
0,0.01,138.37299771167048,437,G,21,572.0823798627002,1
1,0.03,145.55161787365176,1298,G,21,385.20801232665644,2
2,0.05,144.91278264882325,2167,G,21,461.4674665436087,4
3,0.07,143.68162463150998,3053,G,21,409.43334425155587,5
4,0.09,141.06013306038895,3908,G,21,447.79938587512794,7
5,0.11,144.64947589098531,4770,G,21,524.1090146750524,10
6,0.13,145.27111740747299,5647,G,21,486.9842394191606,11
7,0.15000000000000002,144.7531053519399,6521,G,21,460.0521392424475,12
8,0.16999999999999998,146.0246378773521,7387,G,21,406.1188574522811,12
9,0.19,142.76728110599078,8246,G,21,576.036866359447,19
10,0.21000000000000002,144.91517808219177,9125,G,21,410.95890410958907,15
11,0.22999999999999998,144.83169901941164,9994,G,21,450.2701620972584,18
12,0.25,142.79047706759994,10858,G,21,552.5879535826119,24
13,0.27,140.44266348367296,11729,G,21,490.237871941342,23
14,0.29000000000000004,140.41821502302685,12594,G,21,635.2231221216452,32
15,0.31,140.0063126624582,13465,G,21,556.9996286669142,30
16,0.33,137.94721428073356,14341,G,21,540.4086186458406,31
17,0.35,138.53931107020773,15212,G,21,608.0725742834604,37
18,0.37,138.80549498473616,16051,G,21,420.5345461341973,27
19,0.39,139.9622218286996,16941,G,21,649.3123192255475,44
20,0.41000000000000003,138.6559188022206,17833,G,21,518.7012841361521,37
21,0.43,138.73668417104275,18662,G,21,442.0748044153896,33
22,0.45,138.5280208813143,19539,G,21,575.7715338553662,45
23,0.47,139.59791340125392,20416,G,21,551.0384012539184,45
24,0.49,142.14263587721769,21306,G,21,528.0202759785976,45
25,0.51,142.48936650562152,22147,G,21,688.5808461642661,61
26,0.53,144.5281001434346,23007,G,21,554.1791628634763,51
27,0.55,146.65021558039265,23889,G,21,596.5088534471932,57
28,0.5700000000000001,149.73113854595337,24786,G,21,544.6623093681917,54
29,0.59,151.90780584950602,25609,G,21,556.4449998047561,57
30,0.61,153.18339935861158,26505,G,21,641.3884172797586,68
31,0.63,155.9762662278296,27345,G,21,557.6887913695374,61
32,0.65,157.33516172411353,28258,G,21,548.5172340576121,62
33,0.67,158.32313030334262,29109,G,21,687.0727266481157,80
34,0.69,158.98604992657857,29964,G,21,559.0041382992925,67
35,0.71,159.88100181676614,30824,G,21,713.7295613807423,88
36,0.73,156.37944838455476,31725,G,21,551.6154452324665,70
37,0.75,154.89457535591555,32592,G,21,621.3181148748159,81
38,0.77,152.52979875003737,33441,G,21,500.8821506533896,67
39,0.79,147.5558439286131,34292,G,21,473.87145689956844,65
40,0.81,146.02602494530785,35197,G,21,497.201466034037,70
41,0.83,142.90013858093127,36080,G,21,401.88470066518846,58
42,0.85,136.95057714192814,36906,G,21,257.4107191242616,38
43,0.87,129.29240261631756,37763,G,21,211.84757566930594,32
44,0.89,125.0180691110525,37910,G,21,178.05328409390663,27
45,0.91,123.81842369614205,36833,G,21,190.04696875084844,28
46,0.9299999999999999,126.6498687194176,33516,G,21,149.1824800095477,20
47,0.95,123.06462661970465,30947,G,21,137.33156687239475,17
48,0.97,121.87058945620589,28908,G,21,86.48125086481251,10
49,0.99,118.20233507573734,26209,G,21,181.235453470182,19
0,0.01,135.85294117647058,442,G,22,0.0,0
1,0.03,136.81374045801527,1310,G,22,190.83969465648855,1
2,0.05,142.11852861035422,2202,G,22,794.7320617620345,7
3,0.07,139.4204174820613,3066,G,22,407.6973255055447,5
4,0.09,140.49241658240646,3956,G,22,379.1708796764409,6
5,0.11,142.05978485726106,4834,G,22,827.4720728175424,16
6,0.13,139.21070175438595,5700,G,22,438.59649122807025,10
7,0.15000000000000002,137.46107148277432,6589,G,22,379.4202458643194,10
8,0.16999999999999998,139.73749832417215,7459,G,22,670.331143584931,20
9,0.19,138.4072696737044,8336,G,22,299.9040307101728,10
10,0.21000000000000002,140.01626368860457,9223,G,22,569.229101160143,21
11,0.22999999999999998,138.08011487423252,10098,G,22,420.8754208754209,17
12,0.25,139.0778770745942,10966,G,22,592.7412000729528,26
13,0.27,137.94013995447264,11861,G,22,505.8595396678189,24
14,0.29000000000000004,136.4636006289308,12720,G,22,452.04402515723274,23
15,0.31,137.90633264766382,13612,G,22,679.5474581251837,37
16,0.33,135.9810995378354,14497,G,22,448.3686279919984,26
17,0.35,135.4772579173726,15346,G,22,651.6356053694775,40
18,0.37,134.35016917871425,16255,G,22,538.295908951092,35
19,0.39,134.74629045449234,17118,G,22,584.1803949059471,40
20,0.41000000000000003,135.10931331665276,17985,G,22,653.3222129552406,47
21,0.43,134.82320880516457,18898,G,22,423.32521959995773,32
22,0.45,136.77827275488508,19754,G,22,594.8162397489116,47
23,0.47,137.23107511759858,20621,G,22,581.9310411716211,48
24,0.49,138.31448500348756,21505,G,22,499.8837479655894,43
25,0.51,139.77427563730524,22399,G,22,602.7054779231216,54
26,0.53,140.7271984519458,23255,G,22,505.267684368953,47
27,0.55,140.81776010603048,24144,G,22,548.790589794566,53
28,0.5700000000000001,142.89420695165802,25030,G,22,479.4246903715541,48
29,0.59,145.56160203923992,25892,G,22,550.3630465008497,57
30,0.61,146.09783866512373,26789,G,22,550.5991265071484,59
31,0.63,147.34187106576948,27642,G,22,452.21040445698577,50
32,0.65,150.45237344543702,28545,G,22,551.7603783499737,63
33,0.67,151.59885757029681,29411,G,22,476.01237632178436,56
34,0.69,147.454392338177,30280,G,22,421.07001321003963,51
35,0.71,146.73221274138706,31174,G,22,425.03368191441587,53
36,0.73,145.63119615432637,32036,G,22,483.8306904732176,62
37,0.75,143.76501025688128,32661,G,22,321.48433912005146,42
38,0.77,146.89030398810078,32271,G,22,364.10399429828635,47
39,0.79,146.97832028823456,32196,G,22,295.0677102745683,38
40,0.81,147.47376428216592,32208,G,22,341.53005464480873,44
41,0.83,143.3991024402406,32087,G,22,311.6526942375417,40
42,0.85,143.23433675577735,31459,G,22,333.7677612130074,42
43,0.87,141.54991982151572,28686,G,22,322.45694763996374,37
44,0.89,142.62450769116444,26914,G,22,287.95422456713976,31
45,0.91,140.28201725282017,25619,G,22,253.71794371365004,26
46,0.9299999999999999,132.34879554051363,25115,G,22,228.94684451522997,23
47,0.95,123.7556357078449,24398,G,22,235.6750553324043,23
48,0.97,123.94938887932518,23236,G,22,182.9058357720778,17
49,0.99,121.28230946882218,21650,G,22,265.58891454965357,23
0,0.01,130.19634703196348,438,G,23,0.0,0
1,0.03,132.7584097859327,1308,G,23,955.6574923547402,5
2,0.05,138.41252302025782,2172,G,23,690.6077348066299,6
3,0.07,140.70248203788373,3062,G,23,653.1678641410842,8
4,0.09,139.6937689969605,3948,G,23,443.26241134751774,7
5,0.11,139.92627401837927,4788,G,23,522.1386800334169,10
6,0.13,140.78638373121132,5655,G,23,574.7126436781609,13
7,0.15000000000000002,140.8605359317905,6568,G,23,609.0133982947625,16
8,0.16999999999999998,141.17149791020628,7417,G,23,707.8333558042335,21
9,0.19,139.53664416586307,8296,G,23,693.1051108968178,23
10,0.21000000000000002,139.07953802571367,9178,G,23,708.2152974504249,26
11,0.22999999999999998,136.11081108110812,9999,G,23,575.057505750575,23
12,0.25,134.93977116704806,10925,G,23,526.3157894736843,23
13,0.27,133.16866960054165,11816,G,23,486.6283006093433,23
14,0.29000000000000004,135.5286810665401,12639,G,23,474.72110135295515,24
15,0.31,134.69768645132677,13529,G,23,517.4070515189593,28
16,0.33,134.7507298762686,14386,G,23,642.9862366189351,37
17,0.35,133.49018581523163,15284,G,23,425.2813399633604,26
18,0.37,135.4393471002844,16174,G,23,540.9917150983059,35
19,0.39,133.49480420360476,17033,G,23,469.67651030352846,32
20,0.41000000000000003,133.5640349893462,17834,G,23,644.835707076371,46
21,0.43,134.59107846268498,18786,G,23,545.619078036836,41
22,0.45,134.43061276379353,19665,G,23,610.2212051868803,48
23,0.47,136.19629539361443,20515,G,23,487.4482086278333,40
24,0.49,138.37528636214876,21389,G,23,619.4773014166161,53
25,0.51,140.28062601187264,22236,G,23,629.6096420219465,56
26,0.53,138.3773886727194,23130,G,23,443.1474275832253,41
27,0.55,141.28576780585271,24023,G,23,603.5882279482163,58
28,0.5700000000000001,142.93699048230994,24901,G,23,522.0673868519336,52
29,0.59,143.64493936567163,25728,G,23,485.8519900497513,50
30,0.61,145.3102812876053,26592,G,23,413.65824308062577,44
31,0.63,145.42269689043883,27528,G,23,599.389712292938,66
32,0.65,143.69933051444679,28380,G,23,414.02396053558846,47
33,0.67,146.93321028165164,29256,G,23,529.8058517910856,62
34,0.69,148.0032579787234,30080,G,23,357.38031914893617,43
35,0.71,147.4379759907061,30988,G,23,411.44959339099006,51
36,0.73,145.77143484810443,31864,G,23,321.67963846346976,41
37,0.75,146.24278342455042,31975,G,23,312.7443315089914,40
38,0.77,140.08094696251342,31638,G,23,347.6831658132625,44
39,0.79,138.18378860803875,31373,G,23,310.7767825837504,39
40,0.81,138.0451307951308,30888,G,23,331.84408184408187,41
41,0.83,144.05162209557213,27372,G,23,319.6697354961275,35
42,0.85,150.14121542656798,25670,G,23,350.60381768601485,36
43,0.87,148.45568751009856,24756,G,23,302.9568589432865,30
44,0.89,147.21054163029473,24057,G,23,332.54354242008566,32
45,0.91,147.26221917338364,23324,G,23,257.2457554450352,24
46,0.9299999999999999,142.60916991841077,22552,G,23,232.79531748847108,21
47,0.95,137.1604427908686,21771,G,23,149.28115382848745,13
48,0.97,126.58894253983583,20710,G,23,205.21487204249155,17
49,0.99,118.19113601120505,19991,G,23,125.05627532389576,10
0,0.01,143.09178743961354,414,G,24,603.864734299517,1
1,0.03,142.3849238171612,1247,G,24,200.48115477145151,1
2,0.05,138.29563967417346,2087,G,24,359.3675131768088,3
3,0.07,138.5056681552731,2911,G,24,429.4057025077293,5
4,0.09,140.45483698556922,3742,G,24,668.0919294494923,10
5,0.11,139.79973793404673,4579,G,24,545.9707359685522,10
6,0.13,140.90670607796048,5413,G,24,738.9617587289858,16
7,0.15000000000000002,139.00736589271418,6245,G,24,360.2882305844676,9
8,0.16999999999999998,137.44279451279874,7071,G,24,636.4022061943148,18
9,0.19,135.65908516552943,7914,G,24,537.0229972201163,17
10,0.21000000000000002,139.82866293034428,8743,G,24,428.9145602196043,15
11,0.22999999999999998,140.67398119122257,9570,G,24,496.34273772204807,19
12,0.25,137.77107970387462,10401,G,24,576.8676088837612,24
13,0.27,137.22057122519797,11239,G,24,400.3914939051517,18
14,0.29000000000000004,137.85969852575784,12074,G,24,683.2864005300646,33
15,0.31,135.12838989617234,12906,G,24,523.0125523012553,27
16,0.33,135.45926465234803,13735,G,24,491.4452129595923,27
17,0.35,134.82769505249433,14573,G,24,428.87531736773485,25
18,0.37,136.65336885192644,15391,G,24,519.7842895198493,32
19,0.39,138.23547174462317,16227,G,24,431.379799100265,28
20,0.41000000000000003,139.30444964871194,17080,G,24,585.480093676815,40
21,0.43,135.2670321064996,17878,G,24,405.5263452287728,29
22,0.45,136.12432605562375,18733,G,24,453.7447285538889,34
23,0.47,139.9614716402657,19570,G,24,459.88758303525805,36
24,0.49,141.46792545365375,20390,G,24,416.87101520353116,34
25,0.51,143.47663243192312,21226,G,24,412.23028361443517,35
26,0.53,145.1915858192039,22058,G,24,419.34898902892377,37
27,0.55,145.5406608756384,22909,G,24,327.3822515168711,30
28,0.5700000000000001,149.02665204740015,23713,G,24,495.5087926453844,47
29,0.59,149.55528395665283,24546,G,24,376.8434775523507,37
30,0.61,150.4731352096044,25405,G,24,472.34796299940956,48
31,0.63,150.57283997711235,26215,G,24,438.6801449551784,46
32,0.65,152.7525052693858,27043,G,24,471.4713604259883,51
33,0.67,154.14544411374476,27887,G,24,510.9907842363826,57
34,0.69,152.61674959117636,28741,G,24,391.42688145854356,45
35,0.71,154.0945511192387,29529,G,24,313.2513799993227,37
36,0.73,149.15122481232714,30372,G,24,238.70670354273673,29
37,0.75,152.95709116526305,31229,G,24,328.2205642191553,41
38,0.77,144.83518756463693,31909,G,24,219.37384436992699,28
39,0.79,141.83029393534076,30653,G,24,301.76491697386876,37
40,0.81,138.956046141607,30168,G,24,248.60779634049325,30
41,0.83,141.71717422096316,28240,G,24,247.87535410764875,28
42,0.85,144.92678765317203,25788,G,24,290.8329455560726,30
43,0.87,146.55568113017154,24775,G,24,221.99798183652877,22
44,0.89,144.77095626700145,23895,G,24,240.63611634233104,23
45,0.91,140.19547622172638,22857,G,24,229.68893555584722,21
46,0.9299999999999999,135.0361976564629,22018,G,24,158.96085021346173,14
47,0.95,130.49852507374632,21357,G,24,234.115278363066,20
48,0.97,118.7380906085942,20572,G,24,230.89636398988918,19
49,0.99,111.13750063422802,19709,G,24,126.8456035313816,10
0,0.01,128.69444444444446,324,G,25,0.0,0
1,0.03,137.32106339468302,978,G,25,766.8711656441718,3
2,0.05,132.60294117647058,1632,G,25,153.18627450980392,1
3,0.07,134.00789820096534,2279,G,25,767.880649407635,7
4,0.09,138.26054421768708,2940,G,25,340.13605442176873,4
5,0.11,136.39324588333798,3583,G,25,348.8696622941669,5
6,0.13,139.27334905660376,4240,G,25,294.811320754717,5
7,0.15000000000000002,138.64817846909537,4886,G,25,613.999181334425,12
8,0.16999999999999998,141.1240520043337,5538,G,25,180.5706031058144,4
9,0.19,140.41064516129032,6200,G,25,524.1935483870968,13
10,0.21000000000000002,141.24543729011535,6849,G,25,511.02350708132576,14
11,0.22999999999999998,140.39538297304512,7494,G,25,266.88017080330934,8
12,0.25,142.40063866371898,8142,G,25,583.394743306313,19
13,0.27,144.4097782831154,8795,G,25,341.1028993746447,12
14,0.29000000000000004,146.02544072627467,9473,G,25,211.1263591259369,8
15,0.31,141.02848664688426,10110,G,25,321.4638971315529,13
16,0.33,134.9895775172157,10746,G,25,395.4959985110739,17
17,0.35,131.30925844668715,11395,G,25,438.7889425186486,20
18,0.37,130.62643011109267,12062,G,25,310.89371580169126,15
19,0.39,134.6416370708608,11826,G,25,274.8181971926264,13
20,0.41000000000000003,139.5284289489387,11731,G,25,490.1542920467138,23
21,0.43,138.89376983464172,11974,G,25,292.2999832971438,14
22,0.45,140.7387629033569,12303,G,25,325.1239535072747,16
23,0.47,142.0292475823571,12719,G,25,412.7682993946065,21
24,0.49,141.0398688824516,13118,G,25,285.866747979875,15
25,0.51,146.1580113762281,13537,G,25,332.42225012927537,18
26,0.53,141.38936276969392,13951,G,25,215.03834850548347,12
27,0.55,140.16983100354685,14379,G,25,330.3428611169066,19
28,0.5700000000000001,144.32339620090585,14793,G,25,253.4982762117218,15
29,0.59,145.6100013229263,15118,G,25,281.12184151342774,17
30,0.61,144.3816112763481,15466,G,25,258.63183757920604,16
31,0.63,142.1546594074449,15796,G,25,221.57508229931628,14
32,0.65,145.0514108527132,16125,G,25,294.5736434108527,19
33,0.67,148.3245694114783,16431,G,25,258.65741586026417,17
34,0.69,144.97910447761194,16750,G,25,238.80597014925377,16
35,0.71,150.78188648236193,17037,G,25,278.8049539238129,19
36,0.73,149.2974356025759,17392,G,25,143.74425022999083,10
37,0.75,147.0480099643322,17663,G,25,240.61597690086623,17
38,0.77,145.56421404682274,17940,G,25,264.7714604236344,19
39,0.79,138.00350973402797,18235,G,25,205.64847820126133,15
40,0.81,134.03986871839018,18586,G,25,174.86279995695688,13
41,0.83,133.5565560821485,18990,G,25,210.637177461822,16
42,0.85,135.82894661391134,17439,G,25,172.0282126268708,12
43,0.87,138.9839135506846,16287,G,25,214.89531528212686,14
44,0.89,139.945568647541,15616,G,25,208.11987704918033,13
45,0.91,139.20474856609312,14994,G,25,250.10004001600643,15
46,0.9299999999999999,142.7267578394806,14478,G,25,293.5488327117005,17
47,0.95,140.68843069873998,14841,G,25,168.45226062933764,10
48,0.97,139.0398651328838,15126,G,25,165.27832870554013,10
49,0.99,141.71492421298095,15438,G,25,113.35665241611609,7
0,0.01,87.48247422680413,485,H,1,515.4639175257732,1
1,0.03,89.66550764951322,1438,H,1,521.5577190542419,3
2,0.05,101.72279685560612,2417,H,1,0.0,0
3,0.07,103.38179669030733,3384,H,1,295.5082742316785,4
4,0.09,101.51209956211109,4339,H,1,403.31873703618345,7
5,0.11,99.11088102409639,5312,H,1,235.31626506024097,5
6,0.13,101.8682108626198,6260,H,1,439.297124600639,11
7,0.15000000000000002,101.76010484204718,7249,H,1,310.3876396744379,9
8,0.16999999999999998,105.54772644154578,8203,H,1,304.7665488236011,10
9,0.19,102.0518332605849,9164,H,1,381.9292885202968,14
10,0.21000000000000002,101.74886654839345,10146,H,1,394.2440370589395,16
11,0.22999999999999998,102.19891696750902,11080,H,1,428.70036101083036,19
12,0.25,103.04778893221605,12053,H,1,456.31792914627067,22
13,0.27,104.8471615720524,13053,H,1,440.5117597487168,23
14,0.29000000000000004,103.98726752503576,13980,H,1,393.4191702432046,22
15,0.31,106.36375175362416,14969,H,1,417.5295610929254,25
16,0.33,107.6655982905983,15912,H,1,439.9195575666164,28
17,0.35,109.17009179745337,16885,H,1,533.0174711282203,36
18,0.37,106.09484882418813,17860,H,1,461.92609182530794,33
19,0.39,104.9563968946081,18806,H,1,358.9280017015846,27
20,0.41000000000000003,107.5951214585122,19801,H,1,542.9018736427454,43
21,0.43,106.82385843097546,20739,H,1,385.7466608804667,32
22,0.45,106.7685961839801,21698,H,1,495.4373674993087,43
23,0.47,107.25231297911711,22698,H,1,539.6951273239933,49
24,0.49,107.00744847433239,23629,H,1,444.36920732997595,42
25,0.51,107.35600243753808,24615,H,1,477.3512086126346,47
26,0.53,107.84160932123866,25576,H,1,439.86549890522366,45
27,0.55,107.69981528254232,26527,H,1,537.1885248991593,57
28,0.5700000000000001,107.71790865821313,27523,H,1,535.9154161973622,59
29,0.59,107.10003867927846,28439,H,1,439.5372551777489,50
30,0.61,106.62257681208624,29455,H,1,483.78883041928367,57
31,0.63,106.66987991445961,30395,H,1,427.70192465866097,52
32,0.65,106.64666305283633,31361,H,1,406.55591339561875,51
33,0.67,107.09766808931775,32334,H,1,448.44436197191806,58
34,0.69,105.99966941155256,33274,H,1,458.3158021277875,61
35,0.71,106.88702098473573,34263,H,1,430.4935353004699,59
36,0.73,106.2821305939442,35239,H,1,404.3815091234144,57
37,0.75,106.52458880442295,36175,H,1,442.294402211472,64
38,0.77,107.39453934095495,37175,H,1,437.1217215870881,65
39,0.79,106.32816890312755,38081,H,1,321.6827289199339,49
40,0.81,104.9620411817368,39095,H,1,351.7073794602891,55
41,0.83,106.15813245495832,40074,H,1,324.39986025852176,52
42,0.85,104.5141331122113,41003,H,1,341.43843133429266,56
43,0.87,105.42672701286327,41980,H,1,321.58170557408295,54
44,0.89,105.99215129142698,42937,H,1,296.94668933553817,51
45,0.91,108.10226150735812,42538,H,1,317.36329869763506,54
46,0.9299999999999999,107.50790420163382,35867,H,1,285.7780132154906,41
47,0.95,106.93255251672058,31847,H,1,211.95089019373881,27
48,0.97,107.49724602203182,29412,H,1,212.4983000135999,25
49,0.99,111.53937115783704,25539,H,1,274.0906065233564,28
0,0.01,113.87904967602591,463,H,2,0.0,0
1,0.03,120.88455988455989,1386,H,2,541.1255411255412,3
2,0.05,125.44554883318928,2314,H,2,540.1901469317199,5
3,0.07,129.06124961526623,3249,H,2,384.7337642351493,5
4,0.09,127.33349305222808,4174,H,2,419.26209870627696,7
5,0.11,126.70076575692127,5093,H,2,441.7828391910466,9
6,0.13,124.06253118243805,6013,H,2,207.88292033926493,5
7,0.15000000000000002,124.0669546436285,6945,H,2,323.97408207343415,9
8,0.16999999999999998,125.40718182971705,7881,H,2,475.82794061667306,15
9,0.19,120.99352051835854,8797,H,2,255.76901216323748,9
10,0.21000000000000002,116.65473987250668,9726,H,2,411.26876413736375,16
11,0.22999999999999998,113.71643051515436,10657,H,2,328.4226330111664,14
12,0.25,113.94598098530683,11570,H,2,561.7977528089888,26
13,0.27,113.04841549295774,12496,H,2,300.09603072983356,15
14,0.29000000000000004,113.25161770174786,13445,H,2,502.04537002603206,27
15,0.31,112.00139198218262,14368,H,2,382.79510022271717,22
16,0.33,112.27111431190258,15274,H,2,343.7213565536205,21
17,0.35,113.58887038065272,16209,H,2,570.670615090382,37
18,0.37,114.04346304182953,17141,H,2,379.2077475059798,26
19,0.39,116.68660684612829,18054,H,2,526.1991802370666,38
20,0.41000000000000003,115.28737751554104,18982,H,2,408.2815298704036,31
21,0.43,114.51853152113948,19939,H,2,426.3002156577562,34
22,0.45,115.3420358016989,20837,H,2,419.9260930076307,35
23,0.47,115.50441257584114,21756,H,2,413.67898510755657,36
24,0.49,115.4404090267983,22688,H,2,473.81875881523274,43
25,0.51,114.88989544088389,23623,H,2,539.7282309613513,51
26,0.53,113.5253319214792,24554,H,2,417.44725910238657,41
27,0.55,113.13714330572674,25477,H,2,500.4513875260038,51
28,0.5700000000000001,113.00851853254079,26413,H,2,359.6713739446485,38
29,0.59,113.05582195541564,27319,H,2,411.80131044328124,45
30,0.61,113.93373237940072,28234,H,2,433.87405256074237,49
31,0.63,112.9197147852319,29171,H,2,437.0779198519077,51
32,0.65,111.26521537134134,30134,H,2,398.22127829030336,48
33,0.67,109.7644139353508,31029,H,2,362.5640529826936,45
34,0.69,112.96340929009641,31948,H,2,352.1347189182422,45
35,0.71,111.31282129277567,32875,H,2,288.97338403041823,38
36,0.73,109.13073577704802,33801,H,2,288.45300434898377,39
37,0.75,108.87710156609857,34736,H,2,331.0686319668356,46
38,0.77,107.6507763017768,35682,H,2,238.21534667339276,34
39,0.79,106.91035236274242,36610,H,2,307.293089319858,45
40,0.81,103.64515268702493,37495,H,2,260.03467128950524,39
41,0.83,105.78751919223463,38427,H,2,305.77458557784894,47
42,0.85,107.90334298633339,39366,H,2,266.72763298277704,42
43,0.87,112.44720127034537,40304,H,2,359.76578007145696,58
44,0.89,114.00803032570202,40098,H,2,280.56262157713604,45
45,0.91,115.32641198188055,38191,H,2,209.47343614987827,32
46,0.9299999999999999,114.00826372315036,33520,H,2,275.9546539379475,37
47,0.95,112.91255504316771,28841,H,2,268.71467702229467,31
48,0.97,115.0467765206166,26338,H,2,246.79170779861798,26
49,0.99,117.97288888888889,24750,H,2,262.62626262626264,26
0,0.01,117.01117318435755,358,H,3,698.3240223463688,1
1,0.03,119.40883458646617,1064,H,3,234.96240601503757,1
2,0.05,123.85075461151482,1789,H,3,558.9714924538848,4
3,0.07,122.15192926045016,2488,H,3,301.4469453376206,3
4,0.09,120.87807920174617,3207,H,3,233.86342376052386,3
5,0.11,124.29577822990845,3932,H,3,190.74262461851475,3
6,0.13,124.99111014744146,4612,H,3,216.82567215958372,4
7,0.15000000000000002,124.43664607898185,5343,H,3,467.9019277559424,10
8,0.16999999999999998,124.9172436531487,6066,H,3,206.06660072535445,5
9,0.19,122.43284466163186,6753,H,3,185.10291722197545,5
10,0.21000000000000002,122.47892209178228,7496,H,3,433.56456776947704,13
11,0.22999999999999998,122.9582570487001,8193,H,3,335.6523861833273,11
12,0.25,122.69307154141278,8862,H,3,225.68269013766644,8
13,0.27,122.53013798111837,9639,H,3,259.36300446104366,10
14,0.29000000000000004,122.79024767801857,10336,H,3,386.9969040247678,16
15,0.31,121.39731494920174,11024,H,3,226.77793904209,10
16,0.33,120.20015278838808,11781,H,3,360.75036075036076,17
17,0.35,117.12264226663456,12459,H,3,200.6581587607352,10
18,0.37,113.60022813688212,13150,H,3,342.20532319391634,18
19,0.39,108.64732463061254,13942,H,3,197.24573231960983,11
20,0.41000000000000003,105.14718377415376,14594,H,3,325.47622310538577,19
21,0.43,103.15772623325711,15305,H,3,163.3453119895459,10
22,0.45,101.68235074161785,16046,H,3,249.28331048236325,16
23,0.47,99.9186860527733,16713,H,3,254.29306527852572,17
24,0.49,98.93929492691315,17445,H,3,343.9380911435942,24
25,0.51,98.05531751263459,18204,H,3,247.1984179301253,18
26,0.53,97.77313733814476,18844,H,3,238.80280195287625,18
27,0.55,96.97040665340069,19599,H,3,267.8708097351906,21
28,0.5700000000000001,99.0965422125899,20302,H,3,246.2811545660526,20
29,0.59,98.67235706451767,20971,H,3,298.03061370463973,25
30,0.61,95.67936230818708,21766,H,3,172.28705320224202,15
31,0.63,95.5164624638004,22445,H,3,267.32011583871684,24
32,0.65,96.42311353409484,23112,H,3,281.239183108342,26
33,0.67,97.89093573372409,23885,H,3,209.33640360058615,20
34,0.69,99.05012408967005,24579,H,3,223.7682574555515,22
35,0.71,100.6745124411567,25279,H,3,128.5652122314965,13
36,0.73,100.38426690213844,26047,H,3,191.96068645141477,20
37,0.75,99.04642803654336,26708,H,3,196.57031601018423,21
38,0.77,98.17532135553608,27384,H,3,182.58837277242185,20
39,0.79,98.04294587400177,28175,H,3,186.33540372670808,21
40,0.81,100.6029059888338,28837,H,3,268.75195061899643,31
41,0.83,100.96445120920006,29565,H,3,279.04616945712837,33
42,0.85,99.98706654789007,30309,H,3,206.20937675277972,25
43,0.87,102.19846711079491,30922,H,3,258.71547765345065,32
44,0.89,103.8781495380152,31711,H,3,228.627290214752,29
45,0.91,107.03189381310351,31793,H,3,243.76435064322334,31
46,0.9299999999999999,108.69152854511971,28236,H,3,194.78679699674177,22
47,0.95,111.55748302102937,24442,H,3,204.56591113656822,20
48,0.97,115.84851669612573,20933,H,3,167.2001146515072,14
49,0.99,119.57601936939416,18173,H,3,137.5667198591317,10
0,0.01,122.69747899159664,238,H,4,0.0,0
1,0.03,125.2108938547486,716,H,4,698.3240223463688,2
2,0.05,124.32315521628499,1179,H,4,212.04410517387618,1
3,0.07,124.64281419122068,1663,H,4,751.653638003608,5
4,0.09,124.11334894613583,2135,H,4,351.28805620608904,3
5,0.11,122.74990425124473,2611,H,4,287.24626579854464,3
6,0.13,121.15061409179056,3094,H,4,323.2062055591467,4
7,0.15000000000000002,120.26229969075064,3557,H,4,210.85184143941524,3
8,0.16999999999999998,119.88993554784334,4034,H,4,495.78582052553304,8
9,0.19,121.44776449756529,4518,H,4,387.33953076582566,7
10,0.21000000000000002,121.18382500501706,4983,H,4,200.68231988761792,4
11,0.22999999999999998,119.9912039582188,5457,H,4,366.5017408832692,8
12,0.25,120.47902981303689,5937,H,4,505.3057099545225,12
13,0.27,120.67411341977817,6401,H,4,390.5639743790033,10
14,0.29000000000000004,120.96387639634412,6893,H,4,471.49281880168286,13
15,0.31,121.71052274270197,7365,H,4,441.2763068567549,13
16,0.33,118.89060702875399,7825,H,4,383.38658146964855,12
17,0.35,116.52806827743719,8319,H,4,300.51688904916455,10
18,0.37,115.13674143231242,8783,H,4,313.10486166457935,11
19,0.39,113.02981527492709,9257,H,4,297.07248568650755,11
20,0.41000000000000003,109.87203450754852,9737,H,4,231.0773338810722,9
21,0.43,108.95503169572108,10096,H,4,346.6719492868463,14
22,0.45,108.97920734088247,10244,H,4,268.44982428738774,11
23,0.47,109.41256334257577,10459,H,4,262.9314466010135,11
24,0.49,110.61904761904762,10563,H,4,307.677743065417,13
25,0.51,112.38439225226911,10687,H,4,280.71488724618695,12
26,0.53,113.14871044448509,10934,H,4,251.50905432595576,11
27,0.55,111.50226646520309,11251,H,4,288.8632121589192,13
28,0.5700000000000001,110.92556131260794,11580,H,4,237.47841105354058,11
29,0.59,110.46084261663457,11939,H,4,293.15688081078815,14
30,0.61,111.1130816791409,12292,H,4,467.7839245037423,23
31,0.63,108.9879375591296,12684,H,4,256.22831914222644,13
32,0.65,108.36406691620198,13091,H,4,229.16507524253302,12
33,0.67,106.87335209598578,13502,H,4,277.73663161013184,15
34,0.69,106.91112861644228,13964,H,4,304.3540532798625,17
35,0.71,109.55060616556979,14435,H,4,190.50917907862834,11
36,0.73,111.39818913480886,14910,H,4,201.2072434607646,12
37,0.75,110.39689493010371,15523,H,4,257.6821490691233,16
38,0.77,109.55574156746032,16128,H,4,325.5208333333333,21
39,0.79,111.33379219535551,16708,H,4,269.3320564998803,18
40,0.81,111.87005682477096,17246,H,4,304.4184158645483,21
41,0.83,109.19366916269571,17628,H,4,255.2756977535739,18
42,0.85,105.02943121693121,18144,H,4,192.90123456790124,14
43,0.87,105.06471569207596,18589,H,4,242.07864866318795,18
44,0.89,104.27009117896523,18864,H,4,145.78032230703988,11
45,0.91,106.29053737710035,19223,H,4,234.09457420798003,18
46,0.9299999999999999,105.60866756393001,18575,H,4,107.67160161507404,8
47,0.95,105.37134773068483,17318,H,4,375.3320244831967,26
48,0.97,105.71514525343382,16454,H,4,395.0407195818646,26
49,0.99,104.62529473408436,15268,H,4,245.61173696620384,15
0,0.01,116.23312883435582,326,H,5,766.8711656441718,1
1,0.03,113.9751552795031,966,H,5,258.79917184265014,1
2,0.05,110.78161628624306,1621,H,5,308.45157310302284,2
3,0.07,111.72407732864674,2276,H,5,329.5254833040422,3
4,0.09,108.20985963711058,2921,H,5,85.58712769599452,1
5,0.11,105.61422172452407,3572,H,5,139.97760358342666,2
6,0.13,108.60180565454978,4209,H,5,415.775718698028,7
7,0.15000000000000002,104.34150360453141,4855,H,5,205.97322348094747,4
8,0.16999999999999998,106.96555474981871,5516,H,5,362.58158085569255,8
9,0.19,107.36771154783173,6157,H,5,203.02095176222187,5
10,0.21000000000000002,108.45298518409858,6817,H,5,256.71116326829986,7
11,0.22999999999999998,105.82305630026809,7460,H,5,402.1447721179625,12
12,0.25,105.44454040715608,8105,H,5,277.60641579272055,9
13,0.27,107.11616739080722,8746,H,5,314.4294534644409,11
14,0.29000000000000004,108.05937433496489,9398,H,5,292.615450095765,11
15,0.31,108.02747088683189,10047,H,5,298.5965959988056,12
16,0.33,107.44220542961096,10719,H,5,186.58456945610598,8
17,0.35,108.25356702483707,11354,H,5,374.31742117315486,17
18,0.37,109.6513509006004,11992,H,5,291.8612408272182,14
19,0.39,106.80889099825977,12642,H,5,375.7316880240469,19
20,0.41000000000000003,106.39329566854991,13275,H,5,282.4858757062147,15
21,0.43,105.01749480174948,13947,H,5,286.80002868000287,16
22,0.45,103.75535775419377,14605,H,5,205.40910647038686,12
23,0.47,104.91403842370993,15251,H,5,377.0244574126287,23
24,0.49,104.83823251715239,15887,H,5,267.51431988418204,17
25,0.51,104.21068554486598,16527,H,5,242.0281962848672,16
26,0.53,105.42907098729455,17158,H,5,378.832031705327,26
27,0.55,106.90366304469586,17854,H,5,308.05421754228746,22
28,0.5700000000000001,105.86915584415584,18480,H,5,338.20346320346323,25
29,0.59,103.13734600125287,19156,H,5,261.01482564209647,20
30,0.61,102.08766611085846,19791,H,5,227.3760800363802,18
31,0.63,103.18614230373167,20393,H,5,404.55058108174376,33
32,0.65,100.0955522855651,21067,H,5,201.73731428300187,17
33,0.67,99.32472851095159,21732,H,5,333.6094238910363,29
34,0.69,99.74638880193193,22361,H,5,346.5855730960154,31
35,0.71,101.10670427424604,23045,H,5,271.2085050987199,25
36,0.73,102.73492143943234,23676,H,5,337.89491468153403,32
37,0.75,99.93120039478553,24317,H,5,318.70707735329194,31
38,0.77,98.83428159307637,24958,H,5,270.4543633303951,27
39,0.79,99.69242791279206,25594,H,5,322.3411737125889,33
40,0.81,100.18588987404391,26279,H,5,256.85908900643096,27
41,0.83,101.06003640821785,26917,H,5,213.61964557714455,23
42,0.85,101.12541278078166,27557,H,5,317.5236781942882,35
43,0.87,103.12994330262225,28220,H,5,301.20481927710847,34
44,0.89,103.00966903482932,28855,H,5,268.5843008144169,31
45,0.91,109.68950422477857,29469,H,5,229.05426040924362,27
46,0.9299999999999999,117.09180992917234,30073,H,5,174.57520034582515,21
47,0.95,121.8668397369332,28890,H,5,199.03080650744204,23
48,0.97,126.68100008143986,24558,H,5,234.13958791432526,23
49,0.99,129.2735470941884,19960,H,5,100.20040080160321,8
0,0.01,126.62288930581613,533,H,6,0.0,0
1,0.03,124.17528373266079,1586,H,6,157.62925598991174,1
2,0.05,131.08424631658482,2647,H,6,377.7861730260672,4
3,0.07,125.4476164826286,3713,H,6,67.33099919202802,1
4,0.09,128.79612876078266,4753,H,6,368.1885125184095,7
5,0.11,124.23742489270386,5825,H,6,171.6738197424893,4
6,0.13,122.4247311827957,6882,H,6,290.6131938390003,8
7,0.15000000000000002,122.57827677557714,7927,H,6,252.30225810521003,8
8,0.16999999999999998,124.46756996890271,9004,H,6,360.9506885828521,13
9,0.19,123.50994629003382,10054,H,6,323.2544260990651,13
10,0.21000000000000002,119.42818525860515,11098,H,6,382.9518832222022,17
11,0.22999999999999998,117.58710100927217,12187,H,6,225.65028308853698,11
12,0.25,118.64098298676748,13225,H,6,302.4574669187146,16
13,0.27,117.35514149621743,14276,H,6,175.11908097506307,10
14,0.29000000000000004,115.13551706173483,15356,H,6,293.0450638187028,18
15,0.31,114.4127119677931,16394,H,6,335.48859338782484,22
16,0.33,113.47486385783893,17445,H,6,472.914875322442,33
17,0.35,112.06496519721578,18533,H,6,337.23628122807963,25
18,0.37,111.12034764826176,19560,H,6,319.52965235173826,25
19,0.39,110.93549794039254,20635,H,6,314.9987884661982,26
20,0.41000000000000003,110.74075951700618,21698,H,6,288.04498110424925,25
21,0.43,109.95331047217093,22746,H,6,340.7192473401917,31
22,0.45,109.22938977783377,23811,H,6,220.48632984754946,21
23,0.47,110.24502512562815,24875,H,6,301.50753768844226,30
24,0.49,109.85088803088803,25900,H,6,222.007722007722,23
25,0.51,107.58852932464455,27008,H,6,305.46504739336496,33
26,0.53,107.35090597802825,28036,H,6,240.76187758596092,27
27,0.55,107.31695492211945,29083,H,6,352.43956950796,41
28,0.5700000000000001,108.51282136231116,30184,H,6,331.30135170951496,40
29,0.59,108.69420057673823,31210,H,6,248.3178468439603,31
30,0.61,109.85734205063056,32273,H,6,387.3206705295449,50
31,0.63,108.7227983933817,33362,H,6,329.71644385828193,44
32,0.65,108.34847471428156,34387,H,6,232.646058103353,32
33,0.67,108.25776248625172,35459,H,6,253.81426436165714,36
34,0.69,107.06838098367838,36516,H,6,253.31361594917297,37
35,0.71,106.4060136358794,37548,H,6,233.03504847129008,35
36,0.73,105.66866877232953,38626,H,6,245.9483249624605,38
37,0.75,105.23102684191973,39714,H,6,264.3903912977791,42
38,0.77,104.6987623397672,40722,H,6,190.31481754334266,31
39,0.79,104.24150546376222,41821,H,6,221.1807465149088,37
40,0.81,103.4316766564825,42877,H,6,256.54779951955595,44
41,0.83,105.07263448087308,43891,H,6,233.53307056116287,41
42,0.85,107.2249433308147,44998,H,6,238.89950664473977,43
43,0.87,108.4719271953259,46041,H,6,190.0480006950327,35
44,0.89,109.12994691640412,46342,H,6,221.18164947563764,41
45,0.91,107.10301232646908,41131,H,6,218.81306070846807,36
46,0.9299999999999999,105.22294530762765,36879,H,6,284.7148783860734,42
47,0.95,107.43702781471944,35341,H,6,219.29204040632695,31
48,0.97,115.28133869441817,33824,H,6,273.4744560075686,37
49,0.99,122.53983204347111,30365,H,6,271.69438498271035,33
0,0.01,123.27552986512524,519,H,7,481.69556840077075,1
1,0.03,120.94736842105263,1558,H,7,160.46213093709886,1
2,0.05,123.79676050906286,2593,H,7,578.4805244890089,6
3,0.07,120.9217032967033,3640,H,7,343.4065934065934,5
4,0.09,119.98715478484264,4671,H,7,428.1738385784629,8
5,0.11,122.85669236159775,5708,H,7,306.58724597056766,7
6,0.13,122.5684616525738,6741,H,7,445.03782821539835,12
7,0.15000000000000002,119.36406831899319,7787,H,7,417.3622704507513,13
8,0.16999999999999998,116.78492917847025,8825,H,7,198.300283286119,7
9,0.19,119.84319286871961,9872,H,7,379.8622366288493,15
10,0.21000000000000002,118.70054163224088,10893,H,7,321.3072615441109,14
11,0.22999999999999998,117.60664657625983,11946,H,7,376.69512807634356,18
12,0.25,114.36431656896019,12964,H,7,269.97840172786175,14
13,0.27,111.83035969169283,14012,H,7,392.5206965458179,22
14,0.29000000000000004,111.15399933620976,15065,H,7,248.92134085628945,15
15,0.31,110.78917945213989,16099,H,7,434.80961550406863,28
16,0.33,110.30159471931772,17119,H,7,321.2804486243356,22
17,0.35,109.62582599118943,18160,H,7,289.0969162995595,21
18,0.37,108.0708485163977,19210,H,7,338.36543466944306,26
19,0.39,107.8992194447189,20242,H,7,444.62009682837663,36
20,0.41000000000000003,106.97383625346423,21289,H,7,305.32199727558833,26
21,0.43,107.6983870967742,22320,H,7,436.8279569892473,39
22,0.45,107.04096921957276,23359,H,7,321.0753885012201,30
23,0.47,107.30955894408919,24396,H,7,327.92261026397773,32
24,0.49,108.42650877331025,25418,H,7,324.5731371469038,33
25,0.51,108.2800286976551,26483,H,7,320.9606162443832,34
26,0.53,108.59140136647768,27516,H,7,381.5961622328827,42
27,0.55,106.10174836200554,28541,H,7,315.3358326617848,36
28,0.5700000000000001,106.32908697708996,29594,H,7,253.4297492735014,30
29,0.59,107.05110276098677,30605,H,7,334.91259598104887,41
30,0.61,106.18982826114409,31676,H,7,292.0191943427201,37
31,0.63,106.66859309543467,32703,H,7,412.80616457205764,54
32,0.65,105.86389761213486,33754,H,7,259.2285358772294,35
33,0.67,105.22252265209262,34765,H,7,258.8810585358838,36
34,0.69,105.95041899441341,35800,H,7,314.24581005586595,45
35,0.71,105.88665834734958,36862,H,7,250.9359231729152,37
36,0.73,105.95688085499407,37895,H,7,296.87293838237235,45
37,0.75,105.64205741872529,38942,H,7,269.6317600534128,42
38,0.77,104.2006353494422,39978,H,7,268.89789384161287,43
39,0.79,102.94808616525579,40991,H,7,335.4394867165963,55
40,0.81,99.43864826273203,42020,H,7,297.47739171822946,50
41,0.83,97.70594105360873,43090,H,7,220.46878626131354,38
42,0.85,98.54825117796302,44144,H,7,283.1641899238855,50
43,0.87,100.75265768958185,45152,H,7,271.305811481219,49
44,0.89,105.18411212909714,45733,H,7,273.3256073294995,50
45,0.91,109.24177990565373,42609,H,7,275.7633363843319,47
46,0.9299999999999999,113.13641640866874,41344,H,7,241.87306501547988,40
47,0.95,116.65022669468097,36172,H,7,248.81123520955438,36
48,0.97,119.64721988860886,32139,H,7,225.58262547061202,29
49,0.99,118.86421257922964,24612,H,7,264.09881358686823,26
0,0.01,121.52255639097744,532,H,8,0.0,0
1,0.03,118.25417439703153,1617,H,8,463.821892393321,3
2,0.05,120.61659192825113,2676,H,8,373.69207772795215,4
3,0.07,125.11648936170212,3760,H,8,199.46808510638297,3
4,0.09,126.81410788381743,4820,H,8,207.4688796680498,4
5,0.11,126.03233451836803,5907,H,8,211.61334010496023,5
6,0.13,123.74978454467107,6962,H,8,215.45532892846884,6
7,0.15000000000000002,123.69725568111262,8053,H,8,341.4876443561406,11
8,0.16999999999999998,119.60715461428728,9113,H,8,246.9000329200044,9
9,0.19,119.92822825767232,10199,H,8,269.63427787037944,11
10,0.21000000000000002,119.43567874911159,11256,H,8,310.94527363184085,14
11,0.22999999999999998,119.09728635074929,12345,H,8,283.51559335763466,14
12,0.25,114.73607585486039,13394,H,8,130.6555173958489,7
13,0.27,115.76111264494754,14488,H,8,258.8348978464937,15
14,0.29000000000000004,116.48698000385778,15553,H,8,241.11103967080308,15
15,0.31,116.73269589271754,16629,H,8,195.44169823801795,13
16,0.33,117.81674387074906,17702,H,8,225.96316800361544,16
17,0.35,115.80046885822367,18769,H,8,239.75704619319094,18
18,0.37,114.03692323191618,19852,H,8,201.49103364900265,16
19,0.39,114.78985126022287,20909,H,8,358.6972117270075,30
20,0.41000000000000003,112.9544255435277,21986,H,8,318.38442645319753,28
21,0.43,110.34931447414093,23048,H,8,303.7139881985422,28
22,0.45,109.59470089008487,24155,H,8,320.8445456427241,31
23,0.47,109.15111940298507,25192,H,8,416.7989838043824,42
24,0.49,109.8262009729401,26312,H,8,361.0519914867741,38
25,0.51,109.77641592272794,27332,H,8,439.0458071125421,48
26,0.53,109.9754571026723,28440,H,8,369.19831223628694,42
27,0.55,109.71782782714877,29482,H,8,262.872261040635,31
28,0.5700000000000001,109.34639647001144,30595,H,8,343.1933322438307,42
29,0.59,110.42347358430877,31610,H,8,300.5378044922493,38
30,0.61,111.40373808942097,32744,H,8,358.8443684339116,47
31,0.63,112.19654120643193,33769,H,8,414.5814208297551,56
32,0.65,111.36898687001892,34882,H,8,401.3531334212488,56
33,0.67,108.99376339894758,35917,H,8,341.0641200545703,49
34,0.69,108.17954465660193,37027,H,8,411.8616144975289,61
35,0.71,108.35071725080132,38062,H,8,341.5480006305502,52
36,0.73,107.95195425187,39171,H,8,357.40726557912745,56
37,0.75,107.87310945273632,40200,H,8,354.4776119402985,57
38,0.77,105.29053023886159,41321,H,8,296.45942740979166,49
39,0.79,106.01137758474177,42364,H,8,395.38287225002364,67
40,0.81,107.45730135346653,43444,H,8,304.99033238191697,53
41,0.83,111.04378775290235,44533,H,8,308.7597961062583,55
42,0.85,113.13020166806407,45322,H,8,281.3203300825206,51
43,0.87,112.24010151144249,44527,H,8,263.88483392099175,47
44,0.89,110.35145217826741,39940,H,8,225.33800701051578,36
45,0.91,110.99327378683078,36722,H,8,306.3558629704265,45
46,0.9299999999999999,111.36554189305119,34970,H,8,300.25736345438946,42
47,0.95,110.41973471778151,31589,H,8,292.82345120136756,37
48,0.97,109.23335746543938,29007,H,8,232.70245113248527,27
49,0.99,108.08133535660092,26360,H,8,256.06980273141124,27
0,0.01,124.79263565891473,516,H,9,0.0,0
1,0.03,126.43540051679587,1548,H,9,0.0,0
2,0.05,129.31619636644763,2587,H,9,289.91109393119444,3
3,0.07,128.5269560409179,3617,H,9,345.5902681780481,5
4,0.09,124.90948183186411,4651,H,9,322.51128789507635,6
5,0.11,123.87133063807347,5689,H,9,219.72227104939358,5
6,0.13,123.83303544831695,6714,H,9,148.94250819183796,4
7,0.15000000000000002,124.16352607124419,7748,H,9,225.86473928755808,7
8,0.16999999999999998,125.20791178810958,8797,H,9,341.0253495509833,12
9,0.19,124.0783114102172,9807,H,9,254.9199551340879,10
10,0.21000000000000002,121.79030325375611,10849,H,9,207.39238639505948,9
11,0.22999999999999998,123.57370986720457,11898,H,9,168.09547823163558,8
12,0.25,121.92313646567072,12919,H,9,174.1620868488273,9
13,0.27,120.07425990968389,13951,H,9,215.03834850548347,12
14,0.29000000000000004,121.78241728922092,14992,H,9,266.8089647812167,16
15,0.31,120.96184111916062,16012,H,9,140.51961029228082,9
16,0.33,118.93644092641455,17055,H,9,249.19378481383757,17
17,0.35,116.55226191792943,18082,H,9,276.5180842827121,20
18,0.37,113.2356294785292,19119,H,9,261.5199539724881,20
19,0.39,112.93750310004464,20161,H,9,272.80392837656865,22
20,0.41000000000000003,113.48659998112673,21194,H,9,188.73266018684535,16
21,0.43,112.92622766350092,22217,H,9,315.07404239996396,28
22,0.45,112.4441482500645,23258,H,9,257.97575027947374,24
23,0.47,112.58580198590911,24271,H,9,288.4100366692761,28
24,0.49,113.35083080080514,25337,H,9,226.94083751036035,23
25,0.51,112.00989836165049,26368,H,9,255.99211165048544,27
26,0.53,108.69488677867056,27380,H,9,255.6610664718773,28
27,0.55,108.64873807596184,28409,H,9,255.20081664261326,29
28,0.5700000000000001,109.65402103834408,29470,H,9,254.49609772650152,30
29,0.59,109.80315606443358,30481,H,9,205.0457662150192,25
30,0.61,110.24030319368241,31531,H,9,309.2194982715423,39
31,0.63,108.99766548917216,32555,H,9,284.1345415450776,37
32,0.65,108.45759128000476,33578,H,9,268.0326404193222,36
33,0.67,108.23333237086017,34633,H,9,317.6161464499177,44
34,0.69,107.44104950384033,35674,H,9,427.4821999215115,61
35,0.71,105.0288333015085,36659,H,9,265.96470171035764,39
36,0.73,104.52817442445757,37747,H,9,304.65997297798503,46
37,0.75,105.50368169487146,38705,H,9,400.4650561942902,62
38,0.77,105.5056304561186,38718,H,9,284.105583966114,44
39,0.79,105.8007826767545,38330,H,9,378.2937646751892,58
40,0.81,104.69909966010223,38541,H,9,265.95054617160946,41
41,0.83,107.21419378088962,38848,H,9,250.97817133443164,39
42,0.85,109.28012714558169,39325,H,9,254.29116338207248,40
43,0.87,110.70964472282142,38477,H,9,259.89552200015595,40
44,0.89,108.39428571428572,34475,H,9,253.80710659898477,35
45,0.91,108.51606153846154,32500,H,9,361.53846153846155,47
46,0.9299999999999999,108.22658054151745,29879,H,9,284.4807389805549,34
47,0.95,107.1676472673141,28214,H,9,327.8514212802155,37
48,0.97,106.64638355342137,26656,H,9,243.84753901560626,26
49,0.99,108.12166433286657,24995,H,9,250.0500100020004,25
0,0.01,118.72868217054264,516,H,10,0.0,0
1,0.03,120.93822393822394,1554,H,10,321.7503217503218,2
2,0.05,122.62091503267973,2601,H,10,288.35063437139564,3
3,0.07,122.8779679734953,3622,H,10,276.09055770292656,4
4,0.09,120.98136645962732,4669,H,10,53.544656243306925,1
5,0.11,122.06719437115215,5685,H,10,351.8029903254178,8
6,0.13,116.79709285078611,6742,H,10,185.40492435479086,5
7,0.15000000000000002,117.61716638785227,7771,H,10,257.3671342169605,8
8,0.16999999999999998,119.50266772618913,8809,H,10,227.04052673402205,8
9,0.19,121.34974119557495,9853,H,10,279.1028113264996,11
10,0.21000000000000002,118.96404659268092,10903,H,10,275.1536274419885,12
11,0.22999999999999998,119.03593973571249,11881,H,10,168.33599865331203,8
12,0.25,118.50115615847079,12974,H,10,250.50100200400803,13
13,0.27,117.76009161179502,13972,H,10,286.286859433152,16
14,0.29000000000000004,116.98278726656477,15047,H,10,199.37529075563236,12
15,0.31,119.38233281493001,16075,H,10,248.83359253499225,16
16,0.33,117.6042921466581,17101,H,10,263.14250628618214,18
17,0.35,115.16494731615822,18127,H,10,206.87372427870028,15
18,0.37,114.56959582790091,19175,H,10,234.68057366362453,18
19,0.39,115.39974254876721,20198,H,10,321.81404099415784,26
20,0.41000000000000003,114.06334352221961,21265,H,10,270.3973665647778,23
21,0.43,114.2009068869534,22274,H,10,213.25312022986444,19
22,0.45,114.9101822079314,23325,H,10,267.9528403001072,25
23,0.47,114.16702241195304,24362,H,10,287.33273130284874,28
24,0.49,112.08661727616645,25376,H,10,256.1475409836066,26
25,0.51,110.1034795763994,26440,H,10,340.39334341906203,36
26,0.53,110.19212414848275,27451,H,10,309.6426359695457,34
27,0.55,109.91205977269539,28508,H,10,280.62298302230954,32
28,0.5700000000000001,110.37476325757575,29568,H,10,321.2932900432901,38
29,0.59,111.02162887340074,30561,H,10,343.57514479238245,42
30,0.61,110.82302285822833,31586,H,10,269.1065662002153,34
31,0.63,112.1602560176395,32654,H,10,344.521345011331,45
32,0.65,112.02200772200773,33670,H,10,282.1502821502822,38
33,0.67,111.88126762995797,34742,H,10,208.68113522537567,29
34,0.69,111.48791743581138,35754,H,10,251.72008726296357,36
35,0.71,110.53538536770898,36809,H,10,305.63177483767555,45
36,0.73,110.18330557978484,37833,H,10,251.103533951841,38
37,0.75,107.39046809825429,38838,H,10,263.91678253257123,41
38,0.77,106.81121106572782,39907,H,10,288.16999523893054,46
39,0.79,106.78338300679142,40934,H,10,348.1213661015293,57
40,0.81,106.32123710357645,41969,H,10,309.75243632204723,52
41,0.83,108.63239940525973,43044,H,10,243.93643713409534,42
42,0.85,111.18546684524756,44051,H,10,249.71056275680462,44
43,0.87,112.67226383454444,44725,H,10,223.58859698155393,40
44,0.89,112.44865411161507,40568,H,10,283.4746598304082,46
45,0.91,109.31625140745446,34637,H,10,324.7971822040015,45
46,0.9299999999999999,106.00801876327216,31551,H,10,261.4814110487782,33
47,0.95,105.79145558932792,29610,H,10,261.7359000337724,31
48,0.97,108.80064045543497,28105,H,10,195.69471624266146,22
49,0.99,114.07255604697271,26228,H,10,266.8903461949062,28
0,0.01,117.72651933701657,362,H,11,0.0,0
1,0.03,118.92527675276753,1084,H,11,922.509225092251,4
2,0.05,117.40495867768595,1815,H,11,137.7410468319559,1
3,0.07,116.69450980392156,2550,H,11,392.15686274509807,4
4,0.09,117.45257037943696,3268,H,11,305.99755201958385,4
5,0.11,119.12160804020101,3980,H,11,565.3266331658291,9
6,0.13,118.84656084656085,4725,H,11,423.2804232804233,8
7,0.15000000000000002,117.59387043494219,5449,H,11,412.91980179849514,9
8,0.16999999999999998,116.75595527467185,6171,H,11,445.6327985739751,11
9,0.19,115.42639372822299,6888,H,11,290.36004645760744,8
10,0.21000000000000002,115.53278258589037,7626,H,11,327.8258589037503,10
11,0.22999999999999998,116.35547576301616,8355,H,11,388.9886295631359,13
12,0.25,116.35376474479109,9071,H,11,385.8450005512072,14
13,0.27,114.12111928104575,9792,H,11,382.9656862745098,15
14,0.29000000000000004,113.62318427798348,10533,H,11,450.963638089813,19
15,0.31,112.11781430475344,11255,H,11,355.3976010661928,16
16,0.33,112.35711302313925,11971,H,11,459.4436555007936,22
17,0.35,111.91200126163066,12682,H,11,295.69468538085476,15
18,0.37,111.41961629982154,13448,H,11,371.80249851279,20
19,0.39,110.74082180175091,14164,H,11,423.6091499576391,24
20,0.41000000000000003,110.46119182136131,14868,H,11,319.47807371536186,19
21,0.43,111.09349150368708,15595,H,11,336.6463610131452,21
22,0.45,111.36803770351328,16338,H,11,367.2420124862285,24
23,0.47,111.59429541993674,17074,H,11,366.0536488227715,25
24,0.49,111.70190631501997,17783,H,11,393.63436990384076,28
25,0.51,111.03970572325002,18486,H,11,378.664935626961,28
26,0.53,109.86998078021921,19251,H,11,337.64479767284814,26
27,0.55,110.45166941983281,19977,H,11,375.43174650848476,30
28,0.5700000000000001,109.66104398260029,20690,H,11,350.41082648622523,29
29,0.59,111.48453126460417,21398,H,11,385.5500514066735,33
30,0.61,113.20423552786056,22146,H,11,406.393931183961,36
31,0.63,112.33720828598899,22882,H,11,327.76855170002625,30
32,0.65,112.2746395250212,23580,H,11,424.08821034775235,40
33,0.67,114.34220485396956,24310,H,11,401.0695187165776,39
34,0.69,113.23698498882146,25048,H,11,389.2526349409135,39
35,0.71,113.59551040980111,25793,H,11,368.3169852285504,38
36,0.73,114.29954317212217,26487,H,11,471.92962585419264,50
37,0.75,114.57867460579997,27207,H,11,330.7972213033411,36
38,0.77,114.96513872997711,27968,H,11,438.00057208237985,49
39,0.79,113.03158445180408,28685,H,11,322.468188948928,37
40,0.81,112.48944932271459,29382,H,11,340.3444285617045,40
41,0.83,112.54394236196421,30119,H,11,356.91756034396894,43
42,0.85,112.4528919725068,30844,H,11,308.00155621838934,38
43,0.87,114.49042872963139,31605,H,11,340.1360544217687,43
44,0.89,114.58565897475607,32285,H,11,317.4849001084095,41
45,0.91,117.23124193449272,32546,H,11,238.1245007066921,31
46,0.9299999999999999,118.1370209565485,29251,H,11,247.854774195754,29
47,0.95,117.82507216494845,24250,H,11,278.35051546391753,27
48,0.97,124.18731346607866,22449,H,11,278.4088378101474,25
49,0.99,130.54716790969562,19844,H,11,314.9566619633138,25
0,0.01,115.30397727272727,352,H,12,0.0,0
1,0.03,116.98020735155514,1061,H,12,471.2535344015081,2
2,0.05,113.91790193842645,1754,H,12,427.59407069555306,3
3,0.07,114.04823672476692,2467,H,12,506.6882853668423,5
4,0.09,112.79708768597658,3159,H,12,395.6948401392846,5
5,0.11,111.9974206860975,3877,H,12,644.8284756254836,10
6,0.13,111.39527248850952,4569,H,12,218.8662727073758,4
7,0.15000000000000002,111.7989017231585,5281,H,12,520.7347093353532,11
8,0.16999999999999998,113.24021411843425,5978,H,12,376.38006022080964,9
9,0.19,113.97142002094867,6683,H,12,561.1252431542721,15
10,0.21000000000000002,112.05905458485711,7383,H,12,338.6157388595422,10
11,0.22999999999999998,112.1876393361407,8074,H,12,402.52662868466683,13
12,0.25,110.78993410588502,8802,H,12,284.0263576459896,10
13,0.27,112.26439928398442,9497,H,12,473.8338422659787,18
14,0.29000000000000004,112.60041164363423,10203,H,12,465.54934823091247,19
15,0.31,113.20378363486087,10889,H,12,482.13793736798607,21
16,0.33,113.6126699948356,11618,H,12,451.8850060251334,21
17,0.35,114.19398129320862,12295,H,12,467.66978446522984,23
18,0.37,113.68753356348293,13035,H,12,460.2991944764097,24
19,0.39,114.32740265422196,13714,H,12,601.5750328131836,33
20,0.41000000000000003,113.93907257226034,14427,H,12,363.90101892285304,21
21,0.43,115.33026976990215,15124,H,12,545.4906109494843,33
22,0.45,113.91508182220257,15827,H,12,505.4653440323498,32
23,0.47,114.9407389490234,16537,H,12,408.1756062163633,27
24,0.49,115.18314274104603,17227,H,12,478.89940210135256,33
25,0.51,115.796336506876,17961,H,12,445.40949835755254,32
26,0.53,116.04331025599743,18633,H,12,550.0992862126335,41
27,0.55,115.45617118048376,19348,H,12,503.92805457928466,39
28,0.5700000000000001,115.83323356280555,20046,H,12,586.1518507432905,47
29,0.59,115.55620845775937,20762,H,12,433.4842500722474,36
30,0.61,115.3134154305439,21438,H,12,419.81528127623847,36
31,0.63,116.22261786712342,22186,H,12,484.5397998737943,43
32,0.65,116.68226956559779,22859,H,12,492.1475130145676,45
33,0.67,116.73788097461585,23558,H,12,519.9932082519739,49
34,0.69,115.4690859661408,24277,H,12,473.6993862503604,46
35,0.71,115.73861997114922,24956,H,12,470.8286584388524,47
36,0.73,115.25388419454072,25681,H,12,477.00634710486355,49
37,0.75,113.57265151515152,26400,H,12,350.3787878787879,37
38,0.77,113.5820652976806,27076,H,12,489.3632737479687,53
39,0.79,113.24410186219069,27763,H,12,477.2538990743075,53
40,0.81,114.17432029468515,28505,H,12,473.60112261006844,54
41,0.83,111.39986287281454,29170,H,12,497.086047308879,58
42,0.85,106.1671906354515,29900,H,12,376.25418060200667,45
43,0.87,106.23965106021498,30607,H,12,343.0587774038619,42
44,0.89,107.87287648486397,31316,H,12,351.2581428024014,44
45,0.91,108.9933758280215,32004,H,12,359.3300837395326,46
46,0.9299999999999999,113.58474187731149,32717,H,12,336.21664578048114,44
47,0.95,119.42533275282996,32156,H,12,295.4347555666128,38
48,0.97,123.08416563797553,26733,H,12,271.2003890322822,29
49,0.99,124.82497775140908,20226,H,12,259.56689409670724,21
0,0.01,119.29745042492918,353,H,13,708.215297450425,1
1,0.03,117.5449385052034,1057,H,13,473.0368968779565,2
2,0.05,114.66609783845279,1758,H,13,142.2070534698521,1
3,0.07,115.99798468359532,2481,H,13,403.0632809351069,4
4,0.09,116.16392405063291,3160,H,13,553.7974683544304,7
5,0.11,113.76814204837879,3886,H,13,386.00102933607826,6
6,0.13,114.39781659388646,4580,H,13,545.8515283842795,10
7,0.15000000000000002,114.27086882453152,5283,H,13,425.8943781942079,9
8,0.16999999999999998,113.57763354967548,6009,H,13,457.6468630387752,11
9,0.19,113.08972633467923,6687,H,13,299.0877822640945,8
10,0.21000000000000002,115.07435897435897,7410,H,13,506.07287449392715,15
11,0.22999999999999998,115.07867801208533,8109,H,13,493.2790726353434,16
12,0.25,114.96752583172477,8807,H,13,482.570682411718,17
13,0.27,114.62658559597442,9539,H,13,419.33116678897164,16
14,0.29000000000000004,114.89667679639251,10201,H,13,416.6258209979414,17
15,0.31,113.9520766773163,10955,H,13,638.9776357827476,28
16,0.33,114.41082336746106,11623,H,13,494.7087670997161,23
17,0.35,115.20353265273052,12342,H,13,465.88883487279213,23
18,0.37,115.0042872454448,13062,H,13,440.2082376358904,23
19,0.39,115.12097830834182,13738,H,13,473.14019507934194,26
20,0.41000000000000003,115.62762576008845,14472,H,13,466.41791044776124,27
21,0.43,114.98111587982832,15145,H,13,429.1845493562232,26
22,0.45,114.64556164556164,15873,H,13,519.7505197505199,33
23,0.47,113.5374043040569,16589,H,13,527.4579540659473,35
24,0.49,114.03917932073722,17254,H,13,521.6181754955373,36
25,0.51,113.28590469843385,18006,H,13,430.4120848606021,31
26,0.53,113.88091922005572,18668,H,13,535.6760231412042,40
27,0.55,114.4328542729099,19413,H,13,566.6306083552258,44
28,0.5700000000000001,113.55259362411101,20107,H,13,447.6053115830308,36
29,0.59,113.7139280727938,20771,H,13,421.2604111501613,35
30,0.61,112.8644783880403,21539,H,13,417.8466966897256,36
31,0.63,113.64218778158227,22196,H,13,416.74175527122003,37
32,0.65,114.12307021369385,22930,H,13,501.5263846489315,46
33,0.67,114.40982150410287,23642,H,13,549.868877421538,52
34,0.69,112.85026958060666,24297,H,13,483.5987982055398,47
35,0.71,113.47736609101423,25073,H,13,578.3113309137319,58
36,0.73,112.64412977514976,25706,H,13,495.9931533494126,51
37,0.75,113.29791335903833,26454,H,13,529.2205337567098,56
38,0.77,111.62202753441802,27166,H,13,524.5527497607303,57
39,0.79,110.08264165858216,27831,H,13,449.13944881606847,50
40,0.81,111.1805783823478,28597,H,13,472.077490645872,54
41,0.83,112.37369141293192,29230,H,13,419.08997605200136,49
42,0.85,114.18179090545406,29996,H,13,441.7255634084545,53
43,0.87,113.63187620384578,30631,H,13,359.1133165747119,44
44,0.89,111.9936063590807,28935,H,13,354.2422671505098,41
45,0.91,111.13642893194083,25757,H,13,339.7134759482859,35
46,0.9299999999999999,111.48883026254202,23501,H,13,393.6002723288371,37
47,0.95,111.83187565142521,22067,H,13,283.2283500249241,25
48,0.97,112.49681467181468,20720,H,13,374.03474903474904,31
49,0.99,113.37794680908453,18537,H,13,229.27118735501972,17
0,0.01,123.54415954415954,351,H,14,712.2507122507124,1
1,0.03,112.13100848256362,1061,H,14,235.62676720075405,1
2,0.05,112.94297007340485,1771,H,14,423.4895539243365,3
3,0.07,114.68388934092758,2458,H,14,508.5435313262816,5
4,0.09,111.04829100031358,3189,H,14,156.7889620570712,2
5,0.11,111.70460983775432,3883,H,14,386.29925315477726,6
6,0.13,111.2120287644367,4589,H,14,381.34669862715185,7
7,0.15000000000000002,112.6235382874387,5302,H,14,330.06412674462473,7
8,0.16999999999999998,110.8411214953271,5992,H,14,375.5006675567423,9
9,0.19,111.49025732559869,6723,H,14,371.8578015766771,10
10,0.21000000000000002,112.71559756920999,7405,H,14,438.89264010803515,13
11,0.22999999999999998,113.27909270216962,8112,H,14,462.2781065088758,15
12,0.25,113.04509493670886,8848,H,14,452.07956600361666,16
13,0.27,112.77560462670873,9510,H,14,341.745531019979,13
14,0.29000000000000004,113.53903128350063,10261,H,14,657.8306207971933,27
15,0.31,111.66980614484272,10936,H,14,434.3452816386247,19
16,0.33,111.89334478316874,11645,H,14,386.4319450407901,18
17,0.35,112.3589142903304,12379,H,14,504.88730915259714,25
18,0.37,112.52747336960687,13049,H,14,517.2810177025059,27
19,0.39,111.6322814653609,13785,H,14,398.9844033369605,22
20,0.41000000000000003,113.22472531269436,14471,H,14,518.2779351807062,30
21,0.43,111.17060799683816,15181,H,14,312.89111389236547,19
22,0.45,112.21077445310536,15908,H,14,518.6069901936133,33
23,0.47,112.71305292378251,16571,H,14,467.68450908213146,31
24,0.49,112.41234553643608,17318,H,14,505.25464834276477,35
25,0.51,112.77829612351438,18006,H,14,527.6019104742865,38
26,0.53,112.7009785572964,18701,H,14,548.0990321373189,41
27,0.55,112.47940979898206,19451,H,14,616.9348619608246,48
28,0.5700000000000001,113.20610914879856,20101,H,14,534.799263718223,43
29,0.59,112.74368196422577,20853,H,14,419.6038939241356,35
30,0.61,111.96419282927735,21532,H,14,441.2037897083411,38
31,0.63,112.30433414261307,22242,H,14,528.2798309504542,47
32,0.65,112.67771831353609,22983,H,14,543.8802593221077,50
33,0.67,111.96800135444002,23626,H,14,550.2412596292221,52
34,0.69,112.05090938949789,24357,H,14,513.199490906105,50
35,0.71,113.0246264196055,25095,H,14,637.5772066148635,64
36,0.73,112.41296159670718,25753,H,14,368.8890614685668,38
37,0.75,111.65763082491328,26524,H,14,603.2272658724174,64
38,0.77,111.98519664162616,27156,H,14,533.9519811459714,58
39,0.79,112.05500017915368,27909,H,14,510.5879823712781,57
40,0.81,111.95072342210106,28614,H,14,489.2709862305166,56
41,0.83,111.74138991389914,29268,H,14,495.4216208828755,58
42,0.85,112.50976214592575,28631,H,14,497.7122699172226,57
43,0.87,112.70847057138765,27932,H,14,375.9129314048403,42
44,0.89,113.69437715627983,27246,H,14,357.8506936798062,39
45,0.91,114.3041013806227,24699,H,14,404.8746912830479,40
46,0.9299999999999999,112.66143540669856,20900,H,14,370.8133971291866,31
47,0.95,111.2408830744072,18345,H,14,354.31997819569364,26
48,0.97,109.52722944728286,17224,H,14,377.3803994426382,26
49,0.99,107.89356718121209,16649,H,14,315.3342543095681,21
0,0.01,106.91549295774648,355,H,15,0.0,0
1,0.03,112.43884220354809,1071,H,15,466.85340802987866,2
2,0.05,111.7432735426009,1784,H,15,420.4035874439462,3
3,0.07,109.14497991967872,2490,H,15,301.2048192771084,3
4,0.09,111.47869362363919,3215,H,15,622.0839813374805,8
5,0.11,111.58595146871009,3915,H,15,446.9987228607918,7
6,0.13,110.71527327716569,4629,H,15,270.0367249945993,5
7,0.15000000000000002,109.7378640776699,5356,H,15,606.7961165048544,13
8,0.16999999999999998,107.34207920792079,6060,H,15,123.76237623762377,3
9,0.19,109.47123045146061,6778,H,15,442.6084390675716,12
10,0.21000000000000002,109.88857715430862,7485,H,15,467.60187040748167,14
11,0.22999999999999998,109.9852457017437,8201,H,15,243.87269845140835,8
12,0.25,109.46993493381198,8914,H,15,420.6865604666816,15
13,0.27,110.13186356073211,9616,H,15,467.97004991680535,18
14,0.29000000000000004,110.03877018273228,10343,H,15,386.7349898482065,16
15,0.31,109.0054303556883,11049,H,15,384.6501945877455,17
16,0.33,108.97195308516064,11766,H,15,446.20091789903114,21
17,0.35,110.11888167908356,12483,H,15,340.4630297204198,17
18,0.37,110.42628545426967,13186,H,15,379.1900500530866,20
19,0.39,110.64302668488816,13903,H,15,431.56153348198234,24
20,0.41000000000000003,109.55723468271334,14624,H,15,410.2844638949672,24
21,0.43,110.554583442152,15316,H,15,408.06999216505614,25
22,0.45,111.10172134214794,16034,H,15,576.8990894349507,37
23,0.47,111.81784031959931,16771,H,15,447.20052471528237,30
24,0.49,111.40856521241268,17466,H,15,400.77865567388073,28
25,0.51,111.23646864686468,18180,H,15,495.0495049504951,36
26,0.53,112.18887889529654,18901,H,15,515.8457224485478,39
27,0.55,112.19221944628563,19613,H,15,599.092438688625,47
28,0.5700000000000001,111.76611553980908,20322,H,15,528.9833677787619,43
29,0.59,111.27813718961089,21022,H,15,547.0459518599563,46
30,0.61,110.45470006894966,21755,H,15,413.69800045966446,36
31,0.63,111.05986636971046,22450,H,15,567.9287305122494,51
32,0.65,110.40176028993011,23178,H,15,463.801881094141,43
33,0.67,110.37629232765477,23891,H,15,565.0663429743419,54
34,0.69,110.46457621604034,24588,H,15,620.2212461363267,61
35,0.71,109.95452030978346,25308,H,15,553.1847637110795,56
36,0.73,108.86101825168107,26025,H,15,518.7319884726224,54
37,0.75,109.0108496389689,26729,H,15,420.8911668973774,45
38,0.77,112.11262065197596,27455,H,15,582.771808413768,64
39,0.79,113.38029668535737,28178,H,15,443.60848889204345,50
40,0.81,113.29276982186518,28630,H,15,427.87286063569684,49
41,0.83,113.5859872611465,27632,H,15,298.5668789808917,33
42,0.85,115.52394270380589,26459,H,15,529.1205260969803,56
43,0.87,115.31977957752359,23954,H,15,386.1568005343575,37
44,0.89,114.50487293924766,21958,H,15,352.9465342927407,31
45,0.91,114.69718274494049,19913,H,15,564.9575654095314,45
46,0.9299999999999999,113.8142489546478,18654,H,15,469.0682963439477,35
47,0.95,111.85595785225871,17842,H,15,434.3683443560139,31
48,0.97,111.49109217660728,16783,H,15,387.2966692486445,26
49,0.99,110.67325436408977,16040,H,15,342.89276807980053,22
0,0.01,130.89295774647888,355,H,16,704.2253521126761,1
1,0.03,133.38144329896906,1067,H,16,0.0,0
2,0.05,134.8912676056338,1775,H,16,563.3802816901409,4
3,0.07,134.97954271961493,2493,H,16,100.28078620136382,1
4,0.09,135.38181818181818,3190,H,16,391.8495297805643,5
5,0.11,136.5066496163683,3910,H,16,319.69309462915606,5
6,0.13,136.94248648648647,4625,H,16,324.3243243243243,6
7,0.15000000000000002,136.2125258604476,5317,H,16,470.18995674252403,10
8,0.16999999999999998,136.0410800066258,6037,H,16,538.3468610236873,13
9,0.19,134.28448913204198,6763,H,16,406.6242791660506,11
10,0.21000000000000002,132.95320461249665,7458,H,16,435.77366586216147,13
11,0.22999999999999998,134.33978204971226,8167,H,16,367.3319456348721,12
12,0.25,133.6639657888814,8886,H,16,309.4755795633581,11
13,0.27,134.8667361835245,9590,H,16,391.0323253388947,15
14,0.29000000000000004,135.4685985656135,10318,H,16,266.5245202558636,11
15,0.31,134.52436806692126,10998,H,16,522.8223313329697,23
16,0.33,134.38340022201348,11711,H,16,405.60157117240203,19
17,0.35,134.03658830137206,12463,H,16,361.06876354007863,18
18,0.37,133.46007459846237,13137,H,16,380.60439978686156,20
19,0.39,133.73413788119672,13838,H,16,433.5886688827865,24
20,0.41000000000000003,134.46957953220385,14579,H,16,462.9947184306194,27
21,0.43,135.24594240837698,15280,H,16,425.3926701570681,26
22,0.45,134.33131098323742,15988,H,16,453.4650988241181,29
23,0.47,134.31277348198765,16683,H,16,449.55943175687827,30
24,0.49,133.80220347736272,17427,H,16,416.0211166580594,29
25,0.51,133.9970727935491,18106,H,16,579.9182591406163,42
26,0.53,133.4765695483734,18843,H,16,477.6309504855915,36
27,0.55,133.04428856689367,19531,H,16,409.60524294710973,32
28,0.5700000000000001,132.39932902461888,20269,H,16,431.693719473087,35
29,0.59,132.17845214238,20958,H,16,453.2875274358241,38
30,0.61,131.28989054634462,21653,H,16,473.37551378561864,41
31,0.63,128.70778090263826,22401,H,16,435.24842640953534,39
32,0.65,127.4055517062186,23092,H,16,465.52918759743636,43
33,0.67,126.45997730997101,23799,H,16,577.7553678725998,55
34,0.69,125.2495406850937,24493,H,16,602.2128771485732,59
35,0.71,123.81850223753514,25251,H,16,544.5328897865431,55
36,0.73,119.67393817929546,25946,H,16,626.3007785400447,65
37,0.75,114.62516436863659,26617,H,16,535.3721305932299,57
38,0.77,113.51910210945783,27353,H,16,667.2028662303952,73
39,0.79,114.77152011391955,28090,H,16,631.8974724101104,71
40,0.81,115.19248141199361,28782,H,16,755.6806337294142,87
41,0.83,109.70860050890585,29475,H,16,576.7599660729433,68
42,0.85,107.01552568855932,30208,H,16,579.3167372881356,70
43,0.87,106.26666451049516,30919,H,16,307.2544390180795,38
44,0.89,106.48870824898785,31616,H,16,189.77732793522267,24
45,0.91,106.59879943065783,32318,H,16,131.5056624791138,17
46,0.9299999999999999,111.44100902428684,33022,H,16,90.84852522560718,12
47,0.95,116.52094482376822,32514,H,16,130.7129236636526,17
48,0.97,114.80344388657096,28282,H,16,114.91407962661765,13
49,0.99,108.37204578110291,20183,H,16,173.41326859237972,14
0,0.01,131.9795321637427,342,H,17,0.0,0
1,0.03,135.46968238691048,1039,H,17,0.0,0
2,0.05,136.11182294700058,1717,H,17,582.4111822947001,4
3,0.07,136.46271748135874,2414,H,17,310.68765534382766,3
4,0.09,136.01943005181346,3088,H,17,404.7927461139896,5
5,0.11,140.16627265563434,3807,H,17,656.6850538481744,10
6,0.13,140.69341102644555,4462,H,17,560.2868668758405,10
7,0.15000000000000002,140.8449507626955,5179,H,17,772.3498744931454,16
8,0.16999999999999998,138.78194587187392,5838,H,17,599.5203836930456,14
9,0.19,138.05385202135776,6555,H,17,648.3600305110602,17
10,0.21000000000000002,134.70521510582375,7229,H,17,345.8292986581824,10
11,0.22999999999999998,133.2882962588473,7912,H,17,347.57330637007084,11
12,0.25,134.19995360705173,8622,H,17,666.8986314080261,23
13,0.27,134.7992893291698,9287,H,17,403.79024442769463,15
14,0.29000000000000004,135.89172420694487,9993,H,17,575.4027819473631,23
15,0.31,135.7656044985942,10670,H,17,562.32427366448,24
16,0.33,134.75477006946275,11373,H,17,483.60151235382045,22
17,0.35,132.98114931074574,12042,H,17,539.7774456070421,26
18,0.37,134.52969288624254,12764,H,17,450.4857411469759,23
19,0.39,134.23595673256247,13405,H,17,484.89369638194705,26
20,0.41000000000000003,133.4576259196378,14136,H,17,459.8189020939446,26
21,0.43,133.0754397834912,14780,H,17,642.7604871447903,38
22,0.45,132.68338053553038,15536,H,17,482.7497425334707,30
23,0.47,133.3838677726879,16154,H,17,557.1375510709422,36
24,0.49,133.02946222564043,16903,H,17,532.4498609714252,36
25,0.51,132.3528976010029,17549,H,17,641.0621687845462,45
26,0.53,131.35101951326465,18244,H,17,465.90659942994955,34
27,0.55,131.08400612104901,18951,H,17,620.0200517123108,47
28,0.5700000000000001,130.90482252889953,19637,H,17,674.7466517288792,53
29,0.59,130.16537874686225,20317,H,17,553.7234827976572,45
30,0.61,129.2722810027643,20982,H,17,726.8134591554666,61
31,0.63,127.81749504813672,21709,H,17,610.3459394721084,53
32,0.65,126.42733935114845,22378,H,17,580.9276968451157,52
33,0.67,124.39386067454647,23097,H,17,638.6110750313894,59
34,0.69,119.54463871919107,23735,H,17,495.0495049504951,47
35,0.71,114.2402600057234,24461,H,17,439.47508278484116,43
36,0.73,116.4872193024367,25116,H,17,706.7208154164676,71
37,0.75,116.33235396451077,25867,H,17,666.8728495766808,69
38,0.77,111.6391982182628,26491,H,17,594.5415424106301,63
39,0.79,105.95819404136512,27221,H,17,514.3088057014805,56
40,0.81,107.71563947018916,27859,H,17,466.6355576294914,52
41,0.83,107.82114531288215,28621,H,17,349.3938017539569,40
42,0.85,106.34865992068919,29252,H,17,435.8676329823602,51
43,0.87,107.06111036699706,29864,H,17,426.93544066434504,51
44,0.89,105.55096769628136,28263,H,17,318.4375331705764,36
45,0.91,105.89997827975674,27624,H,17,280.5531421951926,31
46,0.9299999999999999,105.5211404110972,24763,H,17,201.91414610507613,20
47,0.95,109.762053794167,22047,H,17,136.07293509320996,12
48,0.97,115.11920529801324,20083,H,17,87.1383757406762,7
49,0.99,117.52259467487005,18854,H,17,225.4163572716665,17
0,0.01,129.35933147632312,359,H,18,696.3788300835655,1
1,0.03,131.26159554730984,1078,H,18,463.821892393321,2
2,0.05,129.44232922732363,1786,H,18,419.93281075028,3
3,0.07,129.3975279106858,2508,H,18,498.4051036682616,5
4,0.09,129.46234893089556,3227,H,18,542.2993492407809,7
5,0.11,128.98069105691056,3936,H,18,698.678861788618,11
6,0.13,128.16680960548885,4664,H,18,696.8267581475129,13
7,0.15000000000000002,127.01337544120379,5383,H,18,325.0975292587776,7
8,0.16999999999999998,127.08966989653473,6089,H,18,451.6340942683528,11
9,0.19,128.82265647957684,6806,H,18,550.9844255069057,15
10,0.21000000000000002,127.44156706507304,7530,H,18,464.80743691899073,14
11,0.22999999999999998,128.818093385214,8224,H,18,516.7801556420234,17
12,0.25,129.8132946687486,8966,H,18,474.01293776488956,17
13,0.27,132.68145161290323,9672,H,18,775.4342431761787,30
14,0.29000000000000004,131.10282801077338,10396,H,18,384.76337052712586,16
15,0.31,129.49009187533778,11102,H,18,517.9246982525672,23
16,0.33,128.8033949835318,11841,H,18,506.7139599695972,24
17,0.35,129.01259968102073,12540,H,18,677.8309409888358,34
18,0.37,128.56034417691902,13249,H,18,433.99501849196173,23
19,0.39,128.83210477349172,13973,H,18,572.5327417161669,32
20,0.41000000000000003,128.74782253674468,14696,H,18,459.3086554164399,27
21,0.43,128.99596590539397,15369,H,18,536.7948467694711,33
22,0.45,130.78275947485756,16148,H,18,665.7171166707952,43
23,0.47,130.83767273589942,16861,H,18,741.3557914714431,50
24,0.49,129.93736107153035,17545,H,18,712.4536905101169,50
25,0.51,129.52488786784815,18282,H,18,642.70867519965,47
26,0.53,128.89380624111982,19003,H,18,670.9466926274799,51
27,0.55,128.09432429688295,19698,H,18,596.507259620266,47
28,0.5700000000000001,128.97532435740513,20425,H,18,758.873929008568,62
29,0.59,128.125372569428,21137,H,18,508.58683824573023,43
30,0.61,127.46224601867107,21852,H,18,640.6736225517116,56
31,0.63,127.50966483419046,22556,H,18,676.0950523142401,61
32,0.65,125.99134087791495,23328,H,18,621.5706447187929,58
33,0.67,124.89263842019747,24003,H,18,583.2604257801108,56
34,0.69,122.94981179422835,24707,H,18,596.9968025256001,59
35,0.71,119.12998035363458,25450,H,18,520.6286836935167,53
36,0.73,118.1764570991783,26165,H,18,611.5039174469712,64
37,0.75,115.70431188561216,26856,H,18,530.6076854334227,57
38,0.77,112.07346229080635,27606,H,18,615.8081576468884,68
39,0.79,112.29920118761487,28292,H,18,547.8580517460766,62
40,0.81,111.17232708735189,29032,H,18,620.0055111600992,72
41,0.83,108.40580246083508,29746,H,18,470.6515161702414,56
42,0.85,105.71166087013583,30478,H,18,451.14508826038457,55
43,0.87,109.45210801785313,31143,H,18,337.1544167228591,42
44,0.89,108.3960992129441,31891,H,18,282.21128217992543,36
45,0.91,103.37215290763619,32621,H,18,122.6203979031912,16
46,0.9299999999999999,106.33121076502569,33293,H,18,60.07268795242244,8
47,0.95,107.06586949496136,34037,H,18,88.1393777359932,12
48,0.97,108.83130440473853,30558,H,18,89.99280057595392,11
49,0.99,111.46372405116377,19076,H,18,183.47661983644372,14
0,0.01,127.94460641399417,343,H,19,728.862973760933,1
1,0.03,128.78488372093022,1032,H,19,726.7441860465117,3
2,0.05,127.64675174013921,1724,H,19,580.0464037122971,4
3,0.07,127.50208681135226,2396,H,19,730.3839732888148,7
4,0.09,128.54943639291466,3105,H,19,322.061191626409,4
5,0.11,127.72584925690022,3768,H,19,331.7409766454353,5
6,0.13,128.26951464996645,4471,H,19,782.822634757325,14
7,0.15000000000000002,127.6022110162917,5156,H,19,436.3847944142746,9
8,0.16999999999999998,127.33812211390456,5847,H,19,513.083632632119,12
9,0.19,127.50443696450428,6536,H,19,688.4944920440637,18
10,0.21000000000000002,127.80807660283098,7206,H,19,659.1729114626701,19
11,0.22999999999999998,127.55665024630542,7917,H,19,536.8195023367437,17
12,0.25,127.91295735259847,8582,H,19,640.8762526217665,22
13,0.27,127.41225896800603,9283,H,19,484.75708283959926,18
14,0.29000000000000004,128.3272854851644,9976,H,19,651.5637530072174,26
15,0.31,127.15533252040146,10661,H,19,328.29940906106367,14
16,0.33,127.4756022235948,11333,H,19,661.7841701226507,30
17,0.35,126.72798271851113,12036,H,19,726.9857095380526,35
18,0.37,125.76734115423983,12701,H,19,511.770726714432,26
19,0.39,125.36583004394132,13427,H,19,595.8144038132122,32
20,0.41000000000000003,126.21001776198935,14075,H,19,728.2415630550622,41
21,0.43,125.45906630581868,14780,H,19,541.2719891745602,32
22,0.45,125.75977761975564,15469,H,19,662.6155536880212,41
23,0.47,125.35469688525605,16149,H,19,572.7908848845129,37
24,0.49,125.53847066500563,16857,H,19,608.0560004745803,41
25,0.51,126.15063956144358,17512,H,19,642.4166285975331,45
26,0.53,125.72700345565246,18231,H,19,589.654983270254,43
27,0.55,125.69739139637018,18899,H,19,621.72601724959,47
28,0.5700000000000001,126.06605120881363,19606,H,19,650.3111292461492,51
29,0.59,126.03112667719022,20272,H,19,554.9526440410418,45
30,0.61,125.66382065347007,20965,H,19,572.3825423324589,48
31,0.63,124.99371301775147,21632,H,19,635.6323964497042,55
32,0.65,124.3019981225694,22371,H,19,692.8612936390864,62
33,0.67,123.1936128611775,23015,H,19,597.4364544862048,55
34,0.69,121.21171114202605,23721,H,19,642.8902660090216,61
35,0.71,117.33535336991237,24422,H,19,522.0702645156007,51
36,0.73,116.73837557373778,25055,H,19,608.6609459189783,61
37,0.75,113.72538458557756,25807,H,19,542.4884721199675,56
38,0.77,110.88213502683904,26454,H,19,557.5716337793907,59
39,0.79,109.83235781336278,27165,H,19,662.6173384870237,72
40,0.81,110.58910162002945,27839,H,19,655.5551564352168,73
41,0.83,109.28461781095574,28533,H,19,622.0867066204045,71
42,0.85,104.41672087370331,29209,H,19,350.9192372214044,41
43,0.87,109.63272058823529,29920,H,19,451.2032085561498,54
44,0.89,111.94989363442971,30555,H,19,253.64097529045983,31
45,0.91,107.25250814748546,31298,H,19,151.76688606300723,19
46,0.9299999999999999,111.74617658398664,31124,H,19,160.64773165402906,20
47,0.95,109.17071426138493,29359,H,19,102.18331687046562,12
48,0.97,109.03155935693356,25254,H,19,138.59190623267602,14
49,0.99,111.07346072186837,18840,H,19,132.6963906581741,10
0,0.01,130.1204481792717,357,H,20,0.0,0
1,0.03,132.87150837988827,1074,H,20,931.098696461825,4
2,0.05,131.79275766016713,1795,H,20,835.6545961002786,6
3,0.07,132.5,2512,H,20,796.1783439490446,8
4,0.09,132.65827114427861,3216,H,20,777.3631840796021,10
5,0.11,131.31830843251456,3949,H,20,696.3788300835654,11
6,0.13,129.8120704467354,4656,H,20,536.9415807560138,10
7,0.15000000000000002,130.91220876048462,5365,H,20,605.7781919850885,13
8,0.16999999999999998,129.46192976698393,6094,H,20,697.4072858549393,17
9,0.19,129.3080422659231,6814,H,20,587.0267097152921,16
10,0.21000000000000002,130.8203831825439,7516,H,20,798.2969664715275,24
11,0.22999999999999998,129.6426925409339,8245,H,20,545.7853244390541,18
12,0.25,129.81703645891403,8969,H,20,668.9708997658602,24
13,0.27,128.12215556474968,9668,H,20,543.0285477865123,21
14,0.29000000000000004,127.73394936952546,10389,H,20,505.3421888535952,21
15,0.31,129.16362163621636,11111,H,20,562.5056250562506,25
16,0.33,129.32413209144792,11810,H,20,529.2125317527519,25
17,0.35,128.85088559119197,12534,H,20,418.8606988989947,21
18,0.37,128.79667268894912,13284,H,20,526.9497139415839,28
19,0.39,129.04355612866252,13959,H,20,537.2877713303245,30
20,0.41000000000000003,128.633514986376,14680,H,20,664.1689373297004,39
21,0.43,128.14422703122975,15434,H,20,485.940132175716,30
22,0.45,128.35535703207395,16119,H,20,558.3472920156338,36
23,0.47,128.47913942707714,16826,H,20,638.8921906573161,43
24,0.49,128.66657177019871,17563,H,20,427.0341057905825,30
25,0.51,130.41425755584757,18264,H,20,615.9658344283837,45
26,0.53,130.12141315221396,18993,H,20,513.347022587269,39
27,0.55,129.98402717914914,19721,H,20,621.1652553115968,49
28,0.5700000000000001,129.78240854106468,20419,H,20,550.9574415985112,45
29,0.59,129.19160117413125,21122,H,20,615.4720196951047,52
30,0.61,128.28610603290676,21880,H,20,662.7056672760511,58
31,0.63,126.32263640796064,22561,H,20,609.4588005850806,55
32,0.65,123.31911145484231,23274,H,20,633.7544040560282,59
33,0.67,122.02861546151283,24008,H,20,614.3785404865046,59
34,0.69,121.22180010508022,24743,H,20,606.232065634725,60
35,0.71,118.03992604830462,25422,H,20,599.8741247738179,61
36,0.73,115.56730107773447,26166,H,20,544.5998624168769,57
37,0.75,111.63444299795425,26885,H,20,464.94327692021574,50
38,0.77,111.54675659015918,27579,H,20,444.1785416440045,49
39,0.79,110.13421703782255,28290,H,20,344.64475079533406,39
40,0.81,109.02317333516976,29042,H,20,387.37001583912956,45
41,0.83,108.988688011312,29703,H,20,336.66633000033664,40
42,0.85,108.58884983080915,30439,H,20,361.37849469430665,44
43,0.87,107.30664360565673,29487,H,20,305.21924916064705,36
44,0.89,107.93794891559511,28541,H,20,315.3358326617848,36
45,0.91,106.7401739747914,28165,H,20,221.90662169359135,25
46,0.9299999999999999,103.08403628839726,25132,H,20,119.36972783702053,12
47,0.95,103.61121359223301,20600,H,20,48.543689320388346,4
48,0.97,110.80552371026576,19190,H,20,91.19332985930173,7
49,0.99,109.4115753873009,18332,H,20,136.37355444032295,10
0,0.01,127.05944055944056,286,H,21,0.0,0
1,0.03,123.56839622641509,848,H,21,294.811320754717,1
2,0.05,125.56258790436006,1422,H,21,175.8087201125176,1
3,0.07,127.22032193158954,1988,H,21,125.75452716297788,1
4,0.09,128.14598825831703,2555,H,21,293.5420743639922,3
5,0.11,128.81879409878127,3118,H,21,160.3592046183451,2
6,0.13,129.2151556156969,3695,H,21,202.97699594046009,3
7,0.15000000000000002,133.30620884289746,4252,H,21,176.3875823142051,3
8,0.16999999999999998,132.3944536423841,4832,H,21,51.7384105960265,1
9,0.19,132.11880452942268,5387,H,21,92.81603861147207,2
10,0.21000000000000002,130.53016085790884,5968,H,21,41.89008042895443,1
11,0.22999999999999998,131.51401439730432,6529,H,21,114.8721090519222,3
12,0.25,133.5589519650655,7099,H,21,246.51359346386818,7
13,0.27,131.87759363173691,7663,H,21,195.7457914654835,6
14,0.29000000000000004,132.72629022465088,8235,H,21,91.07468123861567,3
15,0.31,132.58498921312594,8807,H,21,170.31906438060636,6
16,0.33,134.19335185976914,9356,H,21,160.3249251817016,6
17,0.35,134.1789240378803,9926,H,21,176.3046544428773,7
18,0.37,134.35399239543727,10520,H,21,118.8212927756654,5
19,0.39,135.20265750700534,11063,H,21,135.58709210883123,6
20,0.41000000000000003,135.4713364847443,11635,H,21,171.89514396218308,8
21,0.43,135.91166830547363,12204,H,21,204.85086856768274,10
22,0.45,136.3687255668491,12790,H,21,254.10476935105552,13
23,0.47,137.02257556438911,13333,H,21,168.7542188554714,9
24,0.49,138.5620191270583,13907,H,21,269.64837851441723,15
25,0.51,138.6532063229102,14487,H,21,310.62331745703045,18
26,0.53,137.46519976068603,15043,H,21,315.7614837465931,19
27,0.55,141.1340767801064,15603,H,21,288.4060757546626,18
28,0.5700000000000001,139.16280220119953,16173,H,21,340.07296110801957,22
29,0.59,139.65970896946564,16768,H,21,432.37118320610693,29
30,0.61,136.4732833237161,17330,H,21,360.6462781304097,25
31,0.63,137.33928171850525,17876,H,21,545.4240322219736,39
32,0.65,137.82659868742203,18437,H,21,596.6263491891306,44
33,0.67,135.14133403361345,19040,H,21,512.0798319327731,39
34,0.69,136.84111099765138,19586,H,21,395.69079955069947,31
35,0.71,135.88015297506706,20134,H,21,447.0050660574153,36
36,0.73,137.620418595679,20736,H,21,482.2530864197531,40
37,0.75,134.54316698746538,21301,H,21,528.1442185812873,45
38,0.77,127.87571526665141,21845,H,21,400.54932478828107,35
39,0.79,125.01925047903391,22441,H,21,490.1742346597745,44
40,0.81,121.25410989010989,22750,H,21,373.62637362637366,34
41,0.83,118.63161646765282,22444,H,21,334.16503297094994,30
42,0.85,117.7637046545904,21033,H,21,309.03817810107927,26
43,0.87,121.61600969060717,19813,H,21,290.21349618937063,23
44,0.89,118.91733881596289,18969,H,21,316.3055511624229,24
45,0.91,120.27161648962519,18169,H,21,399.03131707854044,29
46,0.9299999999999999,120.49875600300874,17283,H,21,289.3016258751374,20
47,0.95,124.73181538461539,16250,H,21,369.2307692307692,24
48,0.97,124.24681950274459,15485,H,21,274.4591540200194,17
49,0.99,123.17055980668546,14898,H,21,218.1500872600349,13
0,0.01,120.55737704918033,305,H,22,0.0,0
1,0.03,120.3344298245614,912,H,22,0.0,0
2,0.05,120.57236842105263,1520,H,22,0.0,0
3,0.07,122.45612388549976,2131,H,22,351.94744251525105,3
4,0.09,124.95386305382644,2731,H,22,274.62467960454046,3
5,0.11,124.4830990128627,3343,H,22,149.56625785222855,2
6,0.13,121.85073492143943,3946,H,22,126.71059300557528,2
7,0.15000000000000002,123.08843537414965,4557,H,22,219.44261575597983,4
8,0.16999999999999998,124.41060371517028,5168,H,22,145.12383900928793,3
9,0.19,123.84105845728122,5782,H,22,86.47526807333104,2
10,0.21000000000000002,125.39325490196079,6375,H,22,78.43137254901961,2
11,0.22999999999999998,123.6106815578465,6984,H,22,107.38831615120276,3
12,0.25,125.96565337544413,7599,H,22,197.39439399921042,6
13,0.27,128.6553196681308,8196,H,22,91.50805270863836,3
14,0.29000000000000004,129.9159397303727,8827,H,22,198.25535289452816,7
15,0.31,129.05246389124895,9416,H,22,159.303313508921,6
16,0.33,129.3197964478148,10022,H,22,124.72560367192177,5
17,0.35,130.20079073707993,10623,H,22,94.13536665725314,4
18,0.37,130.81362262137648,11246,H,22,177.8410101369376,8
19,0.39,131.3868489913058,11847,H,22,126.61433274246644,6
20,0.41000000000000003,131.33333333333334,12474,H,22,140.29180695847364,7
21,0.43,133.33833320578557,13067,H,22,153.0573199663274,8
22,0.45,133.48964810885946,13669,H,22,128.02692223278953,7
23,0.47,133.4963206952134,14269,H,22,87.6024949190553,5
24,0.49,135.61969086021506,14880,H,22,168.01075268817206,10
25,0.51,136.48729524055204,15506,H,22,193.47349413130402,12
26,0.53,139.81057925125722,16107,H,22,217.296827466319,14
27,0.55,140.83950248161216,16723,H,22,209.29259104227714,14
28,0.5700000000000001,142.38674065082944,17301,H,22,231.200508641119,16
29,0.59,143.51099453063958,17918,H,22,334.85880120549166,24
30,0.61,142.49263396470778,18531,H,22,391.2363067292645,29
31,0.63,143.25558805097137,19148,H,22,483.0791727595572,37
32,0.65,139.49041234505438,19765,H,22,505.9448520111308,40
33,0.67,139.77703034469212,20366,H,22,503.2897967200236,41
34,0.69,139.79984724807866,20949,H,22,596.6871927060957,50
35,0.71,135.1776736851869,21562,H,22,486.96781374640574,42
36,0.73,133.83331830071253,22174,H,22,496.07648597456483,44
37,0.75,132.9626426690079,22780,H,22,570.6760316066726,52
38,0.77,128.33064343964818,23421,H,22,533.7090645147517,50
39,0.79,127.0315,24000,H,22,427.0833333333333,41
40,0.81,128.2701768652165,24595,H,22,487.90404553771094,48
41,0.83,125.6243654822335,25216,H,22,465.9739847715736,47
42,0.85,125.09925289358573,25833,H,22,329.0365036968219,34
43,0.87,117.75201452729543,26433,H,22,236.44686566034883,25
44,0.89,113.16368826931632,26972,H,22,222.45291413317514,24
45,0.91,115.2883456771173,26059,H,22,220.65313327449252,23
46,0.9299999999999999,115.4472505253142,25223,H,22,208.14336121793602,21
47,0.95,119.48562285920318,22188,H,22,157.7429241031188,14
48,0.97,116.04373644531654,19366,H,22,154.91066818134877,12
49,0.99,110.87234413096482,17226,H,22,174.15534656913968,12
0,0.01,129.1081967213115,305,H,23,819.672131147541,1
1,0.03,125.92793791574279,902,H,23,277.1618625277162,1
2,0.05,126.97086092715232,1510,H,23,496.68874172185434,3
3,0.07,131.95235849056604,2120,H,23,117.9245283018868,1
4,0.09,130.5624313438301,2731,H,23,274.62467960454046,3
5,0.11,130.70593525179856,3336,H,23,149.8800959232614,2
6,0.13,131.24133537206933,3924,H,23,318.55249745158005,5
7,0.15000000000000002,129.8265755839577,4538,H,23,220.3613926840018,4
8,0.16999999999999998,128.72538356962517,5149,H,23,194.21246844047388,4
9,0.19,129.56486956521738,5750,H,23,260.8695652173913,6
10,0.21000000000000002,130.94502042098648,6366,H,23,235.626767200754,6
11,0.22999999999999998,129.6222732491389,6968,H,23,358.78300803673943,10
12,0.25,128.2460968510188,7558,H,23,430.0079386080974,13
13,0.27,129.19645042839656,8170,H,23,244.79804161566707,8
14,0.29000000000000004,131.04209925841414,8765,H,23,313.7478608100399,11
15,0.31,131.059342762948,9403,H,23,239.28533446772306,9
16,0.33,132.67307307307308,9990,H,23,400.40040040040043,16
17,0.35,132.91929691929693,10582,H,23,378.000378000378,16
18,0.37,132.57542448614834,11190,H,23,357.46201966041104,16
19,0.39,133.7933898305085,11800,H,23,402.54237288135596,19
20,0.41000000000000003,134.23934030571198,12430,H,23,341.9147224456959,17
21,0.43,136.42183660933662,13024,H,23,403.1019656019656,21
22,0.45,138.0540302451916,13622,H,23,348.7006313316694,19
23,0.47,138.94244705551256,14213,H,23,404.55920636037433,23
24,0.49,140.9329194223242,14818,H,23,320.55608044270485,19
25,0.51,143.78005048870477,15449,H,23,388.3746520810409,24
26,0.53,143.55527872936779,16055,H,23,373.7153534724385,24
27,0.55,145.16372266282144,16644,H,23,405.5515501081471,27
28,0.5700000000000001,144.69732954874587,17263,H,23,506.8643920523663,35
29,0.59,146.03746284560597,17831,H,23,434.6363075542594,31
30,0.61,146.95544125609095,18470,H,23,419.5993502977802,31
31,0.63,145.70094339622642,19080,H,23,511.0062893081761,39
32,0.65,144.62037601626017,19680,H,23,546.239837398374,43
33,0.67,144.25145363161525,20294,H,23,542.0321277224796,44
34,0.69,143.46171181970752,20855,H,23,431.55118676576365,36
35,0.71,142.2471256342224,21483,H,23,558.5812037424942,48
36,0.73,139.1947611292074,22104,H,23,475.02714440825196,42
37,0.75,136.28125,22720,H,23,539.1725352112676,49
38,0.77,129.44495924495925,23310,H,23,418.2754182754183,39
39,0.79,126.5993640699523,23902,H,23,449.7531587314869,43
40,0.81,117.94800049017606,24481,H,23,224.66402516237082,22
41,0.83,115.21384548093364,25149,H,23,298.22259334367175,30
42,0.85,112.17180909232933,25604,H,23,302.68708014372754,31
43,0.87,114.63967562333575,24786,H,23,282.4174937464698,28
44,0.89,116.89141893316466,23715,H,23,210.8370229812355,20
45,0.91,119.00051840331778,21219,H,23,153.16461661718273,13
46,0.9299999999999999,122.57373798993441,19671,H,23,139.7997051497128,11
47,0.95,123.43232224396608,18396,H,23,149.48901935203307,11
48,0.97,122.58267716535433,17399,H,23,57.47456750387954,4
49,0.99,119.77915737448014,16591,H,23,75.34205292025798,5
0,0.01,113.38762214983713,307,H,24,0.0,0
1,0.03,108.14502164502164,924,H,24,0.0,0
2,0.05,107.19053791315619,1543,H,24,324.04406999351914,2
3,0.07,112.70512228887863,2167,H,24,230.73373327180434,2
4,0.09,106.93163008276359,2779,H,24,179.92083483267365,2
5,0.11,108.31178372024684,3403,H,24,367.32295033793713,5
6,0.13,104.79935113551285,4007,H,24,124.78163214374844,2
7,0.15000000000000002,108.88277202072538,4632,H,24,323.8341968911917,6
8,0.16999999999999998,108.68759541984733,5240,H,24,333.96946564885496,7
9,0.19,110.99250170415814,5868,H,24,468.64349011588274,11
10,0.21000000000000002,112.28003084040093,6485,H,24,346.9545104086353,9
11,0.22999999999999998,114.67671927846675,7096,H,24,493.23562570462235,14
12,0.25,115.7215239082545,7717,H,24,453.54412336400156,14
13,0.27,117.73778951158046,8333,H,24,450.0180007200288,15
14,0.29000000000000004,118.20487042001787,8952,H,24,363.047363717605,13
15,0.31,117.10036515388629,9585,H,24,443.4011476264998,17
16,0.33,117.87631191760667,10195,H,24,343.3055419323198,14
17,0.35,115.18486306439674,10808,H,24,300.70318282753516,13
18,0.37,114.42657097847015,11426,H,24,284.4389987747243,13
19,0.39,116.80262502076756,12038,H,24,373.8162485462701,18
20,0.41000000000000003,117.78388423216828,12646,H,24,296.5364542147715,15
21,0.43,117.89586627512989,13281,H,24,395.301558617574,21
22,0.45,120.38990495391705,13888,H,24,324.02073732718895,18
23,0.47,124.31268090971744,14510,H,24,344.5899379738112,20
24,0.49,129.74659436582462,15122,H,24,429.8373231054093,26
25,0.51,132.43247363740312,15742,H,24,285.8594841824419,18
26,0.53,136.78993034339484,16366,H,24,473.54271049737264,31
27,0.55,138.5679825851621,16997,H,24,500.08825086780024,34
28,0.5700000000000001,139.59756928668787,17608,H,24,440.1408450704226,31
29,0.59,142.78884374656857,18214,H,24,713.7366860656639,52
30,0.61,140.8127788400255,18828,H,24,544.4019545357978,41
31,0.63,143.59460711161427,19433,H,24,591.7768743889261,46
32,0.65,144.19252429603787,20065,H,24,697.732369798156,56
33,0.67,142.9287924199942,20686,H,24,531.7606110412839,44
34,0.69,142.5652030993191,21295,H,24,633.9516318384598,54
35,0.71,138.0063839489284,21930,H,24,558.5955312357502,49
36,0.73,138.31913004882378,22530,H,24,599.2010652463383,54
37,0.75,135.18266240497582,23152,H,24,539.9101589495508,50
38,0.77,133.2008070957165,23789,H,24,462.39858758249613,44
39,0.79,132.60058213421883,24393,H,24,338.2117820686263,33
40,0.81,130.88753398368783,25012,H,24,309.8512713897329,31
41,0.83,125.16234247590808,25631,H,24,292.614412235184,30
42,0.85,122.76244904179525,26247,H,24,238.12245208976265,25
43,0.87,117.65356677221084,26845,H,24,242.1307506053269,26
44,0.89,121.29758092519002,25919,H,24,221.84497858713686,23
45,0.91,123.43278188942098,22970,H,24,206.79146713104052,19
46,0.9299999999999999,124.59381452975408,21308,H,24,211.18828608973155,18
47,0.95,121.61035591989209,19274,H,24,129.70841548199647,10
48,0.97,119.58749172002649,18116,H,24,55.19982336056525,4
49,0.99,116.22779056726286,16941,H,24,118.05678531373593,8
0,0.01,120.64197530864197,324,H,25,771.6049382716051,1
1,0.03,125.71282051282051,975,H,25,512.8205128205128,2
2,0.05,123.7701786814541,1623,H,25,154.03573629081947,1
3,0.07,127.87483472895549,2269,H,25,440.7227853680036,4
4,0.09,125.38612160769495,2911,H,25,171.76228100309172,2
5,0.11,128.10246360582306,3572,H,25,209.96640537514,3
6,0.13,127.53047189945458,4217,H,25,177.8515532368983,3
7,0.15000000000000002,126.28738461538461,4875,H,25,256.4102564102564,5
8,0.16999999999999998,126.65148766328012,5512,H,25,90.711175616836,2
9,0.19,126.61933387489846,6155,H,25,121.85215272136475,3
10,0.21000000000000002,125.652020573108,6805,H,25,183.68846436443792,5
11,0.22999999999999998,125.92131674026496,7473,H,25,401.4452027298274,12
12,0.25,127.6328067143915,8102,H,25,185.13947173537397,6
13,0.27,128.64949276188304,8773,H,25,256.4687108172803,9
14,0.29000000000000004,127.5571018803782,9413,H,25,239.03112716455968,9
15,0.31,127.63407097288676,10032,H,25,224.2822966507177,9
16,0.33,126.08467289719626,10700,H,25,397.196261682243,17
17,0.35,128.77658450704226,11360,H,25,286.09154929577466,13
18,0.37,129.00816734727894,11999,H,25,354.1961830152513,17
19,0.39,128.38669931285048,12661,H,25,217.2024326672459,11
20,0.41000000000000003,130.36390287904985,13303,H,25,281.8913027136736,15
21,0.43,131.55723712523312,13942,H,25,304.83431358485154,17
22,0.45,132.17959435384404,14594,H,25,239.82458544607374,14
23,0.47,133.32707334690394,15229,H,25,295.488869919233,18
24,0.49,132.273882145777,15901,H,25,267.2787874976417,17
25,0.51,134.00169174068031,16551,H,25,377.62068757174796,25
26,0.53,134.39015305825527,17183,H,25,305.5345399522784,21
27,0.55,136.29824855911812,17871,H,25,335.73946617424883,24
28,0.5700000000000001,136.8416495291698,18478,H,25,324.7104665007036,24
29,0.59,138.62723564480703,19122,H,25,379.1444409580588,29
30,0.61,141.20717715440992,19785,H,25,530.705079605762,42
31,0.63,138.85848548631847,20429,H,25,416.07518723383424,34
32,0.65,140.18779609626682,21108,H,25,473.75402690922874,40
33,0.67,139.5370523796373,21726,H,25,517.8127589063795,45
34,0.69,138.29305487232236,22361,H,25,681.99096641474,61
35,0.71,135.13654723127036,23025,H,25,662.3235613463627,61
36,0.73,133.04525307104564,23689,H,25,580.4381780573262,55
37,0.75,133.37753381851076,24321,H,25,555.0758603675836,54
38,0.77,131.37171184136884,25014,H,25,479.7313504437515,48
39,0.79,129.7593756097561,25625,H,25,419.51219512195127,43
40,0.81,132.99344761904763,26250,H,25,409.5238095238095,43
41,0.83,134.2976991413597,26903,H,25,418.1689774374605,45
42,0.85,135.64351230830584,27583,H,25,208.4617336765399,23
43,0.87,135.1830901105129,28232,H,25,265.6559931992066,30
44,0.89,126.42213370280568,28870,H,25,164.5306546588154,19
45,0.91,119.47452574525745,29520,H,25,160.9078590785908,19
46,0.9299999999999999,115.58390285979696,30142,H,25,165.88149426050032,20
47,0.95,110.96125218914186,27408,H,25,100.33566841798016,11
48,0.97,106.48591743119266,21800,H,25,103.21100917431193,9
49,0.99,101.66300999729803,18505,H,25,121.58875979465009,9
0,0.01,94.25279642058166,447,I,1,0.0,0
1,0.03,97.61326378539493,1342,I,1,372.5782414307005,2
2,0.05,98.69991055456171,2236,I,1,559.0339892665475,5
3,0.07,99.19012738853503,3140,I,1,238.8535031847134,3
4,0.09,102.9474467030243,4034,I,1,309.86613782845814,5
5,0.11,103.208688591149,4926,I,1,304.50669914738125,6
6,0.13,102.5985576923077,5824,I,1,300.4807692307693,7
7,0.15000000000000002,103.34185493460167,6728,I,1,260.10701545778835,7
8,0.16999999999999998,104.18832960967275,7609,I,1,295.7024576159811,9
9,0.19,104.21238106425467,8513,I,1,146.83425349465523,5
10,0.21000000000000002,106.2002763899224,9407,I,1,186.03167853725947,7
11,0.22999999999999998,104.20390518748786,10294,I,1,72.85797551972023,3
12,0.25,103.15167186803389,11215,I,1,245.20731163620152,11
13,0.27,107.05117164858822,12077,I,1,124.20303055394552,6
14,0.29000000000000004,110.40989290392172,12979,I,1,173.35696124508823,9
15,0.31,106.29512914598172,13899,I,1,125.90833872940499,7
16,0.33,107.1256764069264,14784,I,1,84.55086580086581,5
17,0.35,107.96937017420713,15671,I,1,159.53034267117604,10
18,0.37,104.35184737985993,16564,I,1,150.92972711905338,10
19,0.39,104.1388570774164,17464,I,1,200.41227668346312,14
20,0.41000000000000003,102.33008599107434,18374,I,1,204.0927397409383,15
21,0.43,100.89370099184713,19257,I,1,142.80521368852885,11
22,0.45,106.05767418794942,20165,I,1,260.3520952144805,21
23,0.47,103.94645400170891,21066,I,1,142.40956992309884,12
24,0.49,103.95437556973565,21940,I,1,284.8678213309025,25
25,0.51,104.73824005601016,22853,I,1,164.09224171881155,15
26,0.53,106.45127859459915,23737,I,1,294.8982601002654,28
27,0.55,105.19565746753247,24640,I,1,213.06818181818184,21
28,0.5700000000000001,106.10562387405028,25534,I,1,303.51687945484457,31
29,0.59,105.98789392047819,26433,I,1,236.44686566034883,25
30,0.61,105.74938655923823,27305,I,1,265.51913568943417,29
31,0.63,106.79931212991525,28203,I,1,319.1149877672588,36
32,0.65,105.74750248892856,29129,I,1,248.892855916784,29
33,0.67,105.19327647098021,30014,I,1,258.21283401079495,31
34,0.69,105.83850288156447,30886,I,1,364.24269895745647,45
35,0.71,104.32252178563564,31787,I,1,228.0806619058106,29
36,0.73,104.67069181620862,32711,I,1,229.28067011097187,30
37,0.75,104.22396143316271,33604,I,1,245.50648732293774,33
38,0.77,103.9710665932218,34493,I,1,297.1617429623402,41
39,0.79,101.47448720122054,35394,I,1,218.9636661581059,31
40,0.81,100.45182980599647,36288,I,1,310.01984126984127,45
41,0.83,99.80098432079176,37183,I,1,221.87558830648413,33
42,0.85,97.94633762142294,38090,I,1,315.04331845628775,48
43,0.87,99.13024724639914,38949,I,1,295.25790135818636,46
44,0.89,102.1216277659897,39588,I,1,202.0814388198444,32
45,0.91,106.01627991110652,38698,I,1,239.03044084965634,37
46,0.9299999999999999,109.2569630386176,36227,I,1,269.1362795704861,39
47,0.95,107.89092314829132,32335,I,1,286.0677284676048,37
48,0.97,114.40442971747471,28670,I,1,279.0373212417161,32
49,0.99,121.3625630487577,26765,I,1,149.44890715486645,16
0,0.01,123.61818181818182,440,I,2,0.0,0
1,0.03,125.47520976353928,1311,I,2,572.0823798627002,3
2,0.05,122.80520072992701,2192,I,2,228.1021897810219,2
3,0.07,124.8390767230169,3076,I,2,487.6462938881665,6
4,0.09,123.5604674796748,3936,I,2,508.13008130081306,8
5,0.11,120.73806558738066,4818,I,2,207.55500207555005,4
6,0.13,124.18814478055604,5719,I,2,655.7090400419654,15
7,0.15000000000000002,122.53644403781641,6558,I,2,457.4565416285453,12
8,0.16999999999999998,121.16664428628978,7447,I,2,436.4173492681617,13
9,0.19,122.85635491606715,8340,I,2,479.6163069544364,16
10,0.21000000000000002,119.34304031294143,9203,I,2,434.6408779745735,16
11,0.22999999999999998,118.2500992063492,10080,I,2,372.0238095238096,15
12,0.25,120.75809836663929,10959,I,2,410.6214070626882,18
13,0.27,118.26074111589432,11847,I,2,422.0477758082215,20
14,0.29000000000000004,117.67136556938101,12698,I,2,374.0746574263664,19
15,0.31,116.48648847654812,13581,I,2,404.97754215448055,22
16,0.33,115.01091160220994,14480,I,2,379.83425414364643,22
17,0.35,114.86208020867296,15335,I,2,456.4721225953701,28
18,0.37,111.40715386987357,16215,I,2,308.35646006783844,20
19,0.39,107.77895352236189,17105,I,2,394.62145571470336,27
20,0.41000000000000003,107.41121807356296,17971,I,2,417.33904624116633,30
21,0.43,105.76805437553101,18832,I,2,225.67969413763808,17
22,0.45,105.54382409565305,19738,I,2,405.3095551727632,32
23,0.47,104.89887967408701,20619,I,2,339.4927009069305,28
24,0.49,102.83218347939587,21452,I,2,314.6559761327615,27
25,0.51,99.85327010825803,22354,I,2,301.9593808714324,27
26,0.53,101.13981409759876,23238,I,2,311.9889835614081,29
27,0.55,102.00198922503108,24130,I,2,300.4558640696229,29
28,0.5700000000000001,102.7246614854579,24962,I,2,280.42624789680315,28
29,0.59,103.8410777794959,25868,I,2,260.9401577238287,27
30,0.61,106.23664150661385,26762,I,2,326.9561318287124,35
31,0.63,105.09794749057151,27576,I,2,335.4366115462721,37
32,0.65,102.46791115477735,28499,I,2,263.16712867118144,30
33,0.67,102.72351720148365,29387,I,2,323.2721951883486,38
34,0.69,102.17502893997023,30235,I,2,314.20539110302633,38
35,0.71,99.36771747164111,31119,I,2,241.01031524149235,30
36,0.73,98.78245789457239,32003,I,2,312.4707058713246,40
37,0.75,96.27454141696833,32873,I,2,273.7809144282542,36
38,0.77,98.72863621543112,33737,I,2,259.3591605655512,35
39,0.79,100.38243953125902,34646,I,2,266.9860878600705,37
40,0.81,104.04534962279023,35524,I,2,288.53732687760385,41
41,0.83,105.28440543663677,36346,I,2,275.1334397182634,40
42,0.85,107.9502480705623,36280,I,2,323.86990077177506,47
43,0.87,104.600128425907,34261,I,2,269.9862817781151,37
44,0.89,106.42865696098822,31734,I,2,299.3634587508666,38
45,0.91,105.72237554209526,27901,I,2,259.8473173004552,29
46,0.9299999999999999,105.92880420197064,26083,I,2,277.9588237549362,29
47,0.95,107.72174685179206,24776,I,2,272.4410720051663,27
48,0.97,107.61630663267589,22359,I,2,234.80477660002683,21
49,0.99,107.55450007269907,20633,I,2,278.6797848107401,23
0,0.01,120.0,471,I,3,530.7855626326965,1
1,0.03,121.93427561837456,1415,I,3,353.35689045936397,2
2,0.05,117.80954391891892,2368,I,3,527.8716216216217,5
3,0.07,119.76404833836858,3310,I,3,453.17220543806644,6
4,0.09,121.0151121605667,4235,I,3,295.159386068477,5
5,0.11,119.86757639823179,5203,I,3,288.29521429944265,6
6,0.13,117.42144597887896,6155,I,3,528.0259951259139,13
7,0.15000000000000002,114.14649321266968,7072,I,3,318.1561085972851,9
8,0.16999999999999998,113.6371339563863,8025,I,3,280.373831775701,9
9,0.19,113.22092376182526,8985,I,3,306.0656649972176,11
10,0.21000000000000002,112.50110820068507,9926,I,3,251.8637920612533,10
11,0.22999999999999998,112.79720022103518,10858,I,3,437.4654632529011,19
12,0.25,113.04031165311653,11808,I,3,317.58130081300817,15
13,0.27,111.73155625245002,12755,I,3,450.8036064288515,23
14,0.29000000000000004,110.13104001166096,13721,I,3,255.08344872822684,14
15,0.31,110.47321245295929,14615,I,3,290.79712624016423,17
16,0.33,110.72493903221665,15582,I,3,304.838916698755,19
17,0.35,111.1260194526672,16553,I,3,286.95704706095574,19
18,0.37,110.91499942837544,17494,I,3,357.2653481193552,25
19,0.39,111.27152570029915,18385,I,3,271.96083763938,20
20,0.41000000000000003,113.78443113772455,19372,I,3,387.15672104067727,30
21,0.43,110.0919054406055,20347,I,3,319.45741386936646,26
22,0.45,107.1479894528675,21238,I,3,282.5124776344289,24
23,0.47,106.27159213847818,22184,I,3,383.1590335376848,34
24,0.49,104.45866804871729,23154,I,3,323.918113500907,30
25,0.51,105.10469119415986,24109,I,3,352.56543199634996,34
26,0.53,102.40100691253446,25027,I,3,329.64398449674354,33
27,0.55,101.33781493181293,25958,I,3,317.8210956159951,33
28,0.5700000000000001,100.72879530600119,26928,I,3,306.3725490196079,33
29,0.59,102.04000716974369,27895,I,3,313.6762860727729,35
30,0.61,100.98816711777361,28818,I,3,260.2540079117218,30
31,0.63,101.8520425331449,29718,I,3,277.6095295780335,33
32,0.65,101.7879004716214,30745,I,3,235.81070092698002,29
33,0.67,101.99800916416496,31645,I,3,244.90440827934904,31
34,0.69,99.62246307838743,32569,I,3,299.36442629494303,39
35,0.71,97.95431653604315,33557,I,3,268.2003754805257,36
36,0.73,97.25915190864033,34501,I,3,268.10817077765864,37
37,0.75,98.1195504856562,35416,I,3,261.18138694375426,37
38,0.77,97.71843885802299,36358,I,3,233.78623686671432,34
39,0.79,97.12834941050374,37320,I,3,274.65166130760986,41
40,0.81,96.30432056841336,38282,I,3,280.8108249307769,43
41,0.83,97.18596410727032,39228,I,3,267.6659528907923,42
42,0.85,97.92701603851238,40091,I,3,318.02648973585093,51
43,0.87,98.88199090179288,41107,I,3,285.83939475028586,47
44,0.89,103.4823507054967,42098,I,3,302.86474416836904,51
45,0.91,106.58804949295842,42107,I,3,237.49020352910443,40
46,0.9299999999999999,108.39064175791285,40093,I,3,236.94909335794281,38
47,0.95,110.2054646579189,37038,I,3,215.9943841460122,32
48,0.97,113.09868593955322,30440,I,3,254.59921156373196,31
49,0.99,115.4623998066621,24827,I,3,251.74205502074355,25
0,0.01,109.26508620689656,464,I,4,0.0,0
1,0.03,111.0264474624732,1399,I,4,0.0,0
2,0.05,112.86683848797252,2328,I,4,322.1649484536083,3
3,0.07,112.08723599632691,3267,I,4,382.61401897765535,5
4,0.09,109.46726969769102,4201,I,4,178.52892168531304,3
5,0.11,107.63863414634146,5125,I,4,487.80487804878055,10
6,0.13,105.80178541907753,6049,I,4,413.2914531327492,10
7,0.15000000000000002,105.39516244453986,6987,I,4,250.46514956347505,7
8,0.16999999999999998,110.51185372005044,7930,I,4,315.2585119798235,10
9,0.19,110.16830120617743,8871,I,4,479.0891669484838,17
10,0.21000000000000002,108.05139470726473,9787,I,4,357.6172473689589,14
11,0.22999999999999998,107.25995513180034,10698,I,4,303.7951018882034,13
12,0.25,103.49905644192829,11658,I,4,321.6675244467319,15
13,0.27,102.54155410773876,12586,I,4,278.0867630700779,14
14,0.29000000000000004,101.75035114955274,13527,I,4,203.29710948473425,11
15,0.31,101.43675136744443,14443,I,4,363.49788825036353,21
16,0.33,100.37407359251073,15382,I,4,211.28591860616305,13
17,0.35,99.67126732916206,16302,I,4,199.3620414673046,13
18,0.37,101.30623840445269,17248,I,4,318.8775510204082,22
19,0.39,101.2166739991201,18184,I,4,302.4637043554774,22
20,0.41000000000000003,99.74034536891679,19110,I,4,300.8895866038723,23
21,0.43,98.76354753477243,20059,I,4,299.11760307094073,24
22,0.45,98.00152671755725,20960,I,4,262.40458015267177,22
23,0.47,97.78723501461988,21888,I,4,411.18421052631584,36
24,0.49,97.64067084117879,22837,I,4,317.4672680299514,29
25,0.51,98.26146210145536,23774,I,4,252.37654580634307,24
26,0.53,98.5509906995552,24730,I,4,262.8386575010109,26
27,0.55,99.18646317186463,25619,I,4,292.75147351575004,30
28,0.5700000000000001,98.83044591744502,26552,I,4,329.54203073214825,35
29,0.59,98.24204516527874,27499,I,4,218.18975235463108,24
30,0.61,97.55357142857143,28448,I,4,316.3667041619798,36
31,0.63,97.70713775145512,29379,I,4,212.7369890057524,25
32,0.65,99.72600026409613,30292,I,4,404.3972005810115,49
33,0.67,100.15807185667126,31201,I,4,312.48998429537517,39
34,0.69,99.0227915798638,32161,I,4,357.575946021579,46
35,0.71,99.67556294393229,33085,I,4,340.03324769533026,45
36,0.73,101.35015272556392,34048,I,4,301.0455827067669,41
37,0.75,101.33428694035189,34955,I,4,293.2341582034044,41
38,0.77,103.62116611415996,35897,I,4,341.2541438003176,49
39,0.79,106.37773008801477,36812,I,4,312.3981310442247,46
40,0.81,106.51052157320046,37732,I,4,265.02703275734126,40
41,0.83,107.82994786009124,36824,I,4,298.7182272431024,44
42,0.85,105.81653572305426,32584,I,4,299.2266142892217,39
43,0.87,106.53780246996219,29879,I,4,259.37949730580004,31
44,0.89,105.68077699644921,28726,I,4,348.116688714057,40
45,0.91,106.37503651767456,27384,I,4,346.91790826760155,38
46,0.9299999999999999,103.26634768740031,25707,I,4,291.7493289765434,30
47,0.95,103.329329412252,24143,I,4,279.58414447251795,27
48,0.97,103.40913373110224,22291,I,4,291.59750571979725,26
49,0.99,101.03250751825863,20949,I,4,286.409852498926,24
0,0.01,102.15011037527594,453,I,5,551.8763796909492,1
1,0.03,98.196336996337,1365,I,5,0.0,0
2,0.05,97.62494490965183,2269,I,5,330.54208902600266,3
3,0.07,96.8535051870481,3181,I,5,628.7331027978623,8
4,0.09,94.01786588350465,4086,I,5,183.55359765051395,3
5,0.11,96.91648307630683,4993,I,5,500.70098137392347,10
6,0.13,94.30490693739425,5910,I,5,169.20473773265653,4
7,0.15000000000000002,94.04266862170088,6820,I,5,183.28445747800586,5
8,0.16999999999999998,95.76845376845377,7722,I,5,291.3752913752914,9
9,0.19,99.86675156286178,8638,I,5,260.47696225978234,9
10,0.21000000000000002,104.0003145313483,9538,I,5,183.47661983644372,7
11,0.22999999999999998,109.64317855433221,10445,I,5,311.1536620392532,13
12,0.25,109.95903805496829,11352,I,5,286.29316420014095,13
13,0.27,108.20717196414017,12270,I,5,203.74898125509372,10
14,0.29000000000000004,110.97069318958317,13171,I,5,474.52737073874425,25
15,0.31,106.57223011363637,14080,I,5,177.5568181818182,10
16,0.33,107.19015540585606,14993,I,5,233.4422730607617,14
17,0.35,104.59676709226996,15899,I,5,235.86389081074282,15
18,0.37,105.94387633769323,16820,I,5,267.53864447086806,18
19,0.39,104.65676698097228,17711,I,5,254.07938569250751,18
20,0.41000000000000003,104.41344862774585,18619,I,5,174.55287609431227,13
21,0.43,104.61511288588542,19533,I,5,396.76444990528853,31
22,0.45,102.43260954616588,20448,I,5,207.84428794992178,17
23,0.47,103.91219603617111,21343,I,5,339.6898280466664,29
24,0.49,101.63126684636119,22260,I,5,292.00359389038636,26
25,0.51,103.16013466850829,23168,I,5,248.1871546961326,23
26,0.53,101.58607085011836,24079,I,5,249.17978321358862,24
27,0.55,101.00360144057623,24990,I,5,350.140056022409,35
28,0.5700000000000001,98.63326506163774,25877,I,5,289.8326699385555,30
29,0.59,97.40680622411284,26799,I,5,289.18989514534127,31
30,0.61,95.83522829814113,27705,I,5,252.6619743728569,28
31,0.63,98.1333752752438,28611,I,5,340.7780224389221,39
32,0.65,94.5975477577564,29524,I,5,304.8367429887549,36
33,0.67,92.7716359575656,30447,I,5,320.2285939501429,39
34,0.69,93.7788056654332,31348,I,5,382.79954064055124,48
35,0.71,94.41380913995164,32254,I,5,403.05078439883425,52
36,0.73,94.6424543946932,33165,I,5,376.9033619779888,50
37,0.75,95.7347028613353,34075,I,5,469.55245781364636,64
38,0.77,96.69510521500457,34976,I,5,343.09240622140896,48
39,0.79,97.37867595818815,35875,I,5,383.2752613240418,55
40,0.81,97.03919969553634,36786,I,5,394.1716957538194,58
41,0.83,98.39166291002626,37711,I,5,351.3563681684389,53
42,0.85,98.57021155389835,38619,I,5,304.25438255780836,47
43,0.87,99.95413377858733,39528,I,5,316.2315320785266,50
44,0.89,101.85621707190383,40429,I,5,296.8166415197012,48
45,0.91,104.91197209418213,40135,I,5,280.30397408745483,45
46,0.9299999999999999,106.76913689239717,38512,I,5,240.1848774407977,37
47,0.95,108.1326692139738,36640,I,5,191.04803493449782,28
48,0.97,110.44543730513324,31111,I,5,168.75060268072386,21
49,0.99,118.11156397050651,26989,I,5,277.8909926266257,30
0,0.01,119.6215334420881,613,I,6,0.0,0
1,0.03,122.524043715847,1830,I,6,409.83606557377055,3
2,0.05,128.3330062152437,3057,I,6,490.6771344455349,6
3,0.07,129.0566479400749,4272,I,6,409.6441947565543,7
4,0.09,130.26624319419238,5510,I,6,544.464609800363,12
5,0.11,128.60720130932896,6721,I,6,483.5589941972921,13
6,0.13,128.044408101648,7949,I,6,377.4059630142157,12
7,0.15000000000000002,126.38831989540205,9178,I,6,490.30289823490955,18
8,0.16999999999999998,125.00644726712856,10392,I,6,312.74056966897615,13
9,0.19,123.16257642297425,11613,I,6,387.4967708602428,18
10,0.21000000000000002,120.91901572963712,12842,I,6,350.41270830088774,18
11,0.22999999999999998,120.42812433316736,14059,I,6,355.6440714133296,20
12,0.25,120.9937156323645,15276,I,6,441.86959937156325,27
13,0.27,120.51059450296646,16518,I,6,363.2401017072285,24
14,0.29000000000000004,116.06635819884889,17722,I,6,437.30955874054854,31
15,0.31,114.51653110805958,18934,I,6,330.0940107742685,25
16,0.33,116.29633668765182,20173,I,6,384.1768700738611,31
17,0.35,115.09076046337817,21408,I,6,350.33632286995515,30
18,0.37,114.94129877023799,22606,I,6,287.53428293373446,26
19,0.39,115.79018662193332,23845,I,6,408.89075277836025,39
20,0.41000000000000003,114.20260134056815,25064,I,6,448.8509415895308,45
21,0.43,114.53813365809103,26276,I,6,456.6905160602832,48
22,0.45,113.01827894469075,27518,I,6,454.24812849771064,50
23,0.47,112.55080791196545,28716,I,6,409.17955146956405,47
24,0.49,112.48569998331386,29965,I,6,400.4672117470382,48
25,0.51,111.65397812910881,31183,I,6,448.96257576243465,56
26,0.53,111.04057058169693,32388,I,6,470.85340249475115,61
27,0.55,110.11706272492044,33623,I,6,438.68780299199955,59
28,0.5700000000000001,109.08032024793388,34848,I,6,444.78879706152435,62
29,0.59,108.97128125519765,36074,I,6,443.5327382602429,64
30,0.61,108.82808268761562,37297,I,6,375.36531088291287,56
31,0.63,107.59509409474367,38525,I,6,356.9110966904608,55
32,0.65,106.99279887199114,39716,I,6,415.449692819015,66
33,0.67,107.8924733808733,40948,I,6,439.5819087623327,72
34,0.69,108.63106128833483,42194,I,6,426.6009385220648,72
35,0.71,108.56814306125271,43394,I,6,409.04272480066373,71
36,0.73,109.67668363571124,44591,I,6,493.37310219551034,88
37,0.75,109.99112593755451,45864,I,6,414.2682714111286,76
38,0.77,109.85814126394052,47075,I,6,345.19383961763145,65
39,0.79,107.98339578890706,48301,I,6,367.4872155855987,71
40,0.81,108.4597851980458,49534,I,6,444.1393790123956,88
41,0.83,109.05329048539096,50722,I,6,379.5197350262214,77
42,0.85,112.09009026497137,51515,I,6,320.29505969135204,66
43,0.87,114.78017828401634,48462,I,6,371.4250340472948,72
44,0.89,117.07299224418314,47964,I,6,359.64473355016264,69
45,0.91,116.80787220100775,44257,I,6,276.79237182818537,49
46,0.9299999999999999,115.18449732207092,37529,I,6,339.7372698446535,51
47,0.95,114.89958802367413,34468,I,6,268.36486016014857,37
48,0.97,117.13596177598647,30766,I,6,235.64974322303843,29
49,0.99,118.46528808766348,28290,I,6,220.92612230470132,25
0,0.01,122.84918032786885,610,I,7,1229.5081967213116,3
1,0.03,122.19068493150685,1825,I,7,273.972602739726,2
2,0.05,123.87648221343873,3036,I,7,658.7615283267457,8
3,0.07,124.16698024459077,4252,I,7,235.1834430856068,4
4,0.09,124.70911748583957,5473,I,7,548.1454412570803,12
5,0.11,121.13007034875018,6681,I,7,449.03457566232606,12
6,0.13,119.86079797340089,7895,I,7,221.65927802406588,7
7,0.15000000000000002,120.71741992101799,9116,I,7,493.63756033347966,18
8,0.16999999999999998,120.0772656855151,10328,I,7,338.8845855925639,14
9,0.19,121.00848044305988,11556,I,7,475.94323295257874,22
10,0.21000000000000002,119.77437544052,12769,I,7,371.99467460255306,19
11,0.22999999999999998,118.63152624803318,13982,I,7,321.8423687598341,18
12,0.25,116.79638038828563,15195,I,7,361.961171437973,22
13,0.27,115.42582769343333,16401,I,7,457.2891896835559,30
14,0.29000000000000004,114.1660797455413,17606,I,7,369.1923207997274,26
15,0.31,112.78385264610648,18839,I,7,318.4882424757153,24
16,0.33,111.03549882833923,20057,I,7,286.6829535822905,23
17,0.35,110.11913832839471,21261,I,7,388.0344292366305,33
18,0.37,110.14401992616644,22483,I,7,333.58537561713297,30
19,0.39,108.51319672822329,23718,I,7,368.91812125811623,35
20,0.41000000000000003,107.57318296745194,24917,I,7,260.86607537022917,26
21,0.43,108.41350162554981,26145,I,7,363.3581946834959,38
22,0.45,108.74286236519832,27355,I,7,392.98117346006217,43
23,0.47,106.57246427570747,28552,I,7,332.72625385261983,38
24,0.49,106.11168979536978,29761,I,7,394.8120022848695,47
25,0.51,107.4680844197754,30988,I,7,330.77320253001164,41
26,0.53,107.45835015057904,32209,I,7,271.6631997267844,35
27,0.55,108.49859382479656,33424,I,7,441.2996649114409,59
28,0.5700000000000001,108.03058395425403,34626,I,7,361.00040432045284,50
29,0.59,106.76079558134344,35848,I,7,327.7728185672841,47
30,0.61,107.96379858752493,37098,I,7,330.2064801336999,49
31,0.63,105.76351245495849,38298,I,7,339.44331296673454,52
32,0.65,104.06984279674961,39503,I,7,310.1030301496089,49
33,0.67,104.76447904897579,40714,I,7,374.56403202829495,61
34,0.69,104.11683758645361,41930,I,7,333.88981636060106,56
35,0.71,104.75581422310849,43127,I,7,399.9814501356459,69
36,0.73,104.17370817927676,44356,I,7,383.2626927585896,68
37,0.75,102.27324777887463,45585,I,7,312.6028298782494,57
38,0.77,101.77591108261196,46785,I,7,406.11307042855617,76
39,0.79,101.98329271087223,48003,I,7,348.93652480053333,67
40,0.81,102.7823764748888,49241,I,7,345.24075465567313,68
41,0.83,106.14471518924599,50437,I,7,351.92418264369417,71
42,0.85,108.64646778135547,51554,I,7,237.61492803662182,49
43,0.87,110.14185885557366,44791,I,7,284.6553995222255,51
44,0.89,108.55172590654972,38994,I,7,269.2721957224188,42
45,0.91,109.3546894167503,35868,I,7,271.83004349280696,39
46,0.9299999999999999,109.48629867971842,33099,I,7,226.59294842744495,30
47,0.95,109.89281714925612,31255,I,7,367.94112941929296,46
48,0.97,109.89735413839891,29480,I,7,254.40976933514247,30
49,0.99,108.6863042242849,26395,I,7,340.97366925554087,36
0,0.01,114.01560062402496,641,I,8,0.0,0
1,0.03,115.0833767587285,1919,I,8,390.8285565398645,3
2,0.05,114.13360578434454,3181,I,8,471.54982709839675,6
3,0.07,113.91023057980748,4467,I,8,335.795836131632,6
4,0.09,114.50304189118721,5753,I,8,304.1891187206675,7
5,0.11,114.95039908779931,7016,I,8,356.3283922462942,10
6,0.13,114.97938020016882,8293,I,8,301.45906185939947,10
7,0.15000000000000002,114.22906661098351,9578,I,8,313.21779077051576,12
8,0.16999999999999998,114.62424130954571,10874,I,8,413.8311568879897,18
9,0.19,114.01650028875505,12121,I,8,185.62824849434864,9
10,0.21000000000000002,114.12613959049469,13382,I,8,261.5453594380511,14
11,0.22999999999999998,114.00823745660017,14689,I,8,306.35169174211995,18
12,0.25,112.98979783438693,15977,I,8,250.35989234524632,16
13,0.27,112.98798258345428,17225,I,8,261.2481857764877,18
14,0.29000000000000004,111.76943453346308,18498,I,8,364.9043139798897,27
15,0.31,111.15556004648109,19793,I,8,290.5067448087708,23
16,0.33,110.50078269531807,21081,I,8,284.61647929415113,24
17,0.35,109.93495789285075,22324,I,8,324.7625873499373,29
18,0.37,109.51682060842302,23602,I,8,328.36200322006613,31
19,0.39,109.11138762894875,24913,I,8,260.90795969975517,26
20,0.41000000000000003,108.34122318088112,26194,I,8,286.32511262121096,30
21,0.43,107.70848211032573,27446,I,8,264.15506813379,29
22,0.45,107.28641622525788,28696,I,8,191.6643434625035,22
23,0.47,106.7209263578807,30010,I,8,249.91669443518828,30
24,0.49,106.30769722337604,31297,I,8,191.7116656548551,24
25,0.51,106.90114921337266,32544,I,8,268.8667649950836,35
26,0.53,106.0184780037843,33824,I,8,288.2568590350047,39
27,0.55,105.1343733986221,35126,I,8,170.813642316233,24
28,0.5700000000000001,106.54234679857103,36390,I,8,267.9307502061006,39
29,0.59,105.93813446718045,37630,I,8,245.8145096997077,37
30,0.61,105.6257225804794,38923,I,8,224.80281581584154,35
31,0.63,106.70796680085483,40242,I,8,205.00969136722827,33
32,0.65,107.04773143242463,41524,I,8,228.78335420479723,38
33,0.67,107.21074795873008,42743,I,8,198.86297171466674,34
34,0.69,107.07448451267145,44036,I,8,238.44127532019257,42
35,0.71,109.24624478902442,45337,I,8,264.684474049893,48
36,0.73,109.17356790388328,46610,I,8,257.45548165629697,48
37,0.75,108.19691587613356,47858,I,8,214.1752685026537,41
38,0.77,107.23604128076211,49127,I,8,290.06452663504797,57
39,0.79,105.63482411662177,50488,I,8,242.63191253367137,49
40,0.81,104.1353672928476,51689,I,8,246.66756950221517,51
41,0.83,103.14200725239859,52948,I,8,259.68875122761955,55
42,0.85,101.6767883480826,54240,I,8,318.03097345132744,69
43,0.87,102.04971838842603,55573,I,8,260.9180717254782,58
44,0.89,105.20936042931292,56835,I,8,294.71276502155365,67
45,0.91,107.51433076869758,57708,I,8,233.93636930754838,54
46,0.9299999999999999,109.28585804883606,52666,I,8,256.33235863745114,54
47,0.95,108.98892869475138,46336,I,8,221.21029005524863,41
48,0.97,109.25400993795216,38841,I,8,180.22193043433484,28
49,0.99,109.95759815242494,32475,I,8,177.05927636643574,23
0,0.01,122.59967320261438,612,I,9,0.0,0
1,0.03,118.41463414634147,1845,I,9,271.0027100271003,2
2,0.05,121.34452411994785,3068,I,9,407.43155149934813,5
3,0.07,121.8702023726448,4299,I,9,523.37752965806,9
4,0.09,120.62165582067968,5532,I,9,361.53289949385396,8
5,0.11,118.23313609467456,6760,I,9,517.7514792899409,14
6,0.13,118.37335670464505,7987,I,9,438.21209465381247,14
7,0.15000000000000002,119.17002382499459,9234,I,9,541.4771496642842,20
8,0.16999999999999998,118.61939869781693,10444,I,9,263.3090769819992,11
9,0.19,119.4212871711372,11669,I,9,599.880023995201,28
10,0.21000000000000002,118.96230941877563,12921,I,9,328.9219100688801,17
11,0.22999999999999998,119.32521014339196,14157,I,9,476.7959313413859,27
12,0.25,118.88833181403828,15358,I,9,406.9540304727178,25
13,0.27,118.89676796912687,16584,I,9,422.09358417752054,28
14,0.29000000000000004,118.49291356226541,17851,I,9,378.1300767464008,27
15,0.31,119.34104743912678,19056,I,9,432.9345088161209,33
16,0.33,117.51584914961795,20285,I,9,369.7313285679074,30
17,0.35,116.79271240007436,21516,I,9,453.1511433351924,39
18,0.37,116.49630834139053,22754,I,9,505.40564296387447,46
19,0.39,115.8706608811749,23968,I,9,354.63951935914554,34
20,0.41000000000000003,117.23143741075678,25212,I,9,406.5524353482469,41
21,0.43,116.13086055656382,26448,I,9,397.005444646098,42
22,0.45,115.00188010702148,27658,I,9,352.52006652686384,39
23,0.47,113.9034346651894,28882,I,9,372.20414098746625,43
24,0.49,112.07055621930174,30132,I,9,398.2477100756671,48
25,0.51,112.60465783101823,31388,I,9,366.3820568370078,46
26,0.53,111.61715320624981,32577,I,9,437.42517727230864,57
27,0.55,111.43373600994848,33774,I,9,370.10718304020844,50
28,0.5700000000000001,110.48948974644192,35061,I,9,377.9127805824136,53
29,0.59,108.75081967213114,36295,I,9,371.9520595123295,54
30,0.61,108.43995839889064,37499,I,9,393.3438225019334,59
31,0.63,108.9516762229454,38718,I,9,406.7875406787541,63
32,0.65,108.40712105289496,39966,I,9,375.3190211679928,60
33,0.67,108.31990969997086,41196,I,9,424.7985241285562,70
34,0.69,107.79190042902268,42422,I,9,424.3081420017915,72
35,0.71,108.08013282949732,43665,I,9,320.6229245391046,56
36,0.73,107.4939259523438,44863,I,9,334.3512471301518,60
37,0.75,106.10376765069518,46103,I,9,341.6263583714726,63
38,0.77,103.94417111847801,47359,I,9,322.00848835490615,61
39,0.79,103.3544835250777,48589,I,9,298.4214534153821,58
40,0.81,105.43155843894992,49787,I,9,316.3476409504489,63
41,0.83,108.62772319940389,50997,I,9,254.91695589936663,52
42,0.85,111.51487127713276,49525,I,9,267.54164563351844,53
43,0.87,110.15898120342565,44955,I,9,216.88355021688358,39
44,0.89,107.43354372364665,38183,I,9,379.75015059057694,58
45,0.91,105.44236615803341,34537,I,9,253.35147812490953,35
46,0.9299999999999999,105.41098636728148,32422,I,9,331.56498673740055,43
47,0.95,104.77550758572025,31177,I,9,304.71180678063956,38
48,0.97,103.84105235219958,30142,I,9,290.29261495587554,35
49,0.99,103.4590793297693,27871,I,9,251.1571167163001,28
0,0.01,135.87768595041322,605,I,10,0.0,0
1,0.03,130.0879424778761,1808,I,10,553.0973451327434,4
2,0.05,126.98477829252151,3022,I,10,248.18001323626737,3
3,0.07,124.10724431818181,4224,I,10,236.74242424242428,4
4,0.09,121.0169397900939,5431,I,10,368.2563063892469,8
5,0.11,116.96293506102154,6637,I,10,376.6762091306313,10
6,0.13,116.503374506558,7853,I,10,350.1846428116644,11
7,0.15000000000000002,116.15445807093138,9051,I,10,331.45508783559825,12
8,0.16999999999999998,115.72902848224737,10252,I,10,317.01131486539214,13
9,0.19,112.07731868898188,11472,I,10,261.5062761506276,12
10,0.21000000000000002,110.55526647745191,12684,I,10,394.19741406496377,20
11,0.22999999999999998,112.94804352525762,13877,I,10,270.23131800821506,15
12,0.25,114.21505804311775,15075,I,10,298.5074626865672,18
13,0.27,115.74322335336686,16306,I,10,444.6216116766835,29
14,0.29000000000000004,114.72144162668495,17508,I,10,371.25885309572766,26
15,0.31,113.96679499518768,18702,I,10,307.45374826221797,23
16,0.33,113.84217926186292,19915,I,10,351.493848857645,28
17,0.35,112.76364238724028,21129,I,10,354.9623739883573,30
18,0.37,112.62322020238202,22334,I,10,369.39195844900155,33
19,0.39,113.15953919401463,23524,I,10,340.0782179901377,32
20,0.41000000000000003,112.71457996768983,24760,I,10,403.8772213247173,40
21,0.43,112.21806973608167,25955,I,10,414.17838566750146,43
22,0.45,112.72234297292319,27145,I,10,414.4409651869589,45
23,0.47,113.17548933168753,28355,I,10,423.2057838123788,48
24,0.49,112.75760954021824,29601,I,10,304.04378230465187,36
25,0.51,111.20912930474334,30780,I,10,389.8635477582846,48
26,0.53,112.202220137586,31980,I,10,359.59974984365226,46
27,0.55,111.86973941858713,33195,I,10,399.15649947281224,53
28,0.5700000000000001,111.47931505654563,34397,I,10,399.7441637352095,55
29,0.59,111.29500968856188,35609,I,10,379.11763879918,54
30,0.61,110.65749592612711,36820,I,10,400.59750135795764,59
31,0.63,109.26201493322115,38036,I,10,414.08139657166896,63
32,0.65,110.11880481337957,39224,I,10,458.9027126249236,72
33,0.67,108.83002622593894,40418,I,10,420.604681082686,68
34,0.69,108.07815313693006,41649,I,10,330.13997935124496,55
35,0.71,107.0455223880597,42880,I,10,448.92723880597015,77
36,0.73,105.66647750488038,44054,I,10,306.4420937939801,54
37,0.75,104.00108330385568,45232,I,10,276.3530244074991,50
38,0.77,103.72890179627836,46485,I,10,349.5751317629343,65
39,0.79,105.9008028845146,47703,I,10,366.8532377418611,70
40,0.81,106.73036949138672,48878,I,10,358.0342894553787,70
41,0.83,110.8097739255472,50072,I,10,379.45358683495766,76
42,0.85,111.79810813501942,50215,I,10,323.6084835208603,65
43,0.87,111.11176112391806,45982,I,10,347.9622460962986,64
44,0.89,107.95306431273644,39650,I,10,283.7326607818411,45
45,0.91,107.1569023025608,37176,I,10,275.7155153862707,41
46,0.9299999999999999,108.36039276131758,35034,I,10,264.02922874921506,37
47,0.95,109.87479467056032,32874,I,10,258.56299811401107,34
48,0.97,108.87823420013703,30649,I,10,252.86306241639207,31
49,0.99,105.80104251047794,28393,I,10,184.90473003909415,21
0,0.01,120.07105263157895,380,I,11,1315.7894736842106,2
1,0.03,120.71140350877192,1140,I,11,438.5964912280702,2
2,0.05,119.3188253801783,1907,I,11,0.0,0
3,0.07,123.48401654757427,2659,I,11,564.1218503196691,6
4,0.09,123.08591466978375,3422,I,11,511.396843950906,7
5,0.11,120.99593009336844,4177,I,11,359.109408666507,6
6,0.13,120.98164212225136,4957,I,11,655.6384910227961,13
7,0.15000000000000002,120.76247364722417,5692,I,11,395.2916373858046,9
8,0.16999999999999998,120.20778017906761,6478,I,11,463.10589688175367,12
9,0.19,120.35404844290657,7225,I,11,484.42906574394465,14
10,0.21000000000000002,117.7943351297155,7979,I,11,250.6579771901241,8
11,0.22999999999999998,117.0504623815504,8759,I,11,371.04692316474484,13
12,0.25,117.78257663541557,9493,I,11,395.02791530601496,15
13,0.27,118.15584289325297,10286,I,11,413.1829671398017,17
14,0.29000000000000004,116.94235657225853,11016,I,11,385.8024691358025,17
15,0.31,117.89051899592944,11792,I,11,445.21709633649937,21
16,0.33,116.55109198150805,12546,I,11,338.75338753387535,17
17,0.35,116.91681681681682,13320,I,11,319.0690690690691,17
18,0.37,116.20133608130197,14071,I,11,319.8066946201407,18
19,0.39,117.00600094396871,14831,I,11,455.12777290809794,27
20,0.41000000000000003,117.09733264939729,15596,I,11,288.53552192869967,18
21,0.43,117.06332986599767,16343,I,11,336.5355197944074,22
22,0.45,118.6282462795448,17135,I,11,379.3405310767435,26
23,0.47,118.49728519451442,17865,I,11,293.8706968933669,21
24,0.49,118.30159411733133,18631,I,11,254.95142504428105,19
25,0.51,119.12912541254126,19392,I,11,412.54125412541254,32
26,0.53,118.0888172576246,20165,I,11,309.94297049342924,25
27,0.55,118.29692653314851,20921,I,11,262.89374312891357,22
28,0.5700000000000001,117.01804754211862,21665,I,11,276.944380336949,24
29,0.59,118.12731079335383,22449,I,11,278.4088378101474,25
30,0.61,117.93686389511817,23188,I,11,247.97308952906675,23
31,0.63,117.55313737752762,23985,I,11,239.73316656243486,23
32,0.65,117.11390508584387,24696,I,11,232.8312277291869,23
33,0.67,116.77065119378994,25507,I,11,264.6332379346846,27
34,0.69,115.97609516184376,26229,I,11,200.160128102482,21
35,0.71,114.0597932797392,26993,I,11,203.75652947060348,22
36,0.73,112.30029511264665,27786,I,11,197.94140934283453,22
37,0.75,111.88592675740144,28508,I,11,184.15883260839064,21
38,0.77,110.7280665848001,29316,I,11,289.94405785236734,34
39,0.79,108.1557398893997,30018,I,11,166.56672663068827,20
40,0.81,106.60694466980367,30815,I,11,227.16209638163232,28
41,0.83,106.19566526189043,31559,I,11,229.72844513451,29
42,0.85,105.29802102659245,32340,I,11,216.45021645021646,28
43,0.87,104.62053854755356,33089,I,11,196.4399044999849,26
44,0.89,105.90768594308679,33841,I,11,243.78712212996072,33
45,0.91,110.07318585900352,33859,I,11,177.20546974216603,24
46,0.9299999999999999,114.76555883876078,32827,I,11,304.627288512505,40
47,0.95,120.22014402243181,31384,I,11,231.00943155748155,29
48,0.97,124.35944735443711,26346,I,11,265.6949821604798,28
49,0.99,129.4500173982204,20117,I,11,335.53710791867576,27
0,0.01,112.81420765027322,366,I,12,0.0,0
1,0.03,106.2289592760181,1105,I,12,226.24434389140274,1
2,0.05,104.43641304347825,1840,I,12,407.60869565217394,3
3,0.07,99.14274631497285,2578,I,12,0.0,0
4,0.09,100.04018126888218,3310,I,12,302.11480362537765,4
5,0.11,99.14448857994041,4028,I,12,62.065541211519374,1
6,0.13,99.61104140526976,4782,I,12,104.55876202425763,2
7,0.15000000000000002,102.67467919754202,5533,I,12,135.5503343574914,3
8,0.16999999999999998,107.47537575951391,6254,I,12,359.76974736168853,9
9,0.19,108.70998710416966,6979,I,12,250.75225677031094,7
10,0.21000000000000002,109.73971180059716,7703,I,12,292.09398935479686,9
11,0.22999999999999998,111.29501417769376,8464,I,12,324.9054820415879,11
12,0.25,111.02358439300076,9201,I,12,190.19671774807088,7
13,0.27,113.08988424760946,9935,I,12,276.7991947659789,11
14,0.29000000000000004,113.81334958282554,10667,I,12,164.0573732070873,7
15,0.31,112.59209486166007,11385,I,12,197.62845849802372,9
16,0.33,111.36819531507753,12124,I,12,185.58231606730453,9
17,0.35,112.81061135710402,12873,I,12,174.78443253320904,9
18,0.37,113.01094300822562,13616,I,12,183.60752056404232,10
19,0.39,112.84842574533296,14356,I,12,226.38617999442744,13
20,0.41000000000000003,113.18571618213196,15066,I,12,149.34289127837516,9
21,0.43,114.34355012348806,15791,I,12,253.3088468114749,16
22,0.45,113.4172157407967,16543,I,12,136.0091881762679,9
23,0.47,113.1100185099491,17288,I,12,130.14807959278113,9
24,0.49,113.78466485557465,18037,I,12,138.6039807063259,10
25,0.51,113.82567192832765,18752,I,12,199.97866894197955,15
26,0.53,112.1177044299574,19481,I,12,128.33016785585957,10
27,0.55,112.11926560102934,20207,I,12,210.32315534220817,17
28,0.5700000000000001,112.64072199407889,20942,I,12,131.31506064368256,11
29,0.59,112.83649332719742,21730,I,12,149.5628163828808,13
30,0.61,112.40028521770132,22439,I,12,155.9784304113374,14
31,0.63,112.20608049749525,23156,I,12,118.75971670409398,11
32,0.65,112.36260469011725,23880,I,12,146.56616415410386,14
33,0.67,111.93556114991067,24628,I,12,162.41676140977748,16
34,0.69,111.82903492538489,25397,I,12,216.5610111430484,22
35,0.71,110.6071360134902,26093,I,12,134.13559192120493,14
36,0.73,110.3058223512769,26862,I,12,148.90923981833072,16
37,0.75,109.76800870511426,27570,I,12,181.3565469713457,20
38,0.77,109.48852505392695,28279,I,12,238.69302309133988,27
39,0.79,107.97085541256624,29062,I,12,137.63677654669328,16
40,0.81,106.51008220097299,29805,I,12,234.85992283173965,28
41,0.83,101.84023184229484,30538,I,12,188.28999934507826,23
42,0.85,98.16837453567311,31228,I,12,216.15217112847446,27
43,0.87,98.2472849050108,31951,I,12,156.48962473787986,20
44,0.89,101.87713352264053,32751,I,12,236.6339959085219,31
45,0.91,106.86369476231737,33469,I,12,246.4967581941498,33
46,0.9299999999999999,115.4917506334335,33942,I,12,265.15821106593603,36
47,0.95,121.16357260062418,31081,I,12,289.5659727807986,36
48,0.97,125.02386514753981,27823,I,12,251.5904108111994,28
49,0.99,129.36418960680834,21033,I,12,332.8103456473161,28
0,0.01,110.00828729281768,362,I,13,0.0,0
1,0.03,107.61196736174071,1103,I,13,0.0,0
2,0.05,109.45240700218818,1828,I,13,273.52297592997814,2
3,0.07,108.58545170121236,2557,I,13,391.0833007430583,4
4,0.09,107.27126366950182,3292,I,13,531.591737545565,7
5,0.11,109.53093167701863,4025,I,13,496.8944099378882,8
6,0.13,108.36134453781513,4760,I,13,315.1260504201681,6
7,0.15000000000000002,108.59562841530055,5490,I,13,273.224043715847,6
8,0.16999999999999998,109.48139797068771,6209,I,13,362.3771943952327,9
9,0.19,109.78006625378079,6943,I,13,324.06740602045227,9
10,0.21000000000000002,107.72505860901276,7678,I,13,358.1661891117478,11
11,0.22999999999999998,107.8094447081158,8428,I,13,266.9672520170859,9
12,0.25,107.95238095238095,9156,I,13,436.8719965050241,16
13,0.27,108.15007097951734,9862,I,13,380.2474143175827,15
14,0.29000000000000004,108.97102680256701,10596,I,13,401.09475273688184,17
15,0.31,108.5,11354,I,13,264.2240620045799,12
16,0.33,110.14094181908466,12083,I,13,496.56542249441367,24
17,0.35,108.38243803268433,12789,I,13,254.12463836109157,13
18,0.37,109.90851221317543,13510,I,13,314.5817912657291,17
19,0.39,110.93418839360807,14268,I,13,262.82590412111017,15
20,0.41000000000000003,110.85384205619923,15018,I,13,316.2871221201225,19
21,0.43,112.55980678784798,15734,I,13,286.0048303038007,18
22,0.45,111.74300826848248,16448,I,13,334.38715953307394,22
23,0.47,111.64569035710132,17194,I,13,261.7192043736187,18
24,0.49,113.01434872424767,17911,I,13,348.94757411646475,25
25,0.51,113.74406643450308,18665,I,13,241.09295472810075,18
26,0.53,112.68441143092954,19386,I,13,335.29351078097596,26
27,0.55,112.20269531055746,20109,I,13,198.9159082997663,16
28,0.5700000000000001,113.26751378566291,20855,I,13,359.6259889714697,30
29,0.59,112.60362406154417,21578,I,13,266.4751135415701,23
30,0.61,113.7799623790756,22328,I,13,235.13077749910425,21
31,0.63,112.9023935478276,23062,I,13,216.80686844159223,20
32,0.65,112.09931766489765,23742,I,13,263.24656726476286,25
33,0.67,111.08309853403568,24489,I,13,265.4252929886888,26
34,0.69,111.94277907575338,25253,I,13,277.19478873797175,28
35,0.71,111.95239927656135,25987,I,13,288.6058413822296,30
36,0.73,110.5322622926263,26703,I,13,337.04078193461413,36
37,0.75,110.86111415125315,27411,I,13,255.37193097661526,28
38,0.77,112.11760318249627,28154,I,13,417.34744618881865,47
39,0.79,107.79353723863832,28935,I,13,293.7618800760325,34
40,0.81,105.8813444924406,29632,I,13,286.85205183585316,34
41,0.83,107.85066112704851,30327,I,13,296.7652586803838,36
42,0.85,107.88424302852916,31091,I,13,385.96378373162656,48
43,0.87,108.45624842846367,31816,I,13,345.7379934624089,44
44,0.89,108.67618988596926,32272,I,13,325.3594447198811,42
45,0.91,107.9201030927835,30652,I,13,269.15046326503983,33
46,0.9299999999999999,108.3065165472535,29310,I,13,264.41487546912316,31
47,0.95,106.7983569252131,25927,I,13,250.70389940988161,26
48,0.97,109.12925263014073,21957,I,13,239.10370269162456,21
49,0.99,118.2487075804883,19537,I,13,281.5171213594718,22
0,0.01,114.44931506849315,365,I,14,684.9315068493152,1
1,0.03,113.50725952813067,1102,I,14,0.0,0
2,0.05,113.59036144578313,1826,I,14,410.73384446878424,3
3,0.07,113.31609870740306,2553,I,14,293.77203290246774,3
4,0.09,112.49908647990256,3284,I,14,532.8867235079172,7
5,0.11,113.00323061630219,4024,I,14,434.89065606361834,7
6,0.13,112.03221730890714,4749,I,14,263.21330806485577,5
7,0.15000000000000002,112.77448125227521,5494,I,14,409.5376774663269,9
8,0.16999999999999998,112.5365539452496,6210,I,14,362.3188405797102,9
9,0.19,110.80801383684059,6938,I,14,324.30095128279044,9
10,0.21000000000000002,111.85965598123533,7674,I,14,488.6630179827991,15
11,0.22999999999999998,112.30394018514123,8426,I,14,237.36055067647757,8
12,0.25,111.18700076594813,9139,I,14,465.0399387241493,17
13,0.27,110.58656094337705,9837,I,14,279.5567754396666,11
14,0.29000000000000004,111.07862199150543,10595,I,14,377.5365738555922,16
15,0.31,110.67494495816821,11355,I,14,286.21752531924267,13
16,0.33,111.07258731998013,12082,I,14,310.3790763118689,15
17,0.35,110.36925725913751,12777,I,14,293.49612585113874,15
18,0.37,111.54939598310234,13493,I,14,333.50626250648486,18
19,0.39,112.41793973370707,14270,I,14,367.90469516468113,21
20,0.41000000000000003,111.72729695516024,15009,I,14,266.5067626091012,16
21,0.43,113.30538045208532,15705,I,14,397.9624323463865,25
22,0.45,112.32819544291459,16414,I,14,304.6180090166931,20
23,0.47,111.86320754716981,17172,I,14,334.8474260423946,23
24,0.49,112.19130434782609,17940,I,14,306.577480490524,22
25,0.51,113.0508983641727,18645,I,14,348.6189326897292,26
26,0.53,113.04924633491638,19372,I,14,464.5880652488127,36
27,0.55,113.02958461998207,20078,I,14,199.22303018228908,16
28,0.5700000000000001,112.17963469006185,20859,I,14,371.54225993575915,31
29,0.59,112.4913769123783,21570,I,14,266.5739452943904,23
30,0.61,113.71713862585828,22283,I,14,359.0180855360589,32
31,0.63,113.64139549028978,23017,I,14,369.29226224095237,34
32,0.65,112.71214992630027,23745,I,14,357.97009896820384,34
33,0.67,112.55435803225149,24495,I,14,316.39110022453565,31
34,0.69,111.7138951622489,25239,I,14,376.40160069733355,38
35,0.71,111.69357635543909,25951,I,14,375.70806519979965,39
36,0.73,109.2768867571011,26686,I,14,309.1508656224238,33
37,0.75,107.45629223744292,27375,I,14,347.0319634703196,38
38,0.77,106.99666133901616,28155,I,14,381.8149529390872,43
39,0.79,104.629603987815,28888,I,14,294.2398227637774,34
40,0.81,103.48796055519908,29611,I,14,430.5832292053629,51
41,0.83,99.81702085533263,30304,I,14,272.2412882787751,33
42,0.85,99.50962652929813,31060,I,14,281.7128139085641,35
43,0.87,99.3677200477477,31834,I,14,290.5698309983037,37
44,0.89,100.91231841773902,32561,I,14,261.048493596634,34
45,0.91,105.16565818720672,32392,I,14,254.69251667078294,33
46,0.9299999999999999,111.25884580232406,30636,I,14,334.5737041389215,41
47,0.95,117.86818260120586,29025,I,14,353.1438415159346,41
48,0.97,120.35412035727276,24743,I,14,222.2850907327325,22
49,0.99,121.45033393406128,18866,I,14,198.77027456800593,15
0,0.01,111.19430051813471,386,I,15,0.0,0
1,0.03,113.89939288811796,1153,I,15,433.65134431916744,2
2,0.05,113.95386210471747,1929,I,15,518.4033177812338,4
3,0.07,112.59710896960712,2698,I,15,277.98369162342476,3
4,0.09,111.54188330444829,3462,I,15,433.27556325823224,6
5,0.11,111.82592331216185,4251,I,15,294.0484591860739,5
6,0.13,112.406993006993,5005,I,15,499.50049950049953,10
7,0.15000000000000002,112.84167677117617,5773,I,15,216.52520353369135,5
8,0.16999999999999998,112.98184591914568,6555,I,15,266.9717772692601,7
9,0.19,113.68906185989349,7323,I,15,307.25112658746417,9
10,0.21000000000000002,114.35536067193677,8096,I,15,370.5533596837945,12
11,0.22999999999999998,114.5663207759982,8866,I,15,310.1736972704715,11
12,0.25,113.0190031152648,9630,I,15,259.60539979231567,10
13,0.27,112.67291426374472,10404,I,15,408.4967320261438,17
14,0.29000000000000004,112.02665474060822,11180,I,15,313.0590339892666,14
15,0.31,112.14398256788468,11932,I,15,419.0412336573919,20
16,0.33,111.9880521930514,12722,I,15,275.11397578997014,14
17,0.35,112.12647342278893,13489,I,15,370.67239973311587,20
18,0.37,113.06851812890105,14259,I,15,420.78687144961077,24
19,0.39,113.73899161899693,15034,I,15,232.80564054809102,14
20,0.41000000000000003,114.48033939086937,15793,I,15,284.93636421199267,18
21,0.43,114.01177678463583,16558,I,15,392.55948786085276,26
22,0.45,112.63916100034574,17354,I,15,345.7416157658177,24
23,0.47,114.06692435118718,18110,I,15,289.8950855880729,21
24,0.49,113.86410799364744,18890,I,15,317.62837480148227,24
25,0.51,113.56488977139657,19641,I,15,254.56952293671404,20
26,0.53,112.1685266764562,20430,I,15,318.15956926089086,26
27,0.55,111.44876575258414,21187,I,15,247.79345825270215,21
28,0.5700000000000001,112.44300742292454,21959,I,15,239.08192540643927,21
29,0.59,113.3179978888107,22736,I,15,252.90288529204787,23
30,0.61,112.49216887980933,23496,I,15,266.0027238678924,25
31,0.63,112.84353517474169,24293,I,15,319.0219404766805,31
32,0.65,112.70930139720559,25050,I,15,209.5808383233533,21
33,0.67,112.37717054263565,25800,I,15,242.24806201550388,25
34,0.69,112.56862450176732,26594,I,15,282.0185004136271,30
35,0.71,111.59347365343858,27366,I,15,219.25016443762334,24
36,0.73,110.35819144776598,28133,I,15,302.1362812355597,34
37,0.75,109.53320643709985,28895,I,15,276.86450943069735,32
38,0.77,108.68999090388438,29683,I,15,320.0485126166493,38
39,0.79,106.27038217607046,30431,I,15,328.61227038217606,40
40,0.81,106.29961550785005,31210,I,15,248.3178468439603,31
41,0.83,107.83456813279565,31989,I,15,375.1289505767608,48
42,0.85,109.4353670831933,32731,I,15,297.88274113226,39
43,0.87,112.61700098357724,33551,I,15,275.6996810825311,37
44,0.89,114.04155436424489,33763,I,15,244.35032431952135,33
45,0.91,112.15943257785749,30665,I,15,293.49421164193706,36
46,0.9299999999999999,110.21945361753227,26648,I,15,309.59171419994,33
47,0.95,113.34427806591935,23908,I,15,250.9620210808098,24
48,0.97,116.31077398255815,22016,I,15,283.88444767441865,25
49,0.99,119.62803792290293,20779,I,15,312.8158236681265,26
0,0.01,135.08333333333334,372,I,16,0.0,0
1,0.03,133.71324863883848,1102,I,16,453.7205081669692,2
2,0.05,128.04125950054288,1842,I,16,135.72204125950054,1
3,0.07,128.4480217222653,2578,I,16,96.9743987587277,1
4,0.09,130.685731487056,3322,I,16,451.5352197471403,6
5,0.11,126.66650234163174,4057,I,16,246.4875523786049,4
6,0.13,124.90041666666667,4800,I,16,260.4166666666667,5
7,0.15000000000000002,123.59492293744334,5515,I,16,135.9927470534905,3
8,0.16999999999999998,124.0422917331631,6266,I,16,79.79572294924992,2
9,0.19,125.43470814899386,7007,I,16,214.07164264307124,6
10,0.21000000000000002,124.40353366004642,7754,I,16,161.2071189063709,5
11,0.22999999999999998,124.12063679245283,8480,I,16,235.8490566037736,8
12,0.25,123.47656758515947,9218,I,16,189.84595356910395,7
13,0.27,124.27151186168074,9948,I,16,301.56815440289506,12
14,0.29000000000000004,125.03851547162756,10697,I,16,280.4524633074694,12
15,0.31,125.46934664564722,11418,I,16,372.21930285514105,17
16,0.33,125.31892513764484,12169,I,16,349.2480894075109,17
17,0.35,124.28936367858802,12918,I,16,348.35113794705063,18
18,0.37,124.67333626502491,13644,I,16,274.84608619173264,15
19,0.39,124.72867785281626,14363,I,16,295.89918540694845,17
20,0.41000000000000003,125.55851802844856,15115,I,16,380.4168044988422,23
21,0.43,122.83624881591412,15835,I,16,236.8171771392485,15
22,0.45,121.89400505597689,16614,I,16,270.85590465872156,18
23,0.47,121.04978941902729,17333,I,16,331.73714879132297,23
24,0.49,120.40114057914845,18061,I,16,221.47167930900835,16
25,0.51,119.68233352850375,18787,I,16,412.51929525735886,31
26,0.53,118.75757420675538,19540,I,16,191.914022517912,15
27,0.55,118.07264746498323,20276,I,16,308.2462024067864,25
28,0.5700000000000001,116.84895610405668,21027,I,16,309.12636134493744,26
29,0.59,114.53742246726395,21765,I,16,275.67195037904895,24
30,0.61,112.2714457241962,22487,I,16,366.8786409925735,33
31,0.63,109.34376077214753,23208,I,16,355.48086866597725,33
32,0.65,105.52309040090108,23971,I,16,333.73659838972094,32
33,0.67,102.48902567425286,24694,I,16,323.96533570907917,32
34,0.69,99.66928577040936,25454,I,16,324.114088159032,33
35,0.71,99.19889207258835,26175,I,16,439.3505253104107,46
36,0.73,99.46487350001857,26917,I,16,455.1027231860906,49
37,0.75,99.08562226323599,27633,I,16,569.9706872218001,63
38,0.77,98.48255220254234,28399,I,16,431.35321666255857,49
39,0.79,98.67517784116292,29099,I,16,558.4384343104574,65
40,0.81,93.83508983237981,29889,I,16,401.48549633644484,48
41,0.83,91.17638412542871,30615,I,16,310.3054058468071,38
42,0.85,98.24591628381827,31344,I,16,358.9203675344564,45
43,0.87,101.84658860265418,32025,I,16,304.44964871194384,39
44,0.89,102.84147047178143,32833,I,16,220.81442451192396,29
45,0.91,103.12947067238913,33552,I,16,163.92465426800192,22
46,0.9299999999999999,105.01714285714286,34300,I,16,196.79300291545192,27
47,0.95,111.4893661198944,33713,I,16,170.55735176341472,23
48,0.97,114.41228841083642,26171,I,16,133.73581445111,14
49,0.99,114.30493778503462,17761,I,16,140.7578402116998,10
0,0.01,135.20338983050848,354,I,17,706.2146892655368,1
1,0.03,132.25047258979205,1058,I,17,236.29489603024575,1
2,0.05,129.59467120181407,1764,I,17,566.8934240362812,4
3,0.07,125.96611536910045,2479,I,17,302.5413473174667,3
4,0.09,123.74700315457413,3170,I,17,315.4574132492114,4
5,0.11,122.24304840370752,3884,I,17,193.09989701338827,3
6,0.13,119.98260113092648,4598,I,17,217.48586341887778,4
7,0.15000000000000002,119.93488548173386,5283,I,17,236.60798788567104,5
8,0.16999999999999998,122.76637845028267,6014,I,17,374.1270369138677,9
9,0.19,122.33049962714392,6705,I,17,223.71364653243847,6
10,0.21000000000000002,121.89529712976687,7421,I,17,437.9463684139604,13
11,0.22999999999999998,124.02194550610282,8111,I,17,277.4010602884971,9
12,0.25,122.38822728819326,8817,I,17,453.6690484291709,16
13,0.27,121.12252591894439,9549,I,17,157.08451146716934,6
14,0.29000000000000004,119.58597108245408,10236,I,17,244.2360296991012,10
15,0.31,117.95000456996618,10941,I,17,205.64847820126133,9
16,0.33,120.04319876574955,11667,I,17,342.8473472186509,16
17,0.35,119.88390758005674,12335,I,17,243.21037697608435,12
18,0.37,117.71502828313713,13082,I,17,248.43296132089895,13
19,0.39,117.02966194111232,13755,I,17,345.3289712831698,19
20,0.41000000000000003,116.07453930568018,14489,I,17,241.5625647042584,14
21,0.43,115.52611473358361,15183,I,17,345.78146611341634,21
22,0.45,115.68953568953569,15873,I,17,346.50034650034655,22
23,0.47,115.41798496240601,16625,I,17,315.7894736842105,21
24,0.49,115.66290639824135,17286,I,17,376.0268425315284,26
25,0.51,115.03774422735346,18016,I,17,305.2841918294849,22
26,0.53,113.73261403696186,18722,I,17,186.94583911975218,14
27,0.55,112.53703417349621,19401,I,17,412.34987887222314,32
28,0.5700000000000001,110.63363631848209,20133,I,17,335.2704514975414,27
29,0.59,108.89339735894357,20825,I,17,264.10564225690274,22
30,0.61,108.30836738484398,21536,I,17,394.68796433878157,34
31,0.63,105.84025874848389,22261,I,17,404.2945060868784,36
32,0.65,103.71290843257863,22923,I,17,447.14915150721987,41
33,0.67,101.01937771773547,23687,I,17,422.17249968337063,40
34,0.69,100.56222788137681,24346,I,17,554.5058736548099,54
35,0.71,99.89793802097874,25073,I,17,518.486020819208,52
36,0.73,100.23155976111067,25786,I,17,533.2350888078803,55
37,0.75,97.82502739260211,26467,I,17,500.6234178410852,53
38,0.77,98.4694763165637,27192,I,17,560.8267137393351,61
39,0.79,97.56392784133702,27883,I,17,484.1659792705233,54
40,0.81,101.38020833333333,28608,I,17,568.0229306487696,65
41,0.83,100.54762716487113,29332,I,17,315.3552434201555,37
42,0.85,103.7430601895102,29972,I,17,375.3503269718404,45
43,0.87,106.49320369406868,30752,I,17,373.9594172736733,46
44,0.89,108.93451100048178,31135,I,17,393.44788822868156,49
45,0.91,106.60071894993735,30322,I,17,164.89677461908846,20
46,0.9299999999999999,105.72041453086695,26922,I,17,185.72171458286905,20
47,0.95,110.37191339003246,24339,I,17,205.4316118164263,20
48,0.97,117.56669215889154,22229,I,17,303.65738449772823,27
49,0.99,116.49206691851052,18530,I,17,175.39125742039937,13
0,0.01,131.2408963585434,357,I,18,700.2801120448179,1
1,0.03,135.1596638655462,1071,I,18,466.85340802987866,2
2,0.05,132.01622831561275,1787,I,18,419.69781757134865,3
3,0.07,131.04469273743015,2506,I,18,399.0422984836393,4
4,0.09,132.19158878504672,3210,I,18,623.0529595015577,8
5,0.11,131.05634517766498,3940,I,18,380.71065989847716,6
6,0.13,129.41695352839932,4648,I,18,537.8657487091222,10
7,0.15000000000000002,127.39537916899572,5367,I,18,419.2286193404137,9
8,0.16999999999999998,126.58841914788617,6079,I,18,246.75111037999673,6
9,0.19,124.78492565876638,6793,I,18,220.81554541439718,6
10,0.21000000000000002,127.73435419440746,7510,I,18,399.4673768308922,12
11,0.22999999999999998,128.01362530413624,8220,I,18,364.963503649635,12
12,0.25,127.05736330090573,8943,I,18,279.54825002795485,10
13,0.27,127.31288916562889,9636,I,18,363.2212536322126,14
14,0.29000000000000004,126.1409156626506,10375,I,18,506.02409638554224,21
15,0.31,124.8816311800794,11084,I,18,360.8805485384338,16
16,0.33,125.22154419866091,11799,I,18,444.95296211543354,21
17,0.35,124.61719811396148,12513,I,18,539.4389834572045,27
18,0.37,123.74362071568775,13246,I,18,377.4724445115507,20
19,0.39,122.37635411435541,13939,I,18,448.3822368893034,25
20,0.41000000000000003,123.03787103377687,14655,I,18,443.53462981917437,26
21,0.43,122.44509459723035,15381,I,18,357.5840322475782,22
22,0.45,122.41605022689127,16087,I,18,310.80997078386275,20
23,0.47,122.4235049092532,16805,I,18,342.16007140731926,23
24,0.49,122.95062503567556,17519,I,18,371.02574347850907,26
25,0.51,123.21615097651964,18228,I,18,356.59425060346723,26
26,0.53,123.20020057004118,18946,I,18,303.4941412435343,23
27,0.55,122.49160903173312,19664,I,18,355.9804719283971,28
28,0.5700000000000001,122.63659123263463,20371,I,18,368.1704383682686,30
29,0.59,120.85860451897115,21111,I,18,473.6867036142296,40
30,0.61,119.53255196410585,21842,I,18,366.266825382291,32
31,0.63,118.21723096063272,22506,I,18,477.65040433662136,43
32,0.65,117.07471610461116,23248,I,18,548.4342739160359,51
33,0.67,112.2284092332095,23957,I,18,459.1559878114956,44
34,0.69,110.66201581829243,24655,I,18,557.6962076657878,55
35,0.71,108.878731784167,25390,I,18,659.708546671918,67
36,0.73,104.97317185344167,26092,I,18,488.65552659819105,51
37,0.75,105.50643440635608,26809,I,18,662.0910888134582,71
38,0.77,102.83663905841325,27528,I,18,708.3696599825632,78
39,0.79,97.97540606532432,28259,I,18,495.4173891503592,56
40,0.81,99.58453939414873,28951,I,18,492.21097716831895,57
41,0.83,104.87180263866452,29712,I,18,445.9477652127087,53
42,0.85,101.3937339564273,30386,I,18,427.8286052787468,52
43,0.87,99.27354000514535,31096,I,18,249.22819655261128,31
44,0.89,104.29040062843676,31825,I,18,157.10919088766693,20
45,0.91,106.60950620886425,30843,I,18,113.47793664688909,14
46,0.9299999999999999,105.21379263440677,29407,I,18,119.01928112354202,14
47,0.95,103.95218424847045,25661,I,18,116.90892794513074,12
48,0.97,108.28828625575309,22162,I,18,135.3668441476401,12
49,0.99,114.36618646647052,19714,I,18,139.49477528659835,11
0,0.01,130.54545454545453,341,I,19,733.1378299120234,1
1,0.03,127.70588235294117,1020,I,19,0.0,0
2,0.05,129.41476274165203,1707,I,19,146.4557703573521,1
3,0.07,128.0326496442026,2389,I,19,523.2314776056927,5
4,0.09,124.55236541598696,3065,I,19,163.1321370309951,2
5,0.11,123.57391071905907,3741,I,19,267.30820636193533,4
6,0.13,125.0875056382499,4434,I,19,169.14749661705008,3
7,0.15000000000000002,124.72263487099296,5116,I,19,244.33150899139955,5
8,0.16999999999999998,124.01226040407529,5791,I,19,86.34087376964254,2
9,0.19,125.51559604694256,6476,I,19,308.83261272390365,8
10,0.21000000000000002,124.06902333379908,7157,I,19,279.44669554282524,8
11,0.22999999999999998,123.21457696228339,7848,I,19,159.27624872579003,5
12,0.25,122.55997177798683,8504,I,19,176.3875823142051,6
13,0.27,121.90523799174093,9202,I,19,244.51206259508803,9
14,0.29000000000000004,121.08072337846029,9898,I,19,277.83390583956356,11
15,0.31,121.6924753601213,10552,I,19,236.9219105382866,10
16,0.33,119.4357034795764,11237,I,19,222.47930942422357,10
17,0.35,118.84225517299154,11937,I,19,188.48957024377984,9
18,0.37,119.81201458234268,12618,I,19,356.6333808844508,18
19,0.39,120.20944063841,13283,I,19,244.67364300233382,13
20,0.41000000000000003,120.46435728600058,13972,I,19,143.143429716576,8
21,0.43,119.57580095432856,14670,I,19,204.4989775051125,12
22,0.45,119.25464623410498,15335,I,19,195.63090968373004,12
23,0.47,119.30661084728818,16004,I,19,249.93751562109472,16
24,0.49,119.11822483080793,16697,I,19,164.70024555309337,11
25,0.51,118.38154111558367,17390,I,19,172.51293847038528,12
26,0.53,117.93771798704535,18063,I,19,138.40447323257487,10
27,0.55,117.63176721836626,18730,I,19,226.90870261612386,17
28,0.5700000000000001,117.24698981167028,19434,I,19,205.82484305855718,16
29,0.59,116.02554164182071,20124,I,19,260.8825283243888,21
30,0.61,115.47166995619314,20773,I,19,385.11529389110865,32
31,0.63,113.29091755938519,21470,I,19,395.90125756870054,34
32,0.65,110.82759398835583,22157,I,19,428.7584059213793,38
33,0.67,108.6316665207111,22838,I,19,470.7067168753831,43
34,0.69,105.23785808538713,23493,I,19,542.714851232282,51
35,0.71,102.04085932658542,24205,I,19,475.1084486676307,46
36,0.73,101.68,24875,I,19,542.713567839196,54
37,0.75,101.31988269794721,25575,I,19,684.2619745845552,70
38,0.77,97.65584267093529,26238,I,19,552.6335848768962,58
39,0.79,96.84563384466813,26923,I,19,427.1440775545073,46
40,0.81,97.87657047684564,27619,I,19,479.74220645208015,53
41,0.83,98.98500442086649,28275,I,19,565.8709106984969,64
42,0.85,99.54902096211624,28957,I,19,371.240114652761,43
43,0.87,100.39511915596454,29667,I,19,311.7942495028146,37
44,0.89,101.26769524939834,30333,I,19,271.98101078033824,33
45,0.91,100.27230926430518,29360,I,19,170.299727520436,20
46,0.9299999999999999,102.61371199515958,26444,I,19,207.9866888519135,22
47,0.95,106.91565908514416,23654,I,19,190.24266508835717,18
48,0.97,106.24349305619424,21746,I,19,91.97093718384991,8
49,0.99,107.92981641914191,19392,I,19,116.02722772277228,9
0,0.01,123.25071225071225,351,I,20,0.0,0
1,0.03,126.0645463049579,1069,I,20,233.8634237605239,1
2,0.05,124.20726859738785,1761,I,20,283.9295854628052,2
3,0.07,119.73287671232876,2482,I,20,100.72522159548751,1
4,0.09,120.35849056603773,3180,I,20,78.61635220125787,1
5,0.11,121.89884763124199,3905,I,20,128.04097311139566,2
6,0.13,125.62030809286179,4609,I,20,216.96680407897594,4
7,0.15000000000000002,122.00359984842744,5278,I,20,142.09928003031453,3
8,0.16999999999999998,125.58358159549817,6042,I,20,206.88513737173122,5
9,0.19,125.38609005795809,6729,I,20,222.9157378510923,6
10,0.21000000000000002,124.01792211292279,7421,I,20,168.4409109284463,5
11,0.22999999999999998,124.7682777232581,8152,I,20,214.6712463199215,7
12,0.25,124.25444054757325,8839,I,20,226.2699400384659,8
13,0.27,124.5653355634539,9566,I,20,209.07380305247753,8
14,0.29000000000000004,123.2559361619307,10276,I,20,267.6138575321137,11
15,0.31,122.4186067743997,10953,I,20,205.4231717337716,9
16,0.33,121.38534460671279,11709,I,20,149.45768212486124,7
17,0.35,120.22082120918202,12372,I,20,222.27610733915293,11
18,0.37,119.55351822140729,13089,I,20,133.70005348002138,7
19,0.39,120.08335743204164,13832,I,20,198.8143435511857,11
20,0.41000000000000003,120.01050521805239,14469,I,20,155.50487248600456,9
21,0.43,119.5038007863696,15260,I,20,114.67889908256882,7
22,0.45,119.88721332076658,15915,I,20,94.2507068803016,6
23,0.47,120.13126577713668,16638,I,20,165.28428897704052,11
24,0.49,119.0622012325059,17363,I,20,172.7812014052871,12
25,0.51,119.76082004555809,17999,I,20,194.45524751375078,14
26,0.53,118.3976916121483,18801,I,20,186.16031062177547,14
27,0.55,118.42805829228243,19488,I,20,153.9408866995074,12
28,0.5700000000000001,117.62469601469056,20149,I,20,161.29832746041987,13
29,0.59,114.53263420006704,20883,I,20,191.54336062826223,16
30,0.61,112.5784790768803,21579,I,20,162.19472635432598,14
31,0.63,110.49021276595745,22325,I,20,246.36058230683093,22
32,0.65,108.3364591473474,23034,I,20,369.01970999392205,34
33,0.67,105.08778900207109,23659,I,20,306.4372965890359,29
34,0.69,102.6997627229586,24444,I,20,296.59630175094094,29
35,0.71,103.44327397042456,25156,I,20,596.2792176816664,60
36,0.73,100.22875184008677,25814,I,20,493.91802897652434,51
37,0.75,99.07349397590362,26560,I,20,480.0451807228916,51
38,0.77,99.70480111756488,27202,I,20,505.47753841629293,55
39,0.79,98.22848272908935,28024,I,20,463.88809591778477,52
40,0.81,97.01948617840834,28687,I,20,549.0291769791195,63
41,0.83,96.39259512028664,29305,I,20,349.769663879884,41
42,0.85,98.69313923798786,30157,I,20,414.49746327552475,50
43,0.87,102.60933029908972,30760,I,20,398.2444733420026,49
44,0.89,104.36477528624441,31529,I,20,333.0267372894795,42
45,0.91,105.03412286732079,32002,I,20,265.60839947503285,34
46,0.9299999999999999,107.06924048349269,27715,I,20,243.55042395814542,27
47,0.95,106.10788787483703,24544,I,20,183.34419817470666,18
48,0.97,105.53352393249101,21686,I,20,219.03532232776905,19
49,0.99,106.70872885979269,18330,I,20,163.66612111292963,12
0,0.01,152.41483516483515,364,I,21,686.8131868131869,1
1,0.03,141.50957155879672,1097,I,21,0.0,0
2,0.05,144.33059660645867,1827,I,21,273.67268746579094,2
3,0.07,143.25226288862652,2541,I,21,196.77292404565134,2
4,0.09,142.22364411943937,3282,I,21,152.34613040828765,2
5,0.11,143.59671805072102,4022,I,21,497.26504226752866,8
6,0.13,144.39763613338963,4738,I,21,211.05951878429718,4
7,0.15000000000000002,141.61656891495602,5456,I,21,183.28445747800586,4
8,0.16999999999999998,139.42297734627832,6180,I,21,161.81229773462783,4
9,0.19,139.93387120011525,6941,I,21,216.10718916582627,6
10,0.21000000000000002,142.7275695442079,7657,I,21,195.89917722345567,6
11,0.22999999999999998,144.13029471423457,8381,I,21,238.63500775563776,8
12,0.25,143.65035733919737,9095,I,21,164.92578339747115,6
13,0.27,141.34134956874684,9855,I,21,279.04616945712837,11
14,0.29000000000000004,141.82581193353474,10592,I,21,236.0271903323263,10
15,0.31,139.84008849557523,11300,I,21,221.23893805309737,10
16,0.33,140.0086637787404,12004,I,21,208.26391202932356,10
17,0.35,142.7979449368578,12749,I,21,235.31257353517924,12
18,0.37,142.03088431343505,13502,I,21,259.2208561694564,14
19,0.39,142.06741731175228,14210,I,21,228.71217452498243,13
20,0.41000000000000003,140.86278447121822,14940,I,21,200.80321285140562,12
21,0.43,142.52554931016863,15656,I,21,319.3663771078181,20
22,0.45,142.7721488156853,16423,I,21,213.1157522986056,14
23,0.47,143.09843622359668,17138,I,21,364.6866612206792,25
24,0.49,141.137585395901,17858,I,21,209.9899204838168,15
25,0.51,141.8990687409162,18577,I,21,363.35253270172797,27
26,0.53,146.58477777202876,19327,I,21,310.44652558596783,24
27,0.55,146.5695558989184,20063,I,21,274.1364701191248,22
28,0.5700000000000001,149.5268780980798,20779,I,21,240.6275566677896,20
29,0.59,148.14612127134814,21489,I,21,290.846479594211,25
30,0.61,150.72393770255673,22216,I,21,213.80986676269356,19
31,0.63,149.26266318537859,22980,I,21,250.21758050478675,23
32,0.65,149.69516210739616,23688,I,21,263.84667342114153,25
33,0.67,150.47163861244215,24417,I,21,204.77536142851295,20
34,0.69,151.07283871994906,25124,I,21,208.96354083744626,21
35,0.71,150.84068712603744,25905,I,21,231.6155182397221,24
36,0.73,154.09672088044172,26623,I,21,253.54017203170193,27
37,0.75,153.88865323435843,27347,I,21,137.12655867188357,15
38,0.77,154.66380140528588,28037,I,21,124.8350394122053,14
39,0.79,157.52528304507882,28794,I,21,121.55310134055706,14
40,0.81,150.11388635056014,29547,I,21,169.2219176227705,20
41,0.83,143.47768742562477,30252,I,21,90.90308078804708,11
42,0.85,137.43552814286176,30967,I,21,80.73110084929118,10
43,0.87,135.0904307793489,30410,I,21,90.43077934889838,11
44,0.89,135.67538812289655,27633,I,21,63.33007635797779,7
45,0.91,133.31657834374752,25286,I,21,69.20825753381318,7
46,0.9299999999999999,132.28019364701885,23548,I,21,74.31629013079667,7
47,0.95,132.66641097373883,22162,I,21,56.402851728183386,5
48,0.97,131.64861677558844,20351,I,21,73.70645177141174,6
49,0.99,133.40611945353956,17714,I,21,56.45252342779722,4
0,0.01,114.91066282420749,347,I,22,720.4610951008646,1
1,0.03,112.58293838862559,1055,I,22,473.93364928909955,2
2,0.05,111.36935391652372,1749,I,22,571.7552887364209,4
3,0.07,109.4604081632653,2450,I,22,204.08163265306123,2
4,0.09,109.46119733924613,3157,I,22,554.3237250554324,7
5,0.11,109.24211623664321,3837,I,22,651.5506906437321,10
6,0.13,108.07063197026022,4573,I,22,273.34353815875795,5
7,0.15000000000000002,107.74168895682078,5234,I,22,429.8815437523882,9
8,0.16999999999999998,108.15152531009052,5966,I,22,586.6577271203487,14
9,0.19,108.96057185854026,6645,I,22,413.84499623777276,11
10,0.21000000000000002,109.59458356015243,7348,I,22,680.4572672836147,20
11,0.22999999999999998,108.64906176214738,8047,I,22,372.8097427612775,12
12,0.25,109.91508571428571,8750,I,22,628.5714285714287,22
13,0.27,109.98943810730883,9468,I,22,528.0946345585129,20
14,0.29000000000000004,109.61685748124754,10132,I,22,592.1831819976312,24
15,0.31,110.28819795786956,10871,I,22,551.9271456167786,24
16,0.33,110.3949149600833,11524,I,22,585.7341200971885,27
17,0.35,109.00854631287645,12286,I,22,569.7541917629823,28
18,0.37,108.06789217579362,12947,I,22,579.2847763960763,30
19,0.39,107.86184933011201,13659,I,22,494.179661761476,27
20,0.41000000000000003,107.59867734075878,14365,I,22,609.1193873999304,35
21,0.43,109.01794854749717,15043,I,22,548.4278401914512,33
22,0.45,108.61273142277453,15772,I,22,443.8244991123511,28
23,0.47,109.66743775491568,16427,I,22,502.22195166494186,33
24,0.49,111.31278020378457,17175,I,22,538.5735080058224,37
25,0.51,111.60915927713548,17818,I,22,491.07643955550566,35
26,0.53,111.08723026421998,18583,I,22,511.2199321960932,38
27,0.55,111.93541515120025,19246,I,22,506.5987737711732,39
28,0.5700000000000001,111.73214375219287,19951,I,22,639.0657109919302,51
29,0.59,111.83925631838869,20654,I,22,375.229979664956,31
30,0.61,113.14479171547725,21341,I,22,503.7252237477157,43
31,0.63,114.61545425738989,22091,I,22,565.8412928341859,50
32,0.65,115.28753023971849,22735,I,22,494.83175720255116,45
33,0.67,116.44878838209617,23481,I,22,447.1700523827776,42
34,0.69,118.5664318276005,24130,I,22,549.1089929548281,53
35,0.71,118.45512640167196,24881,I,22,401.91310638639925,40
36,0.73,121.49059187106364,25563,I,22,400.9701521730627,41
37,0.75,128.73366336633663,26260,I,22,371.2871287128713,39
38,0.77,130.62716012756806,26966,I,22,426.46295334866124,46
39,0.79,134.36867644396162,27615,I,22,181.06101756291872,20
40,0.81,130.95324830890644,28384,I,22,281.8489289740699,32
41,0.83,124.604897031476,29038,I,22,189.40698395206283,22
42,0.85,119.2995936461027,29777,I,22,184.7063169560399,22
43,0.87,120.18319952226129,30142,I,22,132.70519540840024,16
44,0.89,121.18172636439058,27723,I,22,126.24896295494716,14
45,0.91,123.02676476436667,25145,I,22,169.01968582223108,17
46,0.9299999999999999,119.10008105456252,23441,I,22,85.32059212490935,8
47,0.95,119.78418230563003,21634,I,22,69.33530553757973,6
48,0.97,118.42674324869004,19848,I,22,100.76582023377672,8
49,0.99,115.22524391611529,17834,I,22,14.0181675451385,1
0,0.01,128.27653631284917,358,I,23,0.0,0
1,0.03,122.49109653233364,1067,I,23,0.0,0
2,0.05,125.84018007878447,1777,I,23,140.68655036578502,1
3,0.07,121.37917169280257,2487,I,23,0.0,0
4,0.09,123.51651090342679,3210,I,23,311.52647975077883,4
5,0.11,123.81662404092071,3910,I,23,63.938618925831214,1
6,0.13,123.66688297642224,4623,I,23,108.15487778498812,2
7,0.15000000000000002,121.16794607751358,5341,I,23,187.2308556450103,4
8,0.16999999999999998,119.76771848670082,6053,I,23,41.301833801420784,1
9,0.19,119.01242787394585,6759,I,23,73.97544015386892,2
10,0.21000000000000002,119.30496453900709,7473,I,23,133.81506757660912,4
11,0.22999999999999998,121.8337399365699,8198,I,23,91.48572822639667,3
12,0.25,121.74578367438723,8894,I,23,84.32651225545312,3
13,0.27,122.21927359766885,9609,I,23,52.03455094182537,2
14,0.29000000000000004,122.600445563735,10324,I,23,96.86168151879117,4
15,0.31,121.65884590995562,11039,I,23,135.88187335809403,6
16,0.33,120.96609591958429,11739,I,23,85.1861316977596,4
17,0.35,117.65922415870212,12451,I,23,120.47225122480121,6
18,0.37,118.00812205860028,13174,I,23,94.88386215272506,5
19,0.39,118.84248846597463,13872,I,23,144.17531718569782,8
20,0.41000000000000003,119.91680372807018,14592,I,23,85.66337719298247,5
21,0.43,120.67648595689091,15310,I,23,81.64598301763554,5
22,0.45,120.5954270006872,16007,I,23,46.85450115574436,3
23,0.47,120.23156509778123,16721,I,23,104.6588122719933,7
24,0.49,122.98961917871071,17436,I,23,114.70520761642578,8
25,0.51,122.7826613791584,18156,I,23,68.84776382463099,5
26,0.53,123.15635939323221,18854,I,23,66.29892860931368,5
27,0.55,125.5905097558484,19578,I,23,51.077740320768214,4
28,0.5700000000000001,125.64691966485954,20290,I,23,61.60670280926565,5
29,0.59,126.56834840552118,21010,I,23,83.29366968110425,7
30,0.61,126.74965453707969,21710,I,23,57.57715338553662,5
31,0.63,127.32335890117731,22424,I,23,100.33892258294685,9
32,0.65,127.92611327280588,23130,I,23,43.2338953739732,4
33,0.67,130.05821170944472,23844,I,23,157.27226975339707,15
34,0.69,129.36971916971916,24570,I,23,152.62515262515262,15
35,0.71,129.32013932868904,25264,I,23,247.38758708043068,25
36,0.73,125.36094856790884,25976,I,23,307.9765937788728,32
37,0.75,123.0330785944407,26694,I,23,449.53922229714544,48
38,0.77,122.19835796387521,27405,I,23,410.5090311986864,45
39,0.79,123.1402803472321,28108,I,23,471.39604383093786,53
40,0.81,123.98275503122831,28820,I,23,390.35392088827206,45
41,0.83,129.87023184972077,29545,I,23,448.46843797596887,53
42,0.85,135.43887603305785,30250,I,23,305.78512396694214,37
43,0.87,130.56031279283937,30947,I,23,274.6631337447895,34
44,0.89,125.3416143186338,31679,I,23,149.9416016919726,19
45,0.91,120.93788973266655,32394,I,23,162.06704945360252,21
46,0.9299999999999999,112.80707395498392,32966,I,23,136.5042771340169,18
47,0.95,106.23705496465193,31402,I,23,63.6902108145978,8
48,0.97,102.70301008144082,27873,I,23,134.53880099020557,15
49,0.99,102.49511115435132,20557,I,23,170.25830617307975,14
0,0.01,126.88101983002832,353,I,24,708.215297450425,1
1,0.03,128.65711556829035,1047,I,24,477.5549188156638,2
2,0.05,131.51286449399657,1749,I,24,428.81646655231566,3
3,0.07,132.22666123114553,2453,I,24,815.3281695882594,8
4,0.09,131.08862770012706,3148,I,24,476.49301143583233,6
5,0.11,131.22115633912367,3857,I,24,518.5377236193933,8
6,0.13,129.332892998679,4542,I,24,440.33465433729634,8
7,0.15000000000000002,130.58336505519605,5254,I,24,475.827940616673,10
8,0.16999999999999998,129.50932929904187,5949,I,24,672.3819129265423,16
9,0.19,130.789536981359,6652,I,24,375.826819001804,10
10,0.21000000000000002,131.3481219379423,7348,I,24,578.3886771910725,17
11,0.22999999999999998,130.59835963713186,8047,I,24,745.619485522555,24
12,0.25,131.13295259851515,8755,I,24,628.2124500285552,22
13,0.27,129.63313233894002,9453,I,24,370.25282978948485,14
14,0.29000000000000004,128.16889895607642,10154,I,24,418.55426432932836,17
15,0.31,125.54610778443114,10855,I,24,483.6480884385076,21
16,0.33,126.09797472736714,11554,I,24,432.75056257573135,20
17,0.35,125.89680790268594,12249,I,24,571.4752224671402,28
18,0.37,125.32005558128763,12954,I,24,443.8783387370696,23
19,0.39,125.29213400777068,13641,I,24,476.5046550839382,26
20,0.41000000000000003,127.23975466964036,14348,I,24,505.29690549205463,29
21,0.43,128.12360594795538,15064,I,24,580.8550185873606,35
22,0.45,129.69172645882279,15749,I,24,476.2207124261858,30
23,0.47,129.33246248253235,16459,I,24,470.8670028555806,31
24,0.49,130.39430704619693,17144,I,24,466.63555762949136,32
25,0.51,131.1625979843225,17860,I,24,559.9104143337066,40
26,0.53,132.87353099730458,18550,I,24,525.6064690026953,39
27,0.55,134.24217411618127,19263,I,24,493.1734413123605,38
28,0.5700000000000001,135.1992575499147,19934,I,24,501.65546302799237,40
29,0.59,135.2193929418599,20657,I,24,593.0193154862759,49
30,0.61,136.5942958834824,21353,I,24,433.19439891350163,37
31,0.63,137.688993696431,22051,I,24,453.4941725998821,40
32,0.65,138.6706347463211,22765,I,24,582.033823852405,53
33,0.67,138.17777113833284,23429,I,24,618.8911178454053,58
34,0.69,136.26267681363223,24178,I,24,465.2990321780131,45
35,0.71,137.19211564790206,24834,I,24,553.6764113715068,55
36,0.73,138.46934543604993,25559,I,24,626.0025822606518,64
37,0.75,136.29057322414778,26255,I,24,495.1437821367359,52
38,0.77,135.3989383421805,26939,I,24,454.73105905935637,49
39,0.79,137.19062759692164,27677,I,24,424.5402319615565,47
40,0.81,140.8000423116251,28361,I,24,282.077500793343,32
41,0.83,140.58444061962135,29050,I,24,318.41652323580035,37
42,0.85,137.97499411824018,29753,I,24,319.29553322354053,38
43,0.87,144.39410161253244,30449,I,24,164.20900522184638,20
44,0.89,135.02404494382023,31150,I,24,112.35955056179776,14
45,0.91,124.62800476997427,31866,I,24,109.83493378522564,14
46,0.9299999999999999,119.83780626517877,32529,I,24,38.42724953118756,5
47,0.95,110.84718406593407,32032,I,24,31.21878121878122,4
48,0.97,102.22525096525096,25900,I,24,48.262548262548265,5
49,0.99,96.59363153904474,19785,I,24,126.35835228708618,10
0,0.01,142.140350877193,342,I,25,0.0,0
1,0.03,139.58499525166192,1053,I,25,0.0,0
2,0.05,135.5243832472748,1743,I,25,286.8617326448652,2
3,0.07,134.92915642915642,2442,I,25,511.87551187551196,5
4,0.09,132.57750952986024,3148,I,25,317.6620076238882,4
5,0.11,133.33534031413612,3820,I,25,458.11518324607334,7
6,0.13,132.97014925373134,4556,I,25,274.36347673397717,5
7,0.15000000000000002,134.22209414024977,5205,I,25,288.18443804034587,6
8,0.16999999999999998,136.4528778189162,5942,I,25,378.66038370918886,9
9,0.19,135.7221295313211,6593,I,25,530.8660700743212,14
10,0.21000000000000002,138.3300204220558,7345,I,25,374.40435670524164,11
11,0.22999999999999998,137.2863397548161,7994,I,25,437.82837127845886,14
12,0.25,136.70271198077583,8739,I,25,457.71827440210546,16
13,0.27,135.181238712419,9413,I,25,345.26718368214176,13
14,0.29000000000000004,134.81225296442688,10120,I,25,370.5533596837945,15
15,0.31,133.75300870209222,10802,I,25,439.7333827069062,19
16,0.33,132.3484453708529,11514,I,25,434.25395171096056,20
17,0.35,130.90957490375953,12209,I,25,450.48734540093375,22
18,0.37,132.6239123679304,12872,I,25,369.0180236171535,19
19,0.39,132.12591884739783,13604,I,25,459.4236989120847,25
20,0.41000000000000003,131.00217041237835,14283,I,25,367.5698382692712,21
21,0.43,131.01818424032504,15013,I,25,432.9581029774196,26
22,0.45,130.4943841735801,15670,I,25,462.66751754945756,29
23,0.47,132.88765687827464,16414,I,25,335.0798099183624,22
24,0.49,133.81428068941258,17058,I,25,556.9234376831985,38
25,0.51,134.35647290087053,17805,I,25,491.4349901713002,35
26,0.53,137.55943411567023,18449,I,25,392.97522900970245,29
27,0.55,138.6486388006871,19211,I,25,364.3745770652231,28
28,0.5700000000000001,140.63442920532472,19832,I,25,415.99435256151673,33
29,0.59,140.84158127337187,20591,I,25,424.94293623427717,35
30,0.61,140.97319956667138,21231,I,25,518.1103103951768,44
31,0.63,143.12409687826602,22007,I,25,420.32080701594947,37
32,0.65,144.24093035572426,22658,I,25,474.44611174860984,43
33,0.67,145.11627210068923,23359,I,25,406.6954921015455,38
34,0.69,143.25789298770354,24072,I,25,488.118976404121,47
35,0.71,141.463133640553,24738,I,25,394.1304875090953,39
36,0.73,140.73614164572865,25472,I,25,451.47613065326635,46
37,0.75,141.37930902405392,26108,I,25,268.11705224452277,28
38,0.77,144.10414729403013,26885,I,25,269.66710061372515,29
39,0.79,143.8444711363471,27474,I,25,300.28390478270364,33
40,0.81,147.67611407569706,28297,I,25,229.7063292928579,26
41,0.83,148.00619613001487,28889,I,25,103.84575443940601,12
42,0.85,153.78162660741938,29706,I,25,159.90035683026997,19
43,0.87,154.927620934456,30285,I,25,90.80402839689616,11
44,0.89,138.83337088416107,31069,I,25,32.18642376645531,4
45,0.91,139.16830652790918,31710,I,25,31.535793125197102,4
46,0.9299999999999999,131.21099382080328,31072,I,25,40.22914521112256,5
47,0.95,105.82956970740103,29050,I,25,17.21170395869191,2
48,0.97,95.3031418945389,25526,I,25,39.175742380318106,4
49,0.99,91.89501658304277,23518,I,25,53.15077812739179,5
