condition,image_num,r_um,L_r
A,1,0.0,0.0
A,1,22.931077304486738,-10.544233294724622
A,1,45.862154608973476,1.0726138079916794
A,1,68.79323191346022,4.450927416631913
A,1,91.72430921794695,6.174307985422487
A,1,114.65538652243369,6.913412414088327
A,1,137.58646382692044,8.208171049079851
A,1,160.51754113140717,8.950860221675185
A,1,183.4486184358939,10.011747372721004
A,1,206.37969574038064,8.944334681725422
A,1,229.31077304486737,8.506032844321794
A,1,252.2418503493541,7.344133472497589
A,1,275.1729276538409,5.412232977991607
A,1,298.1040049583276,1.7131875453375187
A,1,321.03508226281434,-2.2349530297305478
A,1,343.9661595673011,-6.0170172580694725
A,1,366.8972368717878,-11.250874386074145
A,1,389.82831417627455,-16.76597224636913
A,1,412.7593914807613,-22.6721258466834
A,1,435.690468785248,-29.007804401454905
A,1,458.62154608973475,-35.826112634448236
A,1,481.5526233942215,-43.098837001992536
A,1,504.4837006987082,-51.074930458758786
A,1,527.414778003195,-58.79736918511708
A,1,550.3458553076817,-67.26461059212579
A,1,573.2769326121685,-75.66221943581911
A,1,596.2080099166552,-84.24224232831568
A,1,619.139087221142,-92.77629094026736
A,1,642.0701645256287,-101.8154795300976
A,1,665.0012418301154,-110.66402290846008
A,2,0.0,0.0
A,2,23.4569225229011,-12.588780862450133
A,2,46.9138450458022,-2.7226749009235505
A,2,70.3707675687033,1.6748021127063026
A,2,93.8276900916044,3.8647530892870066
A,2,117.28461261450549,4.881980102176755
A,2,140.7415351374066,6.038743424998671
A,2,164.1984576603077,6.703813881696448
A,2,187.6553801832088,6.729468398686578
A,2,211.1123027061099,6.271661973408186
A,2,234.56922522901098,5.849091502567035
A,2,258.0261477519121,4.896539881328579
A,2,281.4830702748132,3.564895018760126
A,2,304.9399927977143,1.8249505489694684
A,2,328.3969153206154,0.0356164036949167
A,2,351.8538378435165,-2.3417316574835922
A,2,375.3107603664176,-5.100241567723231
A,2,398.7676828893187,-8.305335086931848
A,2,422.2246054122198,-11.654271773191851
A,2,445.68152793512087,-15.430297889225471
A,2,469.13845045802196,-19.749590486733325
A,2,492.59537298092306,-24.102685138360073
A,2,516.0522955038242,-29.01482379771943
A,2,539.5092180267253,-34.28283260386968
A,2,562.9661405496264,-39.774257554926294
A,2,586.4230630725275,-45.76047475589155
A,2,609.8799855954286,-52.14438704630311
A,2,633.3369081183297,-58.642703435686485
A,2,656.7938306412308,-65.4430724353117
A,2,680.2507531641319,-72.43644226834931
A,3,0.0,0.0
A,3,23.477953819132885,-7.067702198587224
A,3,46.95590763826577,10.830551349072316
A,3,70.43386145739865,12.704215629699561
A,3,93.91181527653154,9.702605287813213
A,3,117.38976909566443,7.658788948912871
A,3,140.8677229147973,5.971174351968131
A,3,164.3456767339302,5.61467951101713
A,3,187.82363055306308,1.5708649288531262
A,3,211.30158437219598,-0.5506744794091105
A,3,234.77953819132887,-4.0223788847861215
A,3,258.25749201046176,-6.372156979597321
A,3,281.7354458295946,-10.130495451575314
A,3,305.2133996487275,-14.82458045413199
A,3,328.6913534678604,-20.25428237504201
A,3,352.1693072869933,-25.27973120135266
A,3,375.64726110612617,-31.084077049873372
A,3,399.12521492525906,-36.36337331107404
A,3,422.60316874439195,-42.25332497986949
A,3,446.08112256352484,-49.64530849713765
A,3,469.55907638265774,-54.99311560571641
A,3,493.03703020179057,-61.309122730153945
A,3,516.5149840209235,-67.08176119714727
A,3,539.9929378400564,-72.9105507140876
A,3,563.4708916591892,-80.81231359756123
A,3,586.9488454783221,-88.33637277426857
A,3,610.426799297455,-94.50769663316532
A,3,633.9047531165879,-100.51687741500234
A,3,657.3827069357208,-106.49338714745932
A,3,680.8606607548537,-112.77197425744919
A,4,0.0,0.0
A,4,22.792009091254418,-13.452286125996723
A,4,45.584018182508835,-1.0091907834646676
A,4,68.37602727376326,5.296701012253081
A,4,91.16803636501767,6.639273939978963
A,4,113.96004545627208,6.252989414712559
A,4,136.7520545475265,6.930003945187423
A,4,159.54406363878093,5.575147746210888
A,4,182.33607273003534,3.6784480567720266
A,4,205.12808182128975,4.062253939377257
A,4,227.92009091254417,2.3124472588519325
A,4,250.71210000379858,0.5169959848065844
A,4,273.504109095053,-2.84902874736008
A,4,296.2961181863074,-4.929359392795789
A,4,319.08812727756185,-8.69940590931185
A,4,341.88013636881624,-12.906154569743364
A,4,364.6721454600707,-17.21436630728988
A,4,387.4641545513251,-22.099094423742883
A,4,410.2561636425795,-28.087603486475757
A,4,433.04817273383395,-34.662791129454604
A,4,455.84018182508834,-40.98402764789114
A,4,478.6321909163428,-47.035473369186604
A,4,501.42420000759716,-52.58812685920333
A,4,524.2162090988516,-58.71640443963071
A,4,547.008218190106,-64.41569580556626
A,4,569.8002272813604,-71.27322371234021
A,4,592.5922363726148,-78.4548376515387
A,4,615.3842454638693,-85.3372526374244
A,4,638.1762545551237,-92.86119052699632
A,4,660.9682636463781,-100.66272216130994
A,5,0.0,0.0
A,5,9.076874486588894,-9.076874486588894
A,5,18.153748973177787,-18.153748973177787
A,5,27.230623459766683,-13.87434700867342
A,5,36.307497946355575,-10.539151641949996
A,5,45.38437243294447,-7.870377169991052
A,5,54.461246919533366,-7.134858189428208
A,5,63.53812140612226,-5.404639402505161
A,5,72.61499589271115,-4.65675862839268
A,5,81.69187037930004,-5.940860173561433
A,5,90.76874486588893,-6.4724036715753215
A,5,99.84561935247783,-7.95547274505671
A,5,108.92249383906673,-8.775157355462397
A,5,117.99936832565562,-9.492465494039052
A,5,127.07624281224452,-10.129349242632415
A,5,136.1531172988334,-11.932565717424524
A,5,145.2299917854223,-13.009600685838905
A,5,154.3068662720112,-15.076626108463785
A,5,163.38374075860008,-16.16146099931754
A,5,172.460615245189,-19.105588469257214
A,5,181.53748973177787,-20.64501440421799
A,5,190.61436421836677,-23.023990275733013
A,5,199.69123870495565,-25.31920824557784
A,5,208.76811319154456,-28.197490365658126
A,5,217.84498767813346,-31.361307528481007
A,5,226.92186216472234,-34.06351997276806
A,5,235.99873665131125,-36.373160038282975
A,5,245.07561113790013,-40.03755345828617
A,5,254.15248562448903,-43.53511534054715
A,5,263.22936011107794,-46.32975421666609
A,6,0.0,0.0
A,6,24.62656623068142,-12.799151186820868
A,6,49.25313246136284,-4.747947858187956
A,6,73.87969869204426,-2.6192678993346448
A,6,98.50626492272568,-2.7748472972490106
A,6,123.1328311534071,-3.2782949909372405
A,6,147.75939738408852,-3.3916852678374596
A,6,172.38596361476993,-4.191102283169187
A,6,197.01252984545135,-5.69522855615898
A,6,221.63909607613277,-7.227545765008728
A,6,246.2656623068142,-9.027562419320589
A,6,270.8922285374956,-11.539721088255646
A,6,295.51879476817703,-14.219269902458791
A,6,320.14536099885845,-16.993092739940323
A,6,344.77192722953987,-20.257711259274572
A,6,369.3984934602213,-23.452977461678756
A,6,394.0250596909027,-27.069759299843213
A,6,418.6516259215841,-30.760153961781782
A,6,443.27819215226555,-34.72338513874229
A,6,467.90475838294697,-38.95465550687862
A,6,492.5313246136284,-43.32787216400379
A,6,517.1578908443098,-48.09509709031511
A,6,541.7844570749912,-52.856213108774
A,6,566.4110233056726,-57.957549328081484
A,6,591.0375895363541,-63.443455078763236
A,6,615.6641557670355,-68.9632035753043
A,6,640.2907219977169,-74.73221263932714
A,6,664.9172882283983,-80.89907372183677
A,6,689.5438544590797,-87.12092931481254
A,6,714.1704206897612,-93.4786438320981
A,7,0.0,0.0
A,7,25.208273479793892,-9.99352082254528
A,7,50.416546959587784,-0.6536542768526701
A,7,75.62482043938168,1.2881573368820511
A,7,100.83309391917557,0.9824946037816744
A,7,126.04136739896946,1.6129987580416127
A,7,151.24964087876336,1.4466727493209248
A,7,176.45791435855725,1.0517950936601892
A,7,201.66618783835114,0.22849697019145765
A,7,226.87446131814502,-0.8758879280534302
A,7,252.0827347979389,-2.7098960632908415
A,7,277.29100827773283,-5.410859025860589
A,7,302.4992817575267,-8.117861850819054
A,7,327.7075552373206,-11.597912248086288
A,7,352.9158287171145,-14.587145095166875
A,7,378.1241021969084,-18.020614206744256
A,7,403.33237567670227,-22.049215949279528
A,7,428.54064915649616,-26.281347859886807
A,7,453.74892263629005,-31.261888478546098
A,7,478.95719611608394,-36.11210072766016
A,7,504.1654695958778,-40.987738887371165
A,7,529.3737430756718,-46.39885556639007
A,7,554.5820165554657,-51.72283092834647
A,7,579.7902900352595,-57.21151202587748
A,7,604.9985635150534,-63.29023517980511
A,7,630.2068369948473,-69.57924762676942
A,7,655.4151104746412,-76.06802068702711
A,7,680.6233839544351,-82.47755913349931
A,7,705.831657434229,-89.3639232177186
A,7,731.0399309140229,-96.32864208714079
A,8,0.0,0.0
A,8,10.94516103917022,-10.94516103917022
A,8,21.89032207834044,-15.8751034509502
A,8,32.83548311751066,-10.530455475510085
A,8,43.78064415668088,-7.439562548691519
A,8,54.725805195851095,-5.305741237647631
A,8,65.67096623502133,-6.657410107866362
A,8,76.61612727419154,-8.694746032707101
A,8,87.56128831336176,-11.652661133726042
A,8,98.50644935253197,-13.01412959612864
A,8,109.45161039170219,-16.26424412098602
A,8,120.39677143087242,-20.057948229691064
A,8,131.34193247004265,-23.570431142316338
A,8,142.28709350921287,-27.91881936200076
A,8,153.23225454838308,-32.103613189845674
A,8,164.1774155875533,-37.001410596516436
A,8,175.12257662672351,-41.326210539333346
A,8,186.06773766589373,-46.09268254618206
A,8,197.01289870506395,-52.20970623021614
A,8,207.95805974423416,-57.54752097334912
A,8,218.90322078340438,-62.999940070202314
A,8,229.84838182257462,-68.89210118439445
A,8,240.79354286174484,-74.42081619506297
A,8,251.73870390091506,-80.2258436688002
A,8,262.6838649400853,-85.7454140431123
A,8,273.6290259792555,-92.57194450331849
A,8,284.57418701842573,-98.78278840406949
A,8,295.51934805759595,-105.34899361785978
A,8,306.46450909676616,-111.80456190565656
A,8,317.4096701359364,-118.42954743066514
A,9,0.0,0.0
A,9,21.000675638803145,-15.492111248265829
A,9,42.00135127760629,-5.350048345028711
A,9,63.002026916409434,-1.4144047380287361
A,9,84.00270255521258,-1.0148429274913013
A,9,105.00337819401572,-1.518126853225752
A,9,126.00405383281887,-2.738829662724484
A,9,147.004729471622,-4.5582914036346835
A,9,168.00540511042516,-7.266521411729286
A,9,189.00608074922832,-9.836005668100483
A,9,210.00675638803145,-13.296831534797576
A,9,231.00743202683458,-16.97076304415384
A,9,252.00810766563774,-20.835124107152893
A,9,273.0087833044409,-25.116323568821628
A,9,294.009458943244,-29.65134046899425
A,9,315.01013458204716,-34.49948671291048
A,9,336.0108102208503,-39.458009449881104
A,9,357.0114858596535,-44.70230412486637
A,9,378.01216149845663,-50.12174681289707
A,9,399.01283713725974,-56.163631979565935
A,9,420.0135127760629,-62.34328735777257
A,9,441.01418841486606,-68.90606110774388
A,9,462.01486405366916,-75.66848913828517
A,9,483.0155396924723,-82.76961591011394
A,9,504.0162153312755,-90.15416221846363
A,9,525.0168909700786,-97.80322383055409
A,9,546.0175666088818,-105.90483035185332
A,9,567.018242247685,-114.08776488693991
A,9,588.018917886488,-122.63111024399865
A,9,609.0195935252912,-131.6912234227911
A,10,0.0,0.0
A,10,20.58183161427062,-15.318676319507944
A,10,41.16366322854124,-4.083113565303243
A,10,61.74549484281186,-1.1308607447551822
A,10,82.32732645708248,0.44291212720182216
A,10,102.90915807135309,1.169049816961376
A,10,123.49098968562372,0.7543418221025462
A,10,144.07282129989434,-0.1101954380634993
A,10,164.65465291416496,-1.9914917436384485
A,10,185.23648452843557,-3.531119434242868
A,10,205.81831614270618,-5.821562786649224
A,10,226.40014775697682,-8.344124045460745
A,10,246.98197937124743,-11.328512247958457
A,10,267.56381098551805,-14.553852691461856
A,10,288.1456425997887,-17.987685103729234
A,10,308.72747421405927,-21.849298563979062
A,10,329.3093058283299,-26.03885923365732
A,10,349.89113744260055,-30.379737810636357
A,10,370.47296905687114,-35.27041049096698
A,10,391.0548006711418,-40.17738229663735
A,10,411.63663228541236,-45.576364795432085
A,10,432.218463899683,-51.282879996676
A,10,452.80029551395364,-57.25427125328849
A,10,473.3821271282242,-63.32554999333257
A,10,493.96395874249487,-69.82773392544198
A,10,514.5457903567655,-76.67180076005661
A,10,535.1276219710361,-83.72052097818033
A,10,555.7094535853067,-90.90996163281699
A,10,576.2912851995774,-98.30468282307265
A,10,596.873116813848,-106.10360837484757
A,11,0.0,0.0
A,11,23.512234431076422,-12.958737845781151
A,11,47.024468862152844,-4.563855380699316
A,11,70.53670329322927,-1.2888053581289824
A,11,94.04893772430569,0.6664893335766351
A,11,117.56117215538211,1.7286485524109878
A,11,141.07340658645853,2.751262779965117
A,11,164.58564101753495,3.5913098817904086
A,11,188.09787544861138,3.8223093661280245
A,11,211.6101098796878,4.283630908046916
A,11,235.12234431076422,4.372789905549354
A,11,258.63457874184064,4.1999968163059975
A,11,282.14681317291706,3.7457098112627705
A,11,305.6590476039935,3.311068409997347
A,11,329.1712820350699,2.6101677488862265
A,11,352.68351646614633,1.77421932720506
A,11,376.19575089722275,0.7202594855739903
A,11,399.7079853282992,-0.7416694486076381
A,11,423.2202197593756,-2.20109184547465
A,11,446.732454190452,-3.8764220333700905
A,11,470.24468862152844,-5.859921450774721
A,11,493.75692305260486,-8.131209741208067
A,11,517.2691574836813,-10.50296685548875
A,11,540.7813919147577,-13.158508197820765
A,11,564.2936263458341,-16.110680105362007
A,11,587.8058607769105,-19.296685445664366
A,11,611.318095207987,-22.664213951174133
A,11,634.8303296390634,-26.431892040644925
A,11,658.3425640701398,-30.34854937373393
A,11,681.8547985012162,-34.57337587421853
A,12,0.0,0.0
A,12,23.19718703128586,-13.31522650992514
A,12,46.39437406257172,-4.310615563248071
A,12,69.59156109385758,-1.7511631664035434
A,12,92.78874812514344,-0.1558446042103867
A,12,115.9859351564293,0.7314401828052155
A,12,139.18312218771516,1.2706554433562474
A,12,162.38030921900102,1.3920913100890573
A,12,185.57749625028688,1.6660238862427548
A,12,208.77468328157275,1.3645226724324857
A,12,231.9718703128586,0.9643341277781303
A,12,255.16905734414448,0.3281080396825473
A,12,278.3662443754303,-0.43645950688744506
A,12,301.5634314067162,-1.37140773103323
A,12,324.76061843800204,-2.609447795861172
A,12,347.9578054692879,-4.143707382025127
A,12,371.15499250057377,-5.935115762784903
A,12,394.35217953185963,-7.7647603572456205
A,12,417.5493665631455,-10.128523000944483
A,12,440.74655359443136,-12.513009880046013
A,12,463.9437406257172,-15.097346302283881
A,12,487.1409276570031,-17.94297061392649
A,12,510.33811468828895,-21.230470992719745
A,12,533.5353017195748,-24.689886143531396
A,12,556.7324887508606,-28.354753990070435
A,12,579.9296757821465,-32.178837973561144
A,12,603.1268628134324,-36.2723701909614
A,12,626.3240498447183,-40.76438857673622
A,12,649.5212368760041,-45.408896071654794
A,12,672.71842390729,-50.262692555616354
A,13,0.0,0.0
A,13,23.126724595032517,-13.099817378828963
A,13,46.253449190065034,-4.595123074674966
A,13,69.38017378509755,-0.9098512824425598
A,13,92.50689838013007,0.1269206605467872
A,13,115.63362297516258,1.3594295574752238
A,13,138.7603475701951,2.2535637267843356
A,13,161.8870721652276,2.5703275729064217
A,13,185.01379676026013,2.882856097323412
A,13,208.14052135529266,3.181952683638343
A,13,231.26724595032516,3.180923373391522
A,13,254.3939705453577,2.7515862083049285
A,13,277.5206951403902,2.2753708619192707
A,13,300.6474197354227,1.768104916805214
A,13,323.7741443304552,0.8173081173383139
A,13,346.90086892548777,-0.1463114371696861
A,13,370.02759352052027,-1.4860244895061214
A,13,393.15431811555277,-2.878640217925181
A,13,416.2810427105853,-4.5311316729095665
A,13,439.4077673056178,-6.424798329661996
A,13,462.5344919006503,-8.568823113740734
A,13,485.6612164956829,-10.847730981546817
A,13,508.7879410907154,-13.529524873686057
A,13,531.9146656857479,-16.450703218547233
A,13,555.0413902807804,-19.481922574745226
A,13,578.1681148758129,-22.865464045556564
A,13,601.2948394708454,-26.37897297662937
A,13,624.421564065878,-30.214311039805352
A,13,647.5482886609104,-34.244512875836335
A,13,670.675013255943,-38.547646177008346
A,14,0.0,0.0
A,14,22.69682258793742,-14.480727806836645
A,14,45.39364517587484,-4.341512407863405
A,14,68.09046776381226,-0.8676833169533325
A,14,90.78729035174968,0.707509383269894
A,14,113.4841129396871,2.093026488954763
A,14,136.1809355276245,3.0168984793432116
A,14,158.87775811556193,3.5658941942426168
A,14,181.57458070349935,4.0754782394172935
A,14,204.27140329143677,4.080800016213203
A,14,226.9682258793742,4.043350111046152
A,14,249.6650484673116,3.6317404758336806
A,14,272.361871055249,3.180536355204765
A,14,295.0586936431864,2.426176434459137
A,14,317.75551623112386,1.6207418994981708
A,14,340.4523388190613,0.38955932426711115
A,14,363.1491614069987,-0.9237600789528528
A,14,385.8459839949361,-2.372243464369319
A,14,408.54280658287354,-4.228107561384093
A,14,431.239629170811,-6.124649665174161
A,14,453.9364517587484,-8.310315096650527
A,14,476.63327434668577,-10.592054252731884
A,14,499.3300969346232,-13.312853332457678
A,14,522.0269195225607,-16.01032636622125
A,14,544.723742110498,-18.83318033887315
A,14,567.4205646984354,-22.21297823363534
A,14,590.1173872863728,-25.6084664746179
A,14,612.8142098743103,-29.311888943572512
A,14,635.5110324622477,-33.13307757831319
A,14,658.2078550501851,-37.15748877147644
A,15,0.0,0.0
A,15,22.722022546759348,-13.711708974251044
A,15,45.444045093518696,-4.983265392809045
A,15,68.16606764027804,-2.5073581828751372
A,15,90.88809018703739,-1.6041690024600541
A,15,113.61011273379674,-0.7886054554744106
A,15,136.3321352805561,-0.5591492271484526
A,15,159.05415782731544,-0.3011313615198219
A,15,181.77618037407478,-0.7505783830058306
A,15,204.49820292083413,-0.8753106982344434
A,15,227.22022546759348,-1.424690179305884
A,15,249.94224801435283,-2.185066111677145
A,15,272.6642705611122,-3.316533604305505
A,15,295.38629310787155,-4.240032533457395
A,15,318.10831565463087,-5.531154352097587
A,15,340.8303382013902,-7.0159177427720465
A,15,363.55236074814957,-8.742095112598065
A,15,386.27438329490894,-10.922368353426464
A,15,408.99640584166826,-13.189878470834913
A,15,431.7184283884276,-15.5910290075293
A,15,454.44045093518696,-18.404008569288692
A,15,477.16247348194634,-21.318873822061335
A,15,499.88449602870566,-24.797460611689928
A,15,522.606518575465,-28.1281344747847
A,15,545.3285411222244,-31.752673377177075
A,15,568.0505636689837,-35.70798076369931
A,15,590.7725862157431,-39.87816072603164
A,15,613.4946087625024,-44.17451040487197
A,15,636.2166313092617,-48.83529718433408
A,15,658.9386538560211,-53.76165662967412
A,16,0.0,0.0
A,16,19.51076263640743,-9.456969889717989
A,16,39.02152527281486,0.17537484211075594
A,16,58.53228790922229,4.787985523049102
A,16,78.04305054562973,7.305695678103973
A,16,97.55381318203716,11.194582601193005
A,16,117.06457581844458,12.8849897765773
A,16,136.57533845485202,12.952649523508796
A,16,156.08610109125945,13.3831933753209
A,16,175.59686372766689,13.599738167127981
A,16,195.10762636407432,12.497716534945198
A,16,214.61838900048176,11.103625597797333
A,16,234.12915163688916,8.568100298490947
A,16,253.6399142732966,6.375865329587498
A,16,273.15067690970403,2.868203072180961
A,16,292.66143954611147,-1.1130062047583351
A,16,312.1722021825189,-5.133475762820126
A,16,331.68296481892634,-10.19207890090189
A,16,351.19372745533377,-15.120232995790445
A,16,370.7044900917412,-20.96349597684582
A,16,390.21525272814864,-27.04271832075625
A,16,409.7260153645561,-33.68190986342478
A,16,429.2367780009635,-40.27928377911479
A,16,448.74754063737095,-47.560476193778584
A,16,468.2583032737783,-54.3072998944578
A,16,487.76906591018576,-61.26226109706715
A,16,507.2798285465932,-68.74542046237599
A,16,526.7905911830006,-76.07856522879325
A,16,546.3013538194081,-83.3826940084038
A,16,565.8121164558155,-91.09278961039183
A,17,0.0,0.0
A,17,18.79234257121859,-12.28999404214631
A,17,37.58468514243718,-0.30234838711498213
A,17,56.37702771365577,4.533702609761981
A,17,75.16937028487436,7.783371068541797
A,17,93.96171285609296,10.885506765208405
A,17,112.75405542731154,12.024979377886623
A,17,131.54639799853013,14.394755238793465
A,17,150.33874056974872,14.4319771919169
A,17,169.13108314096732,14.120972865397817
A,17,187.92342571218592,14.01611313931835
A,17,206.7157682834045,11.754917441807748
A,17,225.50811085462308,9.758774206105244
A,17,244.30045342584168,7.723227598736116
A,17,263.09279599706025,4.996045251413193
A,17,281.8851385682789,1.6015975411892782
A,17,300.67748113949744,-2.1796664367562357
A,17,319.469823710716,-6.604474370033074
A,17,338.26216628193464,-11.280658540082186
A,17,357.0545088531532,-15.797344197339783
A,17,375.84685142437183,-20.843036156127198
A,17,394.6391939955904,-26.458959946149037
A,17,413.431536566809,-32.1559744663129
A,17,432.2238791380276,-38.368571999978826
A,17,451.01622170924617,-44.65195168544767
A,17,469.80856428046474,-51.094426445575095
A,17,488.60090685168336,-58.081103108428806
A,17,507.39324942290193,-65.16781367636241
A,17,526.1855919941205,-72.4516370886181
A,17,544.9779345653391,-80.24762033439436
A,18,0.0,0.0
A,18,18.50020784017931,-11.803218887636522
A,18,37.00041568035862,2.213136363573547
A,18,55.50062352053793,10.89275694659078
A,18,74.00083136071724,15.240517688513805
A,18,92.50103920089656,18.32495065671148
A,18,111.00124704107586,21.0597655494077
A,18,129.50145488125517,22.68805321646667
A,18,148.00166272143449,24.456252021963934
A,18,166.5018705616138,24.835887316275176
A,18,185.0020784017931,24.814855730399245
A,18,203.50228624197243,23.660075435273512
A,18,222.0024940821517,22.008015046407905
A,18,240.50270192233103,18.747024406147432
A,18,259.00290976251034,15.188348442324866
A,18,277.50311760268966,11.167404263731896
A,18,296.00332544286897,6.718777605680884
A,18,314.5035332830483,1.696891488655865
A,18,333.0037411232276,-3.6429725974882103
A,18,351.5039489634069,-9.648127809860569
A,18,370.0041568035862,-16.293352626302294
A,18,388.50436464376554,-22.744700711984535
A,18,407.00457248394486,-29.67387867746993
A,18,425.50478032412417,-36.840316493058026
A,18,444.0049881643034,-44.079622215698976
A,18,462.50519600448274,-51.814605721761495
A,18,481.00540384466206,-59.39892755111799
A,18,499.50561168484137,-67.11062715425504
A,18,518.0058195250207,-75.04886911796615
A,18,536.5060273652,-82.88697484663243
A,19,0.0,0.0
A,19,17.93999628096987,-13.677816478922676
A,19,35.87999256193974,1.215665976117812
A,19,53.81998884290961,8.12841566016715
A,19,71.75998512387947,13.029544979579967
A,19,89.69998140484934,17.152449704317874
A,19,107.63997768581922,20.774767836783127
A,19,125.57997396678908,23.18475546230212
A,19,143.51997024775895,25.186453132786653
A,19,161.4599665287288,26.051726266859077
A,19,179.39996280969868,26.600495173751057
A,19,197.33995909066854,26.31282414043676
A,19,215.27995537163844,25.552061908273544
A,19,233.2199516526083,23.90114516370693
A,19,251.15994793357817,21.336377028983122
A,19,269.09994421454803,18.131132314441572
A,19,287.0399404955179,14.85359757411328
A,19,304.97993677648776,10.55813185641722
A,19,322.9199330574576,6.03503779587038
A,19,340.8599293384275,0.9126792126604641
A,19,358.79992561939736,-4.577139473432169
A,19,376.7399219003672,-10.285396138041222
A,19,394.6799181813371,-16.827402040136178
A,19,412.61991446230695,-23.30064316398989
A,19,430.5599107432769,-30.340319519550803
A,19,448.49990702424674,-37.27685680682083
A,19,466.4399033052166,-44.74788081805417
A,19,484.37989958618647,-52.5146494500201
A,19,502.31989586715633,-60.53102990453982
A,19,520.2598921481261,-68.83589158594009
A,20,0.0,0.0
A,20,18.85571899308698,-11.159619594130362
A,20,37.71143798617396,5.2076873463988775
A,20,56.56715697926094,12.39779542757553
A,20,75.42287597234792,17.76033108522097
A,20,94.2785949654349,21.67483418871663
A,20,113.13431395852189,24.559206954244388
A,20,131.99003295160887,26.22050766472617
A,20,150.84575194469585,27.945751863140202
A,20,169.70147093778283,27.42987498023922
A,20,188.5571899308698,26.878614087809893
A,20,207.4129089239568,25.15705183927716
A,20,226.26862791704377,23.362752608451387
A,20,245.12434691013075,20.318572966016774
A,20,263.98006590321774,16.690253377188526
A,20,282.83578489630474,12.136740287335726
A,20,301.6915038893917,6.700331647408518
A,20,320.54722288247865,0.943454583902394
A,20,339.40294187556566,-5.574927291492202
A,20,358.25866086865267,-12.276405857832913
A,20,377.1143798617396,-19.48996471583672
A,20,395.9700988548266,-27.625101322062676
A,20,414.8258178479136,-35.78217931558629
A,20,433.6815368410006,-43.784653938103816
A,20,452.53725583408755,-52.21430523015414
A,20,471.3929748271745,-61.07465767891631
A,20,490.2486938202615,-69.63732261900242
A,20,509.1044128133485,-78.3015429682867
A,20,527.9601318064355,-87.08714481606785
A,20,546.8158507995224,-96.16996353511848
A,21,0.0,0.0
A,21,17.069578178539807,-14.593676804184105
A,21,34.139156357079614,0.6117754327398117
A,21,51.20873453561942,6.59176503373871
A,21,68.27831271415923,11.336450957315037
A,21,85.34789089269904,13.06724225534687
A,21,102.41746907123884,14.632715980831804
A,21,119.48704724977864,16.349485843365102
A,21,136.55662542831845,16.789441013562765
A,21,153.62620360685827,16.707893638332337
A,21,170.69578178539808,16.541957661682943
A,21,187.76535996393787,14.880777271585885
A,21,204.83493814247768,13.816733046125023
A,21,221.9045163210175,11.93384992923066
A,21,238.97409449955728,9.789316151688894
A,21,256.0436726780971,7.3461554190146785
A,21,273.1132508566369,4.05503376103519
A,21,290.1828290351767,0.47997821288430487
A,21,307.25240721371654,-3.300847826780739
A,21,324.32198539225635,-8.055263110716908
A,21,341.39156357079617,-11.864065444140863
A,21,358.4611417493359,-16.57152410491375
A,21,375.53071992787574,-21.225859403841184
A,21,392.60029810641555,-26.81991003633499
A,21,409.66987628495536,-32.55994192518506
A,21,426.7394544634952,-38.48054013742717
A,21,443.809032642035,-44.46678679496597
A,21,460.8786108205748,-50.90941412065365
A,21,477.94818899911456,-57.57688206550682
A,21,495.01776717765443,-63.75583023517845
A,22,0.0,0.0
A,22,17.620691638857643,-13.90372135109473
A,22,35.241383277715286,-3.4111513881803006
A,22,52.86207491657293,1.6394080524633168
A,22,70.48276655543057,5.2984702291017385
A,22,88.10345819428821,6.393399398786954
A,22,105.72414983314586,7.34345516703651
A,22,123.34484147200351,6.89064049095677
A,22,140.96553311086114,7.154683519882269
A,22,158.58622474971878,6.669231995553844
A,22,176.20691638857642,5.278701769854422
A,22,193.82760802743408,3.592157869592654
A,22,211.44829966629172,1.6976120193483268
A,22,229.06899130514935,-0.6743487844222216
A,22,246.68968294400702,-3.3203614778010433
A,22,264.31037458286465,-6.424772346432462
A,22,281.9310662217223,-10.159781921632089
A,22,299.5517578605799,-13.908778202388476
A,22,317.17244949943756,-18.177671424847404
A,22,334.7931411382952,-22.611889748542012
A,22,352.41383277715283,-27.198403025068103
A,22,370.0345244160105,-31.831076523458933
A,22,387.65521605486816,-36.393329577912425
A,22,405.2759076937258,-41.025462468449575
A,22,422.89659933258343,-46.68607540774167
A,22,440.51729097144107,-51.837586582268216
A,22,458.1379826102987,-57.09543365121277
A,22,475.75867424915634,-62.46121702531218
A,22,493.37936588801404,-68.34255390746495
A,22,511.0000575268716,-73.84368604549093
A,23,0.0,0.0
A,23,17.917027455707206,-12.225185364490503
A,23,35.83405491141441,-1.6356032399191704
A,23,53.75108236712162,3.1103916364279627
A,23,71.66810982282882,5.728386065291986
A,23,89.58513727853602,8.07599288906087
A,23,107.50216473424324,9.173656658381404
A,23,125.41919218995045,9.418612816002735
A,23,143.33621964565765,9.857888902586268
A,23,161.25324710136485,9.606334208089379
A,23,179.17027455707205,9.185844019318125
A,23,197.08730201277928,8.363757369461155
A,23,215.00432946848647,6.334424022612865
A,23,232.92135692419367,4.367710224209901
A,23,250.8383843799009,2.6691314860263162
A,23,268.7554118356081,0.1201237794584813
A,23,286.6724392913153,-2.884019262859283
A,23,304.5894667470225,-5.916866214982463
A,23,322.5064942027297,-9.413786707114014
A,23,340.4235216584369,-13.338162242668602
A,23,358.3405491141441,-17.00556722216436
A,23,376.2575765698513,-21.203405010065126
A,23,394.17460402555855,-25.463592936920463
A,23,412.0916314812657,-29.961683236281317
A,23,430.00865893697295,-34.93987156749688
A,23,447.9256863926802,-39.609897984804036
A,23,465.84271384838735,-44.511816225887856
A,23,483.7597413040946,-49.91216896205424
A,23,501.6767687598018,-55.64911761097534
A,23,519.593796215509,-61.278556056979085
A,24,0.0,0.0
A,24,18.036615993458188,-12.88291300315186
A,24,36.073231986916376,-5.1510140450784085
A,24,54.10984798037457,0.6747662821082798
A,24,72.14646397383275,1.8487332267171723
A,24,90.18307996729094,2.849059596363489
A,24,108.21969596074914,2.8969543172353838
A,24,126.25631195420732,2.7775440681222676
A,24,144.2929279476655,2.9520476557915742
A,24,162.3295439411237,2.6234595424004397
A,24,180.36615993458187,1.6468201939262315
A,24,198.40277592804006,0.39927112955709276
A,24,216.43939192149827,-1.029402754387462
A,24,234.47600791495645,-2.8622489186512894
A,24,252.51262390841464,-5.0275348518287615
A,24,270.5492399018728,-6.996767083155703
A,24,288.585855895331,-9.326342132045795
A,24,306.6224718887892,-11.932877370170445
A,24,324.6590878822474,-14.646457231297973
A,24,342.6957038757056,-17.37613008120269
A,24,360.73231986916375,-20.660439047274735
A,24,378.76893586262196,-23.937861762990735
A,24,396.8055518560801,-27.676634473467118
A,24,414.8421678495383,-31.40923827257774
A,24,432.87878384299654,-35.05048987646853
A,24,450.9153998364547,-39.11181764883605
A,24,468.9520158299129,-43.15508335985879
A,24,486.98863182337107,-47.691321419716985
A,24,505.0252478168293,-51.94302090178928
A,24,523.0618638102875,-56.736154406902926
A,25,0.0,0.0
A,25,19.10252646190074,-13.483215549589644
A,25,38.20505292380148,-2.3373230531912412
A,25,57.307579385702226,2.4520879070194113
A,25,76.41010584760296,5.601036947285323
A,25,95.5126323095037,7.599759586627783
A,25,114.61515877140445,9.658893884501836
A,25,133.7176852333052,11.654014542387472
A,25,152.82021169520593,13.085355585988651
A,25,171.92273815710666,14.5388785387334
A,25,191.0252646190074,15.414266006507972
A,25,210.12779108090814,16.32866198106069
A,25,229.2303175428089,17.05759507462045
A,25,248.33284400470964,17.521891136447465
A,25,267.4353704666104,17.654568147595853
A,25,286.5378969285111,17.691047438807573
A,25,305.64042339041185,17.60587654875627
A,25,324.7429498523126,17.182590166009106
A,25,343.84547631421333,16.550096028538462
A,25,362.9480027761141,15.812969955354788
A,25,382.0505292380148,14.67775081106464
A,25,401.15305569991557,13.40636181100814
A,25,420.2555821618163,12.165259448792426
A,25,439.35810862371704,10.378188029712987
A,25,458.4606350856178,8.52492200885166
A,25,477.5631615475185,6.318969125783042
A,25,496.6656880094193,3.990388571615938
A,25,515.76821447132,1.620019408289295
A,25,534.8707409332208,-1.165015555350351
A,25,553.9732673951215,-3.8961585472759452
B,1,0.0,0.0
B,1,33.31300335867032,-11.710395012369876
B,1,66.62600671734064,-0.4638643800120974
B,1,99.93901007601096,2.3761464288931364
B,1,133.2520134346813,3.5520141632198374
B,1,166.56501679335162,3.668713734458521
B,1,199.87802015202192,3.851518255508495
B,1,233.19102351069225,3.48411654714468
B,1,266.5040268693626,2.9653527229491488
B,1,299.8170302280329,2.3878331760434435
B,1,333.13003358670323,1.5928474975859785
B,1,366.44303694537354,0.2546395546878557
B,1,399.75604030404384,-1.2306008654799712
B,1,433.0690436627142,-3.198552377089129
B,1,466.3820470213845,-5.266021898612792
B,1,499.69505038005485,-7.647453661913687
B,1,533.0080537387252,-10.331562208257537
B,1,566.3210570973955,-13.091748725028197
B,1,599.6340604560658,-16.29238260751481
B,1,632.9470638147361,-19.735659263078674
B,1,666.2600671734065,-23.547111348478097
B,1,699.5730705320767,-27.699183929432706
B,1,732.8860738907471,-32.18951638460635
B,1,766.1990772494174,-36.87702961234231
B,1,799.5120806080877,-41.95793545684489
B,1,832.825083966758,-47.35064671863063
B,1,866.1380873254284,-53.11159268011545
B,1,899.4510906840987,-59.179622416695224
B,1,932.764094042769,-65.49937890086346
B,1,966.0770974014393,-72.08539878037641
B,2,0.0,0.0
B,2,21.30883836481362,-16.111687542935904
B,2,42.61767672962724,-7.8316899733568235
B,2,63.92651509444086,-4.487830150819974
B,2,85.23535345925448,-4.00337072250484
B,2,106.54419182406811,-5.8481372828388345
B,2,127.85303018888172,-9.237242011346922
B,2,149.16186855369534,-13.000484368999764
B,2,170.47070691850897,-17.68861531680824
B,2,191.7795452833226,-23.28442098311234
B,2,213.08838364813622,-29.40016265847126
B,2,234.39722201294984,-35.82116884002562
B,2,255.70606037776344,-42.806757696627045
B,2,277.0148987425771,-50.547896262843636
B,2,298.3237371073907,-58.31325751497869
B,2,319.63257547220434,-67.36991984606738
B,2,340.94141383701793,-76.31506869623001
B,2,362.25025220183153,-86.50233951596817
B,2,383.5590905666452,-96.72532804445103
B,2,404.8679289314588,-107.49733158755453
B,2,426.17676729627243,-118.56426337014722
B,2,447.485605661086,-130.12730261902675
B,2,468.7944440258997,-141.96844206037332
B,2,490.1032823907133,-154.116425154988
B,2,511.41212075552687,-166.38236245222038
B,2,532.7209591203405,-178.72287644352076
B,2,554.0297974851542,-191.2105977227635
B,2,575.3386358499678,-204.1259762684462
B,2,596.6474742147814,-217.2697032542872
B,2,617.956312579595,-230.2474679319991
B,3,0.0,0.0
B,3,16.621835380377743,-16.621835380377743
B,3,33.243670760755485,-13.10603989338236
B,3,49.865506141133224,-9.706144680449007
B,3,66.48734152151097,-7.16446175037013
B,3,83.10917690188872,-6.838773727429796
B,3,99.73101228226645,-10.42642777866223
B,3,116.3528476626442,-13.33077933620136
B,3,132.97468304302194,-17.151860501768866
B,3,149.5965184233997,-21.924252701987868
B,3,166.21835380377743,-26.817736475250882
B,3,182.84018918415518,-32.051193916431146
B,3,199.4620245645329,-37.2939761236737
B,3,216.08385994491064,-43.33842299608946
B,3,232.7056953252884,-48.55844080203033
B,3,249.32753070566613,-54.77953358913442
B,3,265.9493660860439,-61.28984355700305
B,3,282.5712014664216,-67.48427821347369
B,3,299.1930368467994,-74.46192146360676
B,3,315.8148722271771,-81.1703237787751
B,3,332.43670760755487,-88.16638935138673
B,3,349.0585429879326,-95.39898884204229
B,3,365.68037836831036,-102.83390530930723
B,3,382.3022137486881,-110.55352289272224
B,3,398.9240491290658,-118.1818409576992
B,3,415.54588450944357,-126.35528230988461
B,3,432.1677198898213,-134.29097625957218
B,3,448.78955527019906,-142.80022065014793
B,3,465.4113906505768,-151.14804363331365
B,3,482.03322603095455,-159.50579590449564
B,4,0.0,0.0
B,4,27.146318094042456,-13.695559481811896
B,4,54.29263618808491,-2.675508549750724
B,4,81.43895428212737,-0.05294285016378808
B,4,108.58527237616983,-0.2472109617726943
B,4,135.73159047021227,-0.8210850646058816
B,4,162.87790856425474,-3.6426444504218694
B,4,190.0242266582972,-6.673795467960758
B,4,217.17054475233965,-10.338009761167285
B,4,244.3168628463821,-14.718905938921552
B,4,271.46318094042454,-19.319750318654428
B,4,298.60949903446704,-24.381341273291866
B,4,325.7558171285095,-29.678277134176824
B,4,352.9021352225519,-35.44983362932254
B,4,380.0484533165944,-41.78618835583359
B,4,407.19477141063686,-48.43502420683831
B,4,434.3410895046793,-55.1446906935837
B,4,461.48740759872175,-62.891271973331754
B,4,488.6337256927642,-70.50171866292254
B,4,515.7800437868067,-78.92836757032694
B,4,542.9263618808491,-87.30487010029987
B,4,570.0726799748916,-96.03072713111823
B,4,597.2189980689341,-105.2544230704807
B,4,624.3653161629765,-114.66366564100866
B,4,651.511634257019,-124.55767228420075
B,4,678.6579523510615,-135.07245165833353
B,4,705.8042704451038,-146.081200447201
B,4,732.9505885391463,-157.2743298828301
B,4,760.0969066331888,-168.89295888913307
B,4,787.2432247272312,-180.66730496888783
B,5,0.0,0.0
B,5,15.11377314031903,-15.11377314031903
B,5,30.22754628063806,-15.486704035611064
B,5,45.34131942095709,-11.117655146748739
B,5,60.45509256127612,-9.184161005610619
B,5,75.56886570159514,-9.045592838805263
B,5,90.68263884191418,-9.94372069965037
B,5,105.79641198223321,-11.774648363280818
B,5,120.91018512255224,-15.087173103285082
B,5,136.02395826287128,-19.067455813847786
B,5,151.1377314031903,-22.424007034994503
B,5,166.25150454350933,-27.12952308708705
B,5,181.36527768382837,-31.74435630274715
B,5,196.47905082414738,-36.667254454314445
B,5,211.59282396446642,-41.79589936760209
B,5,226.70659710478543,-47.998210596850555
B,5,241.82037024510447,-53.97423448256339
B,5,256.9341433854235,-60.50946092446745
B,5,272.04791652574255,-66.99003413485383
B,5,287.16168966606153,-73.74516436028216
B,5,302.2754628063806,-80.31356593664736
B,5,317.3892359466996,-87.10690363835093
B,5,332.50300908701865,-93.8461094148177
B,5,347.6167822273377,-100.7942191248165
B,5,362.73055536765673,-108.06638305509836
B,5,377.8443285079757,-115.71438697586234
B,5,392.95810164829476,-122.94039848945118
B,5,408.0718747886138,-130.40946436907336
B,5,423.18564792893284,-137.90689864536722
B,5,438.2994210692519,-145.96481345175306
B,6,0.0,0.0
B,6,32.56547456167961,-8.671841393237248
B,6,65.13094912335922,-1.4209073706979467
B,6,97.69642368503882,0.05962328102972947
B,6,130.26189824671843,0.7319602696655068
B,6,162.82737280839802,0.7745662448047881
B,6,195.39284737007765,0.4078910007685579
B,6,227.95832193175727,-0.22382678682330948
B,6,260.52379649343686,-1.242536997381933
B,6,293.08927105511646,-2.2886513397051544
B,6,325.65474561679605,-3.9488710814099477
B,6,358.2202201784757,-5.7598888236173025
B,6,390.7856947401553,-7.934467452068134
B,6,423.3511693018349,-10.463785618251222
B,6,455.91664386351454,-13.311201582400884
B,6,488.48211842519413,-16.5167247956623
B,6,521.0475929868737,-19.94586945464357
B,6,553.6130675485533,-23.681636031990365
B,6,586.1785421102329,-27.75335610444472
B,6,618.7440166719125,-32.199711110690714
B,6,651.3094912335921,-36.824604484565384
B,6,683.8749657952718,-42.01408044489233
B,6,716.4404403569514,-47.40518381218271
B,6,749.005914918631,-53.08951461771085
B,6,781.5713894803106,-58.983490780271495
B,6,814.1368640419902,-65.22252929399303
B,6,846.7023386036698,-71.74506700117968
B,6,879.2678131653494,-78.47732901557413
B,6,911.8332877270291,-85.51793023936568
B,6,944.3987622887086,-92.76559988168106
B,7,0.0,0.0
B,7,20.991878698266937,-14.243442626939457
B,7,41.983757396533875,-5.809789928947318
B,7,62.97563609480081,-2.3272542704114727
B,7,83.96751479306775,-2.528308361312682
B,7,104.95939349133468,-3.336221568781383
B,7,125.95127218960162,-5.4644393106108
B,7,146.94315088786857,-7.815121558581268
B,7,167.9350295861355,-10.347848493842008
B,7,188.92690828440243,-13.39404518556185
B,7,209.91878698266936,-16.967793614692624
B,7,230.91066568093632,-20.554938409493218
B,7,251.90254437920325,-24.319104351987562
B,7,272.8944230774702,-28.38426384159925
B,7,293.88630177573714,-33.07576274924736
B,7,314.87818047400407,-37.76194336866615
B,7,335.870059172271,-42.84750450279449
B,7,356.86193787053793,-48.34694007565082
B,7,377.85381656880486,-54.16094575943396
B,7,398.8456952670718,-60.639734814804854
B,7,419.8375739653387,-67.05289881254026
B,7,440.8294526636057,-73.91472240921917
B,7,461.82133136187264,-81.05760779712006
B,7,482.81321006013957,-88.5597406463109
B,7,503.8050887584065,-96.32023531663441
B,7,524.7969674566734,-104.35622129076359
B,7,545.7888461549404,-112.57814497744329
B,7,566.7807248532073,-121.25615118950003
B,7,587.7726035514743,-130.0796922573581
B,7,608.7644822497411,-139.2394863683055
B,8,0.0,0.0
B,8,14.001195346051603,-14.001195346051603
B,8,28.002390692103205,-13.669011072387498
B,8,42.00358603815481,-8.06868346069902
B,8,56.00478138420641,-6.927481688955574
B,8,70.00597673025801,-8.24625734424324
B,8,84.00717207630962,-11.870322069520881
B,8,98.00836742236122,-15.60373533782439
B,8,112.00956276841282,-20.11341216946927
B,8,126.01075811446442,-25.569388821295362
B,8,140.01195346051603,-31.124931311883344
B,8,154.01314880656764,-37.835498076546926
B,8,168.01434415261923,-44.079786259275394
B,8,182.01553949867082,-51.153068433451125
B,8,196.01673484472244,-58.417862146929366
B,8,210.01793019077405,-65.89420287886816
B,8,224.01912553682564,-73.53660223035888
B,8,238.02032088287723,-81.47154914782587
B,8,252.02151622892885,-89.21731562438384
B,8,266.02271157498046,-96.8268301430034
B,8,280.02390692103205,-104.78482353748885
B,8,294.02510226708364,-113.06385046069815
B,8,308.0262976131353,-120.99730039197229
B,8,322.0274929591869,-129.2616965348481
B,8,336.02868830523846,-137.5080444060164
B,8,350.02988365129005,-145.51965440295737
B,8,364.03107899734164,-153.91393318635843
B,8,378.0322743433933,-162.2096106127345
B,8,392.03346968944487,-170.5729282025434
B,8,406.03466503549646,-179.04647842502072
B,9,0.0,0.0
B,9,11.421151871705133,-11.421151871705133
B,9,22.842303743410266,-12.939145188561172
B,9,34.2634556151154,-8.969056401945068
B,9,45.68460748682053,-5.544952750093998
B,9,57.10575935852567,-4.3921725716549105
B,9,68.5269112302308,-4.4199160547605345
B,9,79.94806310193593,-4.931423048897628
B,9,91.36921497364106,-6.453566010440866
B,9,102.7903668453462,-8.270833230425211
B,9,114.21151871705133,-10.436281091305418
B,9,125.63267058875647,-12.8227383570091
B,9,137.0538224604616,-15.64993812078572
B,9,148.47497433216674,-18.308924869497304
B,9,159.89612620387186,-21.268749565460297
B,9,171.317278075577,-24.907383540407807
B,9,182.73842994728213,-28.33321715354498
B,9,194.15958181898725,-32.34063768764531
B,9,205.5807336906924,-36.31409557780546
B,9,217.00188556239752,-40.509081952496246
B,9,228.42303743410267,-44.823102106488506
B,9,239.8441893058078,-49.672109052779234
B,9,251.26534117751294,-54.13573874669217
B,9,262.6864930492181,-59.39875546332701
B,9,274.1076449209232,-64.28573371773771
B,9,285.5287967926283,-69.46738539174711
B,9,296.9499486643335,-75.19247230065642
B,9,308.37110053603857,-80.79331975288241
B,9,319.7922524077437,-86.50932407096977
B,9,331.21340427944887,-92.85087171473586
B,10,0.0,0.0
B,10,21.221839613637755,-14.879187906703244
B,10,42.44367922727551,-6.963548498182384
B,10,63.665518840913265,-5.060309440049913
B,10,84.88735845455102,-4.533195379982061
B,10,106.10919806818877,-5.722833036838253
B,10,127.33103768182653,-8.100150786075048
B,10,148.55287729546427,-11.163320645317697
B,10,169.77471690910204,-14.547035883238408
B,10,190.9965565227398,-18.331527155413198
B,10,212.21839613637755,-22.79969297142324
B,10,233.4402357500153,-27.29185822836365
B,10,254.66207536365306,-32.66549026512746
B,10,275.88391497729083,-38.23541147992299
B,10,297.10575459092854,-44.399301841035935
B,10,318.3275942045663,-50.812269529907724
B,10,339.5494338182041,-57.63122962903907
B,10,360.77127343184185,-65.30988751857228
B,10,381.9931130454796,-73.18347699727661
B,10,403.21495265911733,-81.50117735513805
B,10,424.4367922727551,-90.40217772759848
B,10,445.65863188639287,-99.65937521313487
B,10,466.8804715000306,-109.12455275928176
B,10,488.10231111366835,-119.20926749317954
B,10,509.3241507273061,-129.17269392102844
B,10,530.5459903409438,-139.62084885421154
B,10,551.7678299545817,-150.34970971997217
B,10,572.9896695682194,-161.3561345285812
B,10,594.2115091818571,-172.45100306333063
B,10,615.4333487954949,-183.979546099243
B,11,0.0,0.0
B,11,28.585629105203942,-12.303267862202542
B,11,57.171258210407885,-3.439243854509698
B,11,85.75688731561183,-1.1145653122331964
B,11,114.34251642081577,-0.16917669646872469
B,11,142.9281455260197,0.5711706032638233
B,11,171.51377463122367,0.902308003617236
B,11,200.0994037364276,0.9735188783779734
B,11,228.68503284163154,0.8259749592093897
B,11,257.2706619468355,0.4662919042328326
B,11,285.8562910520394,-0.15383724235482532
B,11,314.4419201572434,-1.0401395879469533
B,11,343.02754926244734,-2.128427015680302
B,11,371.61317836765124,-3.320266742473848
B,11,400.1988074728552,-4.917884065947305
B,11,428.7844365780591,-6.584234849333029
B,11,457.3700656832631,-8.729993010225655
B,11,485.95569478846704,-10.957651447902322
B,11,514.541323893671,-13.46206998350101
B,11,543.1269529988749,-16.377597802361834
B,11,571.7125821040788,-19.4699651976249
B,11,600.2982112092828,-22.812941388733066
B,11,628.8838403144867,-26.340143729850865
B,11,657.4694694196907,-30.182924774114895
B,11,686.0550985248947,-34.50362890531687
B,11,714.6407276300986,-38.890129693964354
B,11,743.2263567353025,-43.58783658991638
B,11,771.8119858405064,-48.61710122259069
B,11,800.3976149457104,-53.9762911037061
B,11,828.9832440509143,-59.542395721618504
B,12,0.0,0.0
B,12,29.254450473221866,-12.240099606708576
B,12,58.50890094644373,-3.3761028876418706
B,12,87.7633514196656,-1.223165098984822
B,12,117.01780189288746,-0.47153111944466275
B,12,146.27225236610934,-0.10149430576413465
B,12,175.5267028393312,-0.020661157339276315
B,12,204.78115331255304,-0.2293290506912058
B,12,234.03560378577492,-0.4298729116220841
B,12,263.2900542589968,-1.0683908383753078
B,12,292.5445047322187,-1.7879282024441068
B,12,321.7989552054405,-2.8531240993915503
B,12,351.0534056786624,-4.228483155055642
B,12,380.30785615188427,-5.712656359207301
B,12,409.5623066251061,-7.606160686709757
B,12,438.81675709832797,-9.779694420886358
B,12,468.07120757154985,-12.272442656990961
B,12,497.3256580447717,-14.99348158762973
B,12,526.5801085179936,-18.092897421954717
B,12,555.8345589912154,-21.484915634227605
B,12,585.0890094644374,-25.33452014433078
B,12,614.3434599376592,-29.407134399684992
B,12,643.597910410881,-33.817712249928945
B,12,672.852360884103,-38.46621581880686
B,12,702.1068113573248,-43.46351832006155
B,12,731.3612618305466,-48.78273050347593
B,12,760.6157123037685,-54.338041488542444
B,12,789.8701627769904,-60.20134616817097
B,12,819.1246132502122,-66.24607077188034
B,12,848.3790637234341,-72.73546636049002
B,13,0.0,0.0
B,13,27.838852052493202,-11.443560645668878
B,13,55.677704104986404,-1.7005854679041406
B,13,83.51655615747961,1.8481222964766602
B,13,111.35540820997281,3.699244752364848
B,13,139.194260262466,5.076566440237599
B,13,167.03311231495923,5.8719909441171865
B,13,194.87196436745242,5.934012564589949
B,13,222.71081641994562,5.949681124146565
B,13,250.5496684724388,5.66478863709429
B,13,278.388520524932,4.914319150603717
B,13,306.22737257742523,3.541867662881714
B,13,334.06622462991845,1.9088462515172182
B,13,361.9050766824116,0.031270585112281424
B,13,389.74392873490484,-2.3146103907619135
B,13,417.582780787398,-4.830170810324034
B,13,445.42163283989123,-7.918868662977161
B,13,473.26048489238445,-11.19121228989485
B,13,501.0993369448776,-14.953138797411327
B,13,528.9381889973708,-18.89618768562883
B,13,556.777041049864,-22.985714132600947
B,13,584.6158931023573,-27.79160977327797
B,13,612.4547451548505,-32.646702941003696
B,13,640.2935972073436,-37.847016924849186
B,13,668.1324492598369,-43.24277126734137
B,13,695.9713013123301,-49.07924701931438
B,13,723.8101533648232,-55.02075026615944
B,13,751.6490054173164,-61.3125764771637
B,13,779.4878574698097,-67.73507392827219
B,13,807.3267095223028,-74.45214286561702
B,14,0.0,0.0
B,14,29.00310088156474,-11.650649926086878
B,14,58.00620176312948,-3.1329337574543885
B,14,87.00930264469423,-0.6671708407502877
B,14,116.01240352625896,0.22410370604235652
B,14,145.0155044078237,0.5538746667927228
B,14,174.01860528938846,0.4116032311640083
B,14,203.0217061709532,0.012841707548261638
B,14,232.02480705251793,-0.47428363883278735
B,14,261.0279079340827,-1.4418218301830166
B,14,290.0310088156474,-2.594798723845713
B,14,319.03410969721216,-4.084511911263576
B,14,348.0372105787769,-5.762626976191882
B,14,377.0403114603416,-7.7436392785164685
B,14,406.0434123419064,-10.063005060772696
B,14,435.0465132234711,-12.573535923286158
B,14,464.04961410503586,-15.31458640262781
B,14,493.0527149866006,-18.339276414038295
B,14,522.0558158681654,-21.62255420403926
B,14,551.0589167497301,-25.15498657346609
B,14,580.0620176312948,-28.859206057558026
B,14,609.0651185128596,-32.90576941862196
B,14,638.0682193944243,-37.15964608716877
B,14,667.071320275989,-41.62937478422805
B,14,696.0744211575538,-46.38623562563566
B,14,725.0775220391185,-51.36750344505708
B,14,754.0806229206833,-56.702742921375716
B,14,783.083723802248,-62.2566253839168
B,14,812.0868246838128,-68.03848735735994
B,14,841.0899255653775,-74.11370599939835
B,15,0.0,0.0
B,15,27.514801416801976,-12.860976787665008
B,15,55.02960283360395,-4.26153362017957
B,15,82.54440425040593,-2.8678988805129677
B,15,110.0592056672079,-2.6736661341435024
B,15,137.57400708400988,-2.60385907177519
B,15,165.08880850081187,-2.905175693024148
B,15,192.60360991761382,-3.7360295079160437
B,15,220.1184113344158,-4.8534043467339245
B,15,247.6332127512178,-6.0235765651781605
B,15,275.14801416801976,-7.786512524278066
B,15,302.6628155848217,-9.65483466169195
B,15,330.17761700162373,-11.994241513044926
B,15,357.6924184184257,-14.47286165726888
B,15,385.20721983522765,-17.53998122944472
B,15,412.72202125202966,-20.488493870384843
B,15,440.2368226688316,-23.727600187062933
B,15,467.7516240856336,-27.3017353793054
B,15,495.2664255024356,-31.14463039970667
B,15,522.7812269192375,-35.21773447980735
B,15,550.2960283360395,-39.532646037658026
B,15,577.8108297528415,-44.09217793336518
B,15,605.3256311696434,-48.85298369978739
B,15,632.8404325864454,-53.906417797282074
B,15,660.3552340032475,-59.07400156189078
B,15,687.8700354200494,-64.54368619880927
B,15,715.3848368368514,-70.2425540664508
B,15,742.8996382536534,-76.2388850635516
B,15,770.4144396704553,-82.46246768189133
B,15,797.9292410872573,-88.78203800755625
B,16,0.0,0.0
B,16,30.207605710478905,-8.709583972722406
B,16,60.41521142095781,-0.42004084058089575
B,16,90.62281713143672,1.899899729067485
B,16,120.83042284191562,3.2413485687292365
B,16,151.03802855239454,4.18757317589052
B,16,181.24563426287344,4.654232885304339
B,16,211.45323997335234,4.860538097893993
B,16,241.66084568383124,4.664505317224894
B,16,271.86845139431017,4.153050917900089
B,16,302.0760571047891,3.414834083979997
B,16,332.283662815268,2.1184054491312736
B,16,362.4912685257469,0.6511583533807084
B,16,392.6988742362258,-1.2597275866843916
B,16,422.9064799467047,-3.375167160860201
B,16,453.1140856571836,-5.859058123557361
B,16,483.3216913676625,-8.703987423577018
B,16,513.5292970781414,-11.75412697906205
B,16,543.7369027886203,-15.037261771937324
B,16,573.9445084990992,-18.64841195627571
B,16,604.1521142095781,-22.55520074706419
B,16,634.359719920057,-26.658487959720446
B,16,664.567325630536,-31.131010697823513
B,16,694.7749313410148,-35.792685486017604
B,16,724.9825370514938,-40.708464457861965
B,16,755.1901427619727,-46.006737293390074
B,16,785.3977484724516,-51.535703290387005
B,16,815.6053541829305,-57.34976420682267
B,16,845.8129598934094,-63.35473924481846
B,16,876.0205656038883,-69.7223746951305
B,17,0.0,0.0
B,17,29.991927749201558,-9.305123204048048
B,17,59.983855498403116,-1.152890632748246
B,17,89.97578324760468,1.3699496278708096
B,17,119.96771099680623,2.7760891269680172
B,17,149.95963874600778,3.731725875525342
B,17,179.95156649520936,4.254319602762251
B,17,209.9434942444109,4.646422644855647
B,17,239.93542199361247,4.4231535273787586
B,17,269.92734974281404,4.009080228744892
B,17,299.91927749201557,3.1591200097764727
B,17,329.91120524121715,1.88281148273785
B,17,359.9031329904187,0.4000948519732219
B,17,389.89506073962025,-1.4767701123109305
B,17,419.8869884888218,-3.6445833793501947
B,17,449.87891623802335,-6.265427086641637
B,17,479.87084398722493,-9.138347326523387
B,17,509.8627717364265,-12.503513860680016
B,17,539.8546994856281,-16.068342001529686
B,17,569.8466272348296,-19.98760784194417
B,17,599.8385549840311,-24.215395453253564
B,17,629.8304827332328,-28.652829946669158
B,17,659.8224104824343,-33.337606368908496
B,17,689.8143382316358,-38.382604712649595
B,17,719.8062659808375,-43.72593242640755
B,17,749.798193730039,-49.40014863935676
B,17,779.7901214792405,-55.22783217657127
B,17,809.782049228442,-61.36126061259256
B,17,839.7739769776437,-67.69385844244835
B,17,869.7659047268452,-74.3808540393303
B,18,0.0,0.0
B,18,29.556567724844516,-9.496099906837475
B,18,59.11313544968903,-0.6616971244968752
B,18,88.66970317453355,1.9089828337043429
B,18,118.22627089937806,3.3172433811465254
B,18,147.7828386242226,4.551419203066587
B,18,177.3394063490671,4.848726584324254
B,18,206.89597407391162,5.095339644276805
B,18,236.45254179875613,4.935147051035159
B,18,266.00910952360067,4.471958931943163
B,18,295.5656772484452,3.7388358536870214
B,18,325.1222449732897,2.5198751870765363
B,18,354.6788126981342,0.8720612098721858
B,18,384.2353804229787,-0.928862372220749
B,18,413.79194814782323,-3.248488928319034
B,18,443.34851587266775,-5.832069563674963
B,18,472.90508359751226,-8.763988992598797
B,18,502.4616513223568,-12.002943149573355
B,18,532.0182190472013,-15.559220929703201
B,18,561.5747867720459,-19.442991191749
B,18,591.1313544968904,-23.584394909392245
B,18,620.6879222217349,-28.10628004401019
B,18,650.2444899465794,-32.94473272427615
B,18,679.8010576714239,-38.05948739838345
B,18,709.3576253962684,-43.515635353034895
B,18,738.9141931211129,-49.26264179491386
B,18,768.4707608459574,-55.25314248642417
B,18,798.027328570802,-61.69749455189094
B,18,827.5838962956465,-68.36673563367412
B,18,857.140464020491,-75.19031662978841
B,19,0.0,0.0
B,19,27.974587299721343,-10.255473340592662
B,19,55.949174599442685,-0.9083954604621951
B,19,83.92376189916402,2.192047451597091
B,19,111.89834919888537,3.894780850252886
B,19,139.87293649860672,5.370631633418498
B,19,167.84752379832804,6.154453777149598
B,19,195.8221110980494,6.888770130675738
B,19,223.79669839777074,7.029617624478448
B,19,251.7712856974921,7.009515183388771
B,19,279.74587299721344,6.663677717676364
B,19,307.7204602969348,6.021050472395075
B,19,335.6950475966561,5.084769855098614
B,19,363.66963489637743,3.6387059294700634
B,19,391.6442221960988,1.9259976883819263
B,19,419.61880949582013,-0.15563714359461756
B,19,447.5933967955415,-2.6583925999159987
B,19,475.56798409526283,-5.522337408239082
B,19,503.5425713949842,-8.571982005919892
B,19,531.5171586947055,-12.01735864130535
B,19,559.4917459944269,-15.990868456845305
B,19,587.4663332941482,-20.13546640533491
B,19,615.4409205938696,-24.645434578996287
B,19,643.4155078935909,-29.523311534909908
B,19,671.3900951933122,-34.60053087306767
B,19,699.3646824930336,-40.14308342873812
B,19,727.3392697927549,-46.014713854201204
B,19,755.3138570924763,-52.1208724914037
B,19,783.2884443921976,-58.67797562333135
B,19,811.263031691919,-65.40473799943254
B,20,0.0,0.0
B,20,28.563800326620893,-9.24547821650075
B,20,57.127600653241785,0.013351001760547376
B,20,85.69140097986268,2.712716609106266
B,20,114.25520130648357,4.368921036510386
B,20,142.81900163310445,5.387088705961673
B,20,171.38280195972536,5.82094003661652
B,20,199.94660228634626,6.181584825591614
B,20,228.51040261296714,6.29552785349216
B,20,257.074202939588,5.914060088103611
B,20,285.6380032662089,5.194666024722096
B,20,314.20180359282983,4.1663381655590115
B,20,342.7656039194507,2.5104351364304307
B,20,371.3294042460716,0.3737802784903579
B,20,399.8932045726925,-1.8939961542425294
B,20,428.4570048993134,-4.765753224532546
B,20,457.0208052259343,-7.999227673689575
B,20,485.58460555255516,-11.51117882702664
B,20,514.148405879176,-15.36086548052117
B,20,542.712206205797,-19.533256149360227
B,20,571.2760065324178,-24.047499806932933
B,20,599.8398068590387,-28.962961452262107
B,20,628.4036071856597,-34.23523716053978
B,20,656.9674075122805,-39.974913240328306
B,20,685.5312078389014,-45.927642246338905
B,20,714.0950081655224,-52.13056310413549
B,20,742.6588084921432,-58.68964021526983
B,20,771.2226088187641,-65.5571707733177
B,20,799.786409145385,-72.65686343540051
B,20,828.3502094720059,-80.12002858131939
B,21,0.0,0.0
B,21,19.179407018547412,-12.538646968801434
B,21,38.358814037094824,3.745908979922511
B,21,57.53822105564224,12.489530422319746
B,21,76.71762807418965,18.022847576905633
B,21,95.89703509273706,22.747907222669156
B,21,115.07644211128448,26.295341983557336
B,21,134.2558491298319,28.78799640347421
B,21,153.4352561483793,30.989861506297075
B,21,172.6146631669267,32.44759141768094
B,21,191.7940701854741,33.065373033428216
B,21,210.97347720402152,32.24520954306746
B,21,230.15288422256896,31.61438759863097
B,21,249.33229124111637,29.437292527084878
B,21,268.5116982596638,26.654958973279577
B,21,287.6911052782112,23.273312473380713
B,21,306.8705122967586,19.12700713107887
B,21,326.049919315306,14.515985173586387
B,21,345.2293263338534,9.476787359266098
B,21,364.4087333524008,3.891115822985796
B,21,383.5881403709482,-2.622219244589303
B,21,402.76754738949563,-9.180879375771553
B,21,421.94695440804304,-16.23328938335561
B,21,441.12636142659045,-23.39492936771444
B,21,460.3057684451379,-31.20782793654098
B,21,479.4851754636853,-38.89022181918
B,21,498.66458248223273,-47.06034752740533
B,21,517.8439895007801,-55.2255558344587
B,21,537.0233965193275,-63.61591336908009
B,21,556.202803537875,-72.28014932359355
B,22,0.0,0.0
B,22,19.172143467058536,-13.789655513032763
B,22,38.34428693411707,1.5329708956073915
B,22,57.51643040117561,8.891828713743905
B,22,76.68857386823414,14.071941810250522
B,22,95.86071733529268,16.643438782413313
B,22,115.03286080235122,19.086047758671413
B,22,134.20500426940976,20.592870545901604
B,22,153.3771477364683,22.084254402617006
B,22,172.54929120352682,22.412714496827846
B,22,191.72143467058535,21.550099349112486
B,22,210.89357813764389,20.254183356963267
B,22,230.06572160470245,18.158480551897753
B,22,249.23786507176098,15.733901198282211
B,22,268.4100085388195,13.016285039884508
B,22,287.582152005878,9.605063902556083
B,22,306.7542954729366,5.435161457789775
B,22,325.92643893999514,0.6111636042351734
B,22,345.09858240705364,-4.132143330142696
B,22,364.2707258741122,-9.298467824916429
B,22,383.4428693411707,-14.734805190860754
B,22,402.61501280822927,-20.437310405479536
B,22,421.78715627528777,-26.700481774952834
B,22,440.95929974234633,-33.17490143535372
B,22,460.1314432094049,-39.669129200993325
B,22,479.3035866764634,-46.430473571288815
B,22,498.47573014352196,-53.621069443901206
B,22,517.6478736105805,-60.54466373320855
B,22,536.820017077639,-67.81889912839199
B,22,555.9921605446975,-75.27039228183656
B,23,0.0,0.0
B,23,18.442506223795785,-14.48959581658465
B,23,36.88501244759157,-0.41036683154536746
B,23,55.32751867138735,4.639950614006729
B,23,73.77002489518314,8.131160832978239
B,23,92.21253111897893,10.910062549884856
B,23,110.6550373427747,12.557340383807912
B,23,129.0975435665705,13.84110850492931
B,23,147.54004979036628,13.94976613415011
B,23,165.98255601416207,13.864007542100723
B,23,184.42506223795786,13.677338261613954
B,23,202.86756846175365,12.308152174341842
B,23,221.3100746855494,11.303073408478639
B,23,239.7525809093452,8.742381821031813
B,23,258.195087133141,6.156390076635603
B,23,276.6375933569368,3.3182589373233213
B,23,295.08009958073256,0.2603975849072526
B,23,313.5226058045283,-3.3225647864334746
B,23,331.96511202832414,-7.076686014056463
B,23,350.4076182521199,-11.364683044305366
B,23,368.8501244759157,-15.708009739047498
B,23,387.2926306997115,-20.480435674069668
B,23,405.7351369235073,-25.154403399857358
B,23,424.17764314730306,-30.215885975444166
B,23,442.6201493710988,-35.73636744093807
B,23,461.06265559489464,-41.25314849242994
B,23,479.5051618186904,-46.56027614370811
B,23,497.9476680424862,-52.09161532413685
B,23,516.390174266282,-57.65545068928418
B,23,534.8326804900778,-63.28462204280146
B,24,0.0,0.0
B,24,18.374244578320745,-13.87522047730834
B,24,36.74848915664149,-2.930907794660385
B,24,55.12273373496224,3.731139600168028
B,24,73.49697831328298,6.289380279140289
B,24,91.87122289160372,8.23838201057572
B,24,110.24546746992448,9.98248146599012
B,24,128.61971204824522,10.322943516547184
B,24,146.99395662656596,9.88431072535164
B,24,165.3682012048867,9.826766573065242
B,24,183.74244578320744,9.270407348580704
B,24,202.11669036152819,7.770137532223487
B,24,220.49093493984896,5.979186508398982
B,24,238.8651795181697,3.7694885532851004
B,24,257.23942409649044,1.4886911522812625
B,24,275.61366867481115,-1.2377412843994762
B,24,293.9879132531319,-4.416203406577722
B,24,312.3621578314527,-7.875100204491446
B,24,330.7364024097734,-11.499810239684223
B,24,349.1106469880942,-15.435132454346842
B,24,367.4848915664149,-19.787891536238362
B,24,385.85913614473566,-24.22952113670391
B,24,404.23338072305637,-29.08719903022535
B,24,422.60762530137714,-33.89415604182898
B,24,440.9818698796979,-38.88198412324408
B,24,459.3561144580186,-44.09107189969285
B,24,477.7303590363394,-49.35037434458775
B,24,496.1046036146601,-54.72993135999269
B,24,514.4788481929809,-60.37819088897055
B,24,532.8530927713016,-66.07798716549041
B,25,0.0,0.0
B,25,18.709988318852826,-13.662198531560048
B,25,37.41997663770565,-2.9863043074466162
B,25,56.12996495655848,1.6152205565425248
B,25,74.8399532754113,3.9551668136012097
B,25,93.54994159426413,5.897068775095079
B,25,112.25992991311696,6.93633402322628
B,25,130.96991823196979,7.62539075035059
B,25,149.6799065508226,8.545021623268525
B,25,168.38989486967543,8.642936933178731
B,25,187.09988318852825,8.660667822120217
B,25,205.80987150738108,8.210859658245653
B,25,224.51985982623393,7.521130878439266
B,25,243.22984814508675,6.5311995140353645
B,25,261.93983646393957,5.195888684489091
B,25,280.6498247827924,3.593484601091177
B,25,299.3598131016452,1.5127363197927366
B,25,318.06980142049804,-0.6765965244159133
B,25,336.77978973935086,-2.943126745681184
B,25,355.4897780582037,-5.579261952760305
B,25,374.1997663770565,-8.431749422726966
B,25,392.9097546959093,-11.602774657591624
B,25,411.61974301476215,-15.072025522105264
B,25,430.329731333615,-18.45977864194822
B,25,449.03971965246785,-22.351668233364023
B,25,467.7497079713207,-26.633334970674866
B,25,486.4596962901735,-31.069971112481085
B,25,505.1696846090263,-35.576899846679964
B,25,523.8796729278791,-40.465834917479015
B,25,542.5896612467319,-45.5869686275941
C,1,0.0,0.0
C,1,23.549165439756568,-15.09431616073051
C,1,47.098330879513135,-4.2580901089258205
C,1,70.6474963192697,0.12379287513729764
C,1,94.19666175902627,1.9370970425540293
C,1,117.74582719878283,2.3360702056814517
C,1,141.2949926385394,2.712882798114663
C,1,164.84415807829598,2.5950870674159034
C,1,188.39332351805254,1.6425853001867665
C,1,211.9424889578091,0.5433149323133364
C,1,235.49165439756567,-0.9619195748124127
C,1,259.04081983732226,-2.859311306121583
C,1,282.5899852770788,-4.94509758615709
C,1,306.1391507168354,-6.885153702765081
C,1,329.68831615659195,-9.450511785117612
C,1,353.2374815963485,-11.792076217218664
C,1,376.7866470361051,-14.579225518975818
C,1,400.33581247586164,-17.465342487253224
C,1,423.8849779156182,-20.80709137552202
C,1,447.4341433553748,-23.92225312515569
C,1,470.98330879513134,-27.351484618580855
C,1,494.5324742348879,-30.948276879629645
C,1,518.0816396746445,-34.58098225338989
C,1,541.630805114401,-38.60511583273757
C,1,565.1799705541576,-42.6748058035015
C,1,588.7291359939142,-47.03323304021853
C,1,612.2783014336708,-51.613326057104246
C,1,635.8274668734273,-56.354427377226784
C,1,659.3766323131839,-61.20497615281556
C,1,682.9257977529404,-66.3364552283548
C,2,0.0,0.0
C,2,20.72316623057842,-16.498650836333276
C,2,41.44633246115684,-6.680015055343205
C,2,62.169498691735264,-1.1761354051677912
C,2,82.89266492231368,1.2030736187182924
C,2,103.6158311528921,2.1505608843351496
C,2,124.33899738347053,2.7544027127609922
C,2,145.06216361404896,2.9548947978899207
C,2,165.78532984462737,2.7289857395112165
C,2,186.50849607520578,2.1511739603342335
C,2,207.2316623057842,1.5450525825931436
C,2,227.95482853636264,0.29342844870856766
C,2,248.67799476694105,-0.6648895636017755
C,2,269.40116099751947,-2.064548710593499
C,2,290.1243272280979,-3.298143043226787
C,2,310.8474934586763,-5.009447736806521
C,2,331.57065968925474,-6.727175937339666
C,2,352.2938259198332,-8.403081138417349
C,2,373.01699215041157,-10.314270064951359
C,2,393.74015838099,-12.170716282478509
C,2,414.4633246115684,-14.198977620297171
C,2,435.18649084214684,-16.46127847265501
C,2,455.9096570727253,-18.874124087691996
C,2,476.63282330330367,-21.218022419581985
C,2,497.3559895338821,-23.72873734543606
C,2,518.0791557644606,-26.354736212914702
C,2,538.8023219950389,-29.21584946672982
C,2,559.5254882256173,-32.29279635071225
C,2,580.2486544561958,-35.44397813967771
C,2,600.9718206867742,-38.842793356712036
C,3,0.0,0.0
C,3,17.74534932112684,-15.340876976806287
C,3,35.49069864225368,-8.358134374335634
C,3,53.23604796338053,-1.8155575167551774
C,3,70.98139728450737,1.0458283305094653
C,3,88.7267466056342,3.0640704316591894
C,3,106.47209592676106,4.31642983976792
C,3,124.2174452478879,4.476120333370375
C,3,141.96279456901473,5.2150080391806455
C,3,159.70814389014157,5.507861664393147
C,3,177.4534932112684,5.3549406587802935
C,3,195.19884253239525,4.608806609091943
C,3,212.9441918535221,3.676392858021728
C,3,230.68954117464895,3.105470892394777
C,3,248.4348904957758,1.8959712704779008
C,3,266.1802398169026,0.31152792296109055
C,3,283.92558913802947,-1.119706034881915
C,3,301.67093845915633,-2.6579400293093727
C,3,319.41628778028314,-4.791594517208523
C,3,337.16163710141,-6.890051837731676
C,3,354.9069864225368,-9.164263467795706
C,3,372.6523357436637,-11.47422997310099
C,3,390.3976850647905,-14.07919875423579
C,3,408.14303438591736,-16.543627972307206
C,3,425.8883837070442,-19.634535116392726
C,3,443.63373302817104,-22.514581186707744
C,3,461.3790823492979,-25.54124774243678
C,3,479.1244316704247,-28.796438683902124
C,3,496.8697809915516,-32.21107359362952
C,3,514.6151303126784,-35.656149174470954
C,4,0.0,0.0
C,4,19.19850019542976,-15.820379326562517
C,4,38.39700039085952,-4.912681905791715
C,4,57.595500586289276,1.0613637375895308
C,4,76.79400078171903,3.6450086779424
C,4,95.9925009771488,4.963306694087166
C,4,115.19100117257855,6.315737970977011
C,4,134.38950136800833,6.568638571894212
C,4,153.58800156343807,7.001589954795179
C,4,172.78650175886781,6.790889485798175
C,4,191.9850019542976,6.175694907343967
C,4,211.18350214972736,5.619100067327196
C,4,230.3820023451571,4.537098888043886
C,4,249.58050254058685,3.5983320733421067
C,4,268.77900273601665,2.1217542324683336
C,4,287.9775029314464,0.3006321932627998
C,4,307.17600312687614,-1.6264177738061676
C,4,326.3745033223059,-3.7086947770103507
C,4,345.57300351773563,-6.063453014830259
C,4,364.77150371316543,-8.53188000539376
C,4,383.9700039085952,-11.454627292487828
C,4,403.1685041040249,-14.363448262961697
C,4,422.3670042994547,-17.48544237525931
C,4,441.56550449488446,-20.824991628026567
C,4,460.7640046903142,-24.17863815272824
C,4,479.96250488574395,-27.841377814865837
C,4,499.1610050811737,-31.677102799575948
C,4,518.3595052766035,-35.70475991641098
C,4,537.5580054720333,-39.5271438728584
C,4,556.756505667463,-43.940956459352606
C,5,0.0,0.0
C,5,19.741258263370696,-16.73612740489893
C,5,39.48251652674139,-3.379232422468675
C,5,59.22377479011209,1.7654939777357228
C,5,78.96503305348278,4.598261031657387
C,5,98.70629131685348,6.682961895444592
C,5,118.44754958022418,8.28760703692663
C,5,138.18880784359487,10.121834007748419
C,5,157.93006610696557,11.160291792955064
C,5,177.67132437033627,12.03578450412391
C,5,197.41258263370696,12.366215926051552
C,5,217.15384089707766,12.711934123332298
C,5,236.89509916044835,12.772021385221507
C,5,256.63635742381905,12.367153590464113
C,5,276.37761568718975,11.996665014059602
C,5,296.11887395056044,11.089519566482124
C,5,315.86013221393114,10.246955296028943
C,5,335.60139047730183,8.952002806801715
C,5,355.34264874067253,7.579351885261019
C,5,375.0839070040432,5.986224493104771
C,5,394.8251652674139,3.9171869256438754
C,5,414.5664235307846,1.6848815589195283
C,5,434.3076817941553,-0.6874423460478738
C,5,454.048940057526,-3.490833086151781
C,5,473.7901983208967,-6.363798585707457
C,5,493.5314565842674,-9.59029870287327
C,5,513.2727148476381,-13.063089174569768
C,5,533.0139731110088,-16.693777382673602
C,5,552.7552313743795,-20.65845686059174
C,5,572.4964896377502,-24.820150563498714
C,6,0.0,0.0
C,6,26.614298263467873,-13.125340540528386
C,6,53.228596526935746,-1.4210428770633001
C,6,79.84289479040362,2.0156441461140133
C,6,106.45719305387149,3.8793722188534474
C,6,133.07149131733937,5.232696255670419
C,6,159.68578958080724,5.567042490612181
C,6,186.3000878442751,5.589786514617941
C,6,212.91438610774298,5.465766746188592
C,6,239.52868437121086,4.838553458127308
C,6,266.14298263467873,3.8945294107931545
C,6,292.75728089814663,2.808477191884208
C,6,319.3715791616145,1.2500839935531758
C,6,345.9858774250823,-0.6978754801083937
C,6,372.6001756885502,-2.8362400043234857
C,6,399.2144739520181,-5.2373554254331225
C,6,425.82877221548597,-8.019108890484631
C,6,452.4430704789538,-11.086345912468573
C,6,479.0573687424217,-14.535818123553554
C,6,505.6716670058896,-17.978640033097008
C,6,532.2859652693575,-22.00091483783399
C,6,558.9002635328253,-26.202805021653944
C,6,585.5145617962933,-30.665745235575287
C,6,612.1288600597611,-35.482174004798935
C,6,638.743158323229,-40.19049001680753
C,6,665.3574565866968,-45.359786540131836
C,6,691.9717548501646,-50.84006529654539
C,6,718.5860531136326,-56.32116119297643
C,6,745.2003513771004,-62.08349302248962
C,6,771.8146496405683,-68.14734240738437
C,7,0.0,0.0
C,7,27.10088302548681,-13.675645838155086
C,7,54.20176605097362,-1.4492703472006667
C,7,81.30264907646043,1.4762339582536583
C,7,108.40353210194723,3.4585265343476834
C,7,135.50441512743404,3.7723109588878287
C,7,162.60529815292085,4.187728453438012
C,7,189.70618117840766,4.324322751725873
C,7,216.80706420389447,4.098268461261057
C,7,243.90794722938128,3.8500943907790486
C,7,271.0088302548681,3.1727061677590314
C,7,298.10971328035487,2.0682584975530176
C,7,325.2105963058417,0.7836326518678334
C,7,352.31147933132854,-0.538288070394799
C,7,379.4123623568153,-2.3377109861245344
C,7,406.5132453823021,-4.078422971228747
C,7,433.61412840778894,-6.222601228497467
C,7,460.7150114332758,-8.470870680040946
C,7,487.81589445876256,-11.089556553872683
C,7,514.9167774842493,-13.911906404801584
C,7,542.0176605097362,-17.00502260286021
C,7,569.118543535223,-20.152458000684533
C,7,596.2194265607097,-23.705099427507662
C,7,623.3203095861966,-27.3887144020498
C,7,650.4211926116834,-31.391953281108954
C,7,677.5220756371702,-35.39825841551442
C,7,704.6229586626571,-39.755490900578025
C,7,731.7238416881438,-44.30923528609378
C,7,758.8247247136306,-49.24123416889665
C,7,785.9256077391175,-54.25531301893852
C,8,0.0,0.0
C,8,25.306935906205982,-13.367680620119643
C,8,50.613871812411965,-1.3460046135340704
C,8,75.92080771861795,2.865703127232706
C,8,101.22774362482393,4.742911113611598
C,8,126.53467953102991,5.862796320141129
C,8,151.8416154372359,6.115887562171196
C,8,177.14855134344188,6.086543960381192
C,8,202.45548724964786,5.5327744944123936
C,8,227.76242315585384,4.9960547734495435
C,8,253.06935906205982,3.6930501454850457
C,8,278.3762949682658,2.035364652229589
C,8,303.6832308744718,0.2089884665240902
C,8,328.9901667806778,-2.0789464369124175
C,8,354.29710268688376,-4.527630673062447
C,8,379.60403859308974,-7.377612892490333
C,8,404.9109744992957,-10.528285504596056
C,8,430.2179104055017,-13.773809786323397
C,8,455.5248463117077,-17.26592287851895
C,8,480.83178221791366,-21.28181006739561
C,8,506.13871812411963,-25.48673333567274
C,8,531.4456540303256,-29.972739578452376
C,8,556.7525899365316,-34.885356775108335
C,8,582.0595258427376,-40.11112122846271
C,8,607.3664617489436,-45.594853623540416
C,8,632.6733976551495,-51.400597529278684
C,8,657.9803335613556,-57.31433843755792
C,8,683.2872694675615,-63.59832606979262
C,8,708.5942053737675,-70.07219796690993
C,8,733.9011412799734,-76.96426949685986
C,9,0.0,0.0
C,9,25.767222605239873,-13.872954092247879
C,9,51.534445210479745,-2.1452396862155965
C,9,77.30166781571961,1.5617127668504622
C,9,103.06889042095949,3.2192295240672877
C,9,128.83611302619937,3.976339847387834
C,9,154.60333563143922,4.381003180430412
C,9,180.3705582366791,4.80687891490615
C,9,206.13778084191898,4.539392385590276
C,9,231.90500344715886,3.6947020269624034
C,9,257.67222605239874,2.971733292015017
C,9,283.4394486576386,1.466883041116887
C,9,309.20667126287844,0.055965189445885244
C,9,334.97389386811835,-1.9330226558034838
C,9,360.7411164733582,-3.9269506271343175
C,9,386.5083390785981,-6.425990541556587
C,9,412.27556168383796,-9.236413313200899
C,9,438.0427842890778,-12.063448221067915
C,9,463.8100068943177,-15.382549904350924
C,9,489.5772294995576,-19.0332598762443
C,9,515.3444521047975,-22.759556158125463
C,9,541.1116747100373,-27.022142214296082
C,9,566.8788973152772,-31.237961899762468
C,9,592.6461199205171,-36.0029979524503
C,9,618.4133425257569,-41.0418734785402
C,9,644.1805651309968,-46.19197607101978
C,9,669.9477877362367,-51.67314585093777
C,9,695.7150103414766,-57.42487328133279
C,9,721.4822329467164,-63.35742980197051
C,9,747.2494555519563,-69.49083670677192
C,10,0.0,0.0
C,10,25.555776303149923,-14.96621627890038
C,10,51.111552606299846,-1.5480561356940896
C,10,76.66732890944976,2.526073456219166
C,10,102.22310521259969,4.589594903297581
C,10,127.77888151574962,5.242038763685144
C,10,153.33465781889953,5.074270549570741
C,10,178.89043412204947,4.856996151468394
C,10,204.44621042519938,3.9142033188305163
C,10,230.0019867283493,2.8479668012218724
C,10,255.55776303149923,1.395952546378055
C,10,281.11353933464915,-0.39447607111014804
C,10,306.66931563779906,-2.3019672570717944
C,10,332.22509194094897,-4.752115379856946
C,10,357.78086824409894,-7.770945031386248
C,10,383.33664454724885,-10.740601216279288
C,10,408.89242085039876,-14.034696963127942
C,10,434.4481971535487,-17.606853569725615
C,10,460.0039734566986,-21.528463557046905
C,10,485.55974975984856,-25.69431266119193
C,10,511.11552606299847,-30.13131573355048
C,10,536.6713023661483,-34.97634393275007
C,10,562.2270786692983,-39.92022192769423
C,10,587.7828549724483,-45.211053857072216
C,10,613.3386312755981,-50.781232539016855
C,10,638.8944075787481,-56.7534708942203
C,10,664.4501838818979,-62.71565407359162
C,10,690.0059601850479,-69.04202493091714
C,10,715.5617364881979,-75.47524283318387
C,10,741.1175127913477,-82.27278603175068
C,11,0.0,0.0
C,11,20.929328566434062,-15.560027105154987
C,11,41.858657132868125,-5.614791508081765
C,11,62.78798569930218,-2.502130400682532
C,11,83.71731426573625,-1.586610819567781
C,11,104.64664283217031,-1.2205330839466342
C,11,125.57597139860437,-0.8247741700764806
C,11,146.50529996503843,-0.9452522675452144
C,11,167.4346285314725,-1.312299969700291
C,11,188.36395709790656,-1.6512462593753128
C,11,209.29328566434063,-2.3638200509927856
C,11,230.2226142307747,-3.4191887816168673
C,11,251.15194279720873,-4.426844233056414
C,11,272.0812713636428,-5.723162754307168
C,11,293.01059993007686,-7.439511154315767
C,11,313.93992849651096,-9.168187617347598
C,11,334.869257062945,-11.114064780847343
C,11,355.79858562937903,-13.3801050260833
C,11,376.7279141958131,-15.737757001129125
C,11,397.65724276224717,-18.3742833527715
C,11,418.58657132868126,-21.217254194593295
C,11,439.5158998951153,-24.145382102895894
C,11,460.4452284615494,-27.35421616853756
C,11,481.3745570279834,-30.90662294266707
C,11,502.30388559441747,-34.48421663090909
C,11,523.2332141608515,-38.37698070644103
C,11,544.1625427272857,-42.184354597069785
C,11,565.0918712937197,-46.446809871146684
C,11,586.0211998601537,-50.72182927525614
C,11,606.9505284265878,-55.163291913062494
C,12,0.0,0.0
C,12,20.781092020410757,-16.006414751136507
C,12,41.56218404082151,-6.4532169848725545
C,12,62.343276061232274,-2.464204321390582
C,12,83.12436808164303,-1.447977596810233
C,12,103.90546010205378,-0.9220913476691521
C,12,124.68655212246455,-0.6399664371239737
C,12,145.4676441428753,-0.6770846523247087
C,12,166.24873616328605,-0.7492837105734225
C,12,187.02982818369682,-1.0095985731618669
C,12,207.81092020410756,-1.7011045159559615
C,12,228.59201222451833,-2.1560466421922513
C,12,249.3731042449291,-3.17409902281031
C,12,270.15419626533986,-4.2079386645303885
C,12,290.9352882857506,-5.701801329146349
C,12,311.71638030616134,-7.100693172787771
C,12,332.4974723265721,-9.105219099550766
C,12,353.2785643469829,-11.035037633214642
C,12,374.05965636739364,-13.189282154339537
C,12,394.84074838780435,-15.813745650258397
C,12,415.6218404082151,-18.337980345100505
C,12,436.4029324286259,-21.25399631978587
C,12,457.18402444903666,-24.269863669313168
C,12,477.9651164694474,-27.677442527253845
C,12,498.7462084898582,-31.048813706139924
C,12,519.5273005102689,-34.703146380324426
C,12,540.3083925306797,-38.54800427616095
C,12,561.0894845510904,-42.696633317732335
C,12,581.8705765715011,-47.046454328594905
C,12,602.651668591912,-51.6415278854256
C,13,0.0,0.0
C,13,20.165699875170763,-16.841128629941572
C,13,40.331399750341525,-7.602238287364614
C,13,60.49709962551229,-2.8578799841883296
C,13,80.66279950068305,-1.872097573871386
C,13,100.82849937585381,-1.2947376149614342
C,13,120.99419925102458,-0.9791726715410931
C,13,141.15989912619534,-0.9814771773333462
C,13,161.3255990013661,-1.057930305385952
C,13,181.49129887653686,-1.2731635654890283
C,13,201.65699875170762,-1.7422429393518826
C,13,221.82269862687838,-2.7286609894325125
C,13,241.98839850204917,-3.46923619152966
C,13,262.1540983772199,-4.447997371981955
C,13,282.3197982523907,-5.53884259761162
C,13,302.4854981275614,-7.104935781131701
C,13,322.6511980027322,-8.291641200279855
C,13,342.816897877903,-10.307138476865703
C,13,362.9825977530737,-12.14186856556745
C,13,383.1482976282445,-14.230726425468902
C,13,403.31399750341524,-16.454739028539166
C,13,423.479697378586,-19.115835603231744
C,13,443.64539725375676,-21.794771545307242
C,13,463.81109712892754,-24.57433552344952
C,13,483.97679700409833,-27.57015201695424
C,13,504.14249687926906,-30.87058082919333
C,13,524.3081967544398,-34.22797844333928
C,13,544.4738966296106,-37.89843276691181
C,13,564.6395965047814,-41.698172029485704
C,13,584.8052963799521,-45.664110569451395
C,14,0.0,0.0
C,14,20.44973885575655,-17.37528110369503
C,14,40.8994777115131,-7.812515080268646
C,14,61.34921656726965,-3.399747079010652
C,14,81.7989554230262,-2.029850601383316
C,14,102.24869427878275,-1.5396694922047232
C,14,122.6984331345393,-1.5540155902269532
C,14,143.14817199029585,-1.4590557622984193
C,14,163.5979108460524,-1.473755034909999
C,14,184.04764970180895,-2.049287891828243
C,14,204.4973885575655,-2.8767940947403474
C,14,224.94712741332205,-3.784234321449304
C,14,245.3968662690786,-4.7164283605100366
C,14,265.84660512483515,-6.166995785776578
C,14,286.2963439805917,-7.443626770594051
C,14,306.74608283634825,-9.270900554495654
C,14,327.1958216921048,-11.016849271982437
C,14,347.64556054786135,-13.055736405021605
C,14,368.0952994036179,-15.307589998603191
C,14,388.54503825937445,-17.671538248170805
C,14,408.994777115131,-20.30323570445978
C,14,429.44451597088755,-23.240428930947814
C,14,449.8942548266441,-26.262616789724063
C,14,470.34399368240065,-29.467882496891775
C,14,490.7937325381572,-32.812090099369584
C,14,511.24347139391375,-36.42498494346961
C,14,531.6932102496703,-40.203763840058
C,14,552.1429491054269,-44.112643649333904
C,14,572.5926879611834,-48.22288281140288
C,14,593.04242681694,-52.492374759725635
C,15,0.0,0.0
C,15,21.743763191964305,-16.52300952636755
C,15,43.48752638392861,-5.817518468903103
C,15,65.23128957589292,-1.7717456077599678
C,15,86.97505276785722,-0.5069358385160996
C,15,108.71881595982153,0.6720144501116891
C,15,130.46257915178583,1.028271423341522
C,15,152.20634234375012,1.165792558896925
C,15,173.95010553571444,0.984098771403012
C,15,195.69386872767876,0.9092753068114519
C,15,217.43763191964305,0.43893683653337234
C,15,239.18139511160734,0.07783381086770191
C,15,260.92515830357166,-0.787976776073549
C,15,282.668921495536,-1.7591400420200785
C,15,304.41268468750025,-2.931111474714271
C,15,326.15644787946457,-3.889860081752431
C,15,347.9002110714289,-5.62963538963146
C,15,369.6439742633932,-7.1903075439423105
C,15,391.3877374553575,-9.101191847563939
C,15,413.1315006473218,-11.209752879484427
C,15,434.8752638392861,-13.44894261093674
C,15,456.6190270312504,-15.825574631340828
C,15,478.3627902232147,-18.238980853854798
C,15,500.106553415179,-21.13530216465216
C,15,521.8503166071433,-24.12753365859197
C,15,543.5940797991076,-27.35534883810351
C,15,565.337842991072,-30.80621700154302
C,15,587.0816061830362,-34.45259274707496
C,15,608.8253693750005,-38.35798569326562
C,15,630.5691325669649,-42.32649067254761
C,16,0.0,0.0
C,16,20.345381944672116,-14.79751459411295
C,16,40.69076388934423,-1.6626420090468343
C,16,61.03614583401635,2.473369861266093
C,16,81.38152777868846,4.831754656608126
C,16,101.72690972336058,6.761256694677456
C,16,122.0722916680327,8.369143001848528
C,16,142.41767361270482,9.742898273603743
C,16,162.76305555737693,10.84464741807389
C,16,183.10843750204904,11.690743948774724
C,16,203.45381944672116,12.570336187972828
C,16,223.79920139139327,13.367317833722495
C,16,244.1445833360654,13.649793387149487
C,16,264.4899652807375,13.859085642027537
C,16,284.83534722540963,13.907285513136799
C,16,305.18072917008175,13.920637084369844
C,16,325.52611111475386,13.427435439413728
C,16,345.871493059426,12.916088380728354
C,16,366.2168750040981,12.274104516786167
C,16,386.5622569487702,11.20789259285442
C,16,406.9076388934423,10.126628848030805
C,16,427.2530208381144,8.839489410575084
C,16,447.59840278278654,7.303904848537627
C,16,467.94378472745865,5.621285981934307
C,16,488.2891666721308,3.723990011683668
C,16,508.63454861680293,1.5847996061732488
C,16,528.979930561475,-0.681164054390706
C,16,549.3253125061472,-3.244790766767437
C,16,569.6706944508193,-5.919807264369865
C,16,590.0160763954914,-8.834594924051771
C,17,0.0,0.0
C,17,20.532783522197604,-15.232764388593168
C,17,41.06556704439521,-1.5813137740114769
C,17,61.59835056659281,3.132800513384325
C,17,82.13113408879042,5.770392944278711
C,17,102.66391761098802,7.273691658440484
C,17,123.19670113318563,8.605870017238857
C,17,143.72948465538323,9.626487312221968
C,17,164.26226817758084,10.566075304570887
C,17,184.79505169977844,11.262678405919445
C,17,205.32783522197604,11.906150129646562
C,17,225.86061874417365,12.314166335976182
C,17,246.39340226637125,12.795054991911229
C,17,266.9261857885689,12.720355940889476
C,17,287.45896931076646,12.564560742485696
C,17,307.99175283296404,12.340222699994229
C,17,328.5245363551617,11.842345782497148
C,17,349.0573198773593,11.24524183529195
C,17,369.5901033995569,10.421638076572776
C,17,390.12288692175446,9.388650763782778
C,17,410.6556704439521,8.14981591811113
C,17,431.1884539661497,6.7804478445282825
C,17,451.7212374883473,5.186318427052015
C,17,472.2540210105449,3.442503224772679
C,17,492.7868045327425,1.3150416278507464
C,17,513.3195880549401,-0.9463317044323958
C,17,533.8523715771378,-3.2068966184097007
C,17,554.3851550993353,-5.904443748429117
C,17,574.9179386215329,-8.666844361889616
C,17,595.4507221437306,-11.738365701258317
C,18,0.0,0.0
C,18,19.598868064454116,-15.366497851095138
C,18,39.19773612890823,-3.7094463296860667
C,18,58.79660419336235,1.4596711494254464
C,18,78.39547225781646,3.9330621670878116
C,18,97.99434032227057,5.184187033415299
C,18,117.5932083867247,6.845784316981181
C,18,137.19207645117882,7.805511701346177
C,18,156.79094451563293,8.496732625162991
C,18,176.38981258008704,9.415948952357041
C,18,195.98868064454115,9.806711674799061
C,18,215.58754870899529,10.051010326941082
C,18,235.1864167734494,9.979323785519028
C,18,254.7852848379035,10.114591734540369
C,18,274.38415290235764,9.808373674842073
C,18,293.98302096681175,9.476629233738322
C,18,313.58188903126586,8.752235709562228
C,18,333.18075709571997,7.815605948955863
C,18,352.7796251601741,7.015887570948735
C,18,372.3784932246282,5.7063618946986026
C,18,391.9773612890823,4.394203724419754
C,18,411.57622935353646,2.7207172233109986
C,18,431.17509741799057,0.9844496204473785
C,18,450.7739654824447,-1.1655505536912187
C,18,470.3728335468988,-3.3921399612728464
C,18,489.9717016113529,-5.576123531717826
C,18,509.570569675807,-8.221900977585733
C,18,529.1694377402612,-10.814724725813335
C,18,548.7683058047153,-13.64409734470803
C,18,568.3671738691694,-16.775873044677837
C,19,0.0,0.0
C,19,21.40567047605269,-15.10574127396536
C,19,42.81134095210538,-2.4065725817261807
C,19,64.21701142815807,2.8409927986583483
C,19,85.62268190421076,5.388948283578756
C,19,107.02835238026346,7.045025438447553
C,19,128.43402285631615,7.883402085635453
C,19,149.83969333236882,8.830165632031509
C,19,171.24536380842153,9.560043326517956
C,19,192.65103428447424,9.92867255127311
C,19,214.0567047605269,10.115161265714448
C,19,235.4623752365796,10.50932264954119
C,19,256.8680457126323,10.217252817929591
C,19,278.273716188685,10.14793226317164
C,19,299.67938666473765,9.558805782698983
C,19,321.08505714079035,9.017606966293272
C,19,342.49072761684306,8.253740587794312
C,19,363.89639809289577,7.363156751937538
C,19,385.30206856894847,6.443449267664164
C,19,406.7077390450011,5.017256481280583
C,19,428.1134095210538,3.533661947260896
C,19,449.51907999710653,2.0017288406567104
C,19,470.9247504731592,0.2773862386383712
C,19,492.3304209492119,-1.6040822182193892
C,19,513.7360914252646,-3.5092371586743525
C,19,535.1417619013173,-5.808978669556495
C,19,556.54743237737,-8.054259000330376
C,19,577.9531028534227,-10.711031888929483
C,19,599.3587733294753,-13.525198628557177
C,19,620.764443805528,-16.54682032878361
C,20,0.0,0.0
C,20,23.050924432996897,-14.762190310292821
C,20,46.101848865993794,-2.635360425884329
C,20,69.1527732989907,2.218405189868463
C,20,92.20369773198759,3.7606790385914053
C,20,115.25462216498448,5.45962862171433
C,20,138.3055465979814,6.457751651070595
C,20,161.35647103097827,7.125467149250568
C,20,184.40739546397518,7.881538527620592
C,20,207.45831989697209,8.530978253229534
C,20,230.50924432996896,8.763164930553899
C,20,253.56016876296587,8.923059311465693
C,20,276.6110931959628,8.693072970923367
C,20,299.6620176289597,8.709447766760832
C,20,322.71294206195654,8.323901350394863
C,20,345.76386649495345,7.8650448403486735
C,20,368.81479092795036,7.125546669029916
C,20,391.86571536094726,6.2450652969393445
C,20,414.91663979394417,5.208542175855882
C,20,437.967564226941,3.8938269475158904
C,20,461.01848865993793,2.4046710854115076
C,20,484.06941309293484,0.660083363005981
C,20,507.12033752593175,-1.3823670074698384
C,20,530.1712619589287,-3.4652283473084253
C,20,553.2221863919256,-5.715600812685125
C,20,576.2731108249225,-8.16086576955513
C,20,599.3240352579194,-10.888958521083396
C,20,622.3749596909162,-13.752195639944944
C,20,645.4258841239131,-16.96240316076819
C,20,668.47680855691,-20.213616074525703
C,21,0.0,0.0
C,21,20.15233192562509,-12.87920936282093
C,21,40.30466385125018,0.20224239581119008
C,21,60.456995776875274,6.590709006107517
C,21,80.60932770250037,10.84396087406931
C,21,100.76165962812546,13.951793829790347
C,21,120.91399155375055,17.01409297994823
C,21,141.06632347937563,19.763750478664576
C,21,161.21865540500073,22.37547382468739
C,21,181.37098733062584,25.020795020894695
C,21,201.52331925625091,26.931048200893912
C,21,221.675651181876,28.858205258742174
C,21,241.8279831075011,30.56522075811887
C,21,261.9803150331262,31.88525785590474
C,21,282.13264695875125,33.13244902833986
C,21,302.28497888437636,34.24210272335671
C,21,322.43731081000146,34.94014487260489
C,21,342.58964273562657,35.30362365639138
C,21,362.7419746612517,35.60162484291703
C,21,382.8943065868767,35.46573594981919
C,21,403.04663851250183,35.27153514327949
C,21,423.19897043812693,34.680185990681366
C,21,443.351302363752,34.22613467169111
C,21,463.5036342893771,33.242940520639365
C,21,483.6559662150022,32.22328974909988
C,21,503.8082981406273,30.88246859059808
C,21,523.9606300662524,29.38709310536376
C,21,544.1129619918775,27.549592391686588
C,21,564.2652939175025,25.40673932465461
C,21,584.4176258431277,23.002321464535953
C,22,0.0,0.0
C,22,20.74492560127473,-10.249380166370353
C,22,41.48985120254946,16.473692997855807
C,22,62.23477680382419,33.09574875347947
C,22,82.97970240509892,45.376355648491796
C,22,103.72462800637365,54.77635257792403
C,22,124.46955360764838,61.881803835700566
C,22,145.2144792089231,66.70394255791726
C,22,165.95940481019784,68.66944650518712
C,22,186.70433041147257,68.98663013434015
C,22,207.4492560127473,67.6962268505984
C,22,228.19418161402203,64.69548039015436
C,22,248.93910721529676,59.93366795752837
C,22,269.6840328165715,53.991254363241865
C,22,290.4289584178462,47.74714116062199
C,22,311.1738840191209,40.89652419726684
C,22,331.9188096203957,33.508591620368236
C,22,352.66373522167044,25.51284670686465
C,22,373.40866082294514,17.189235301645965
C,22,394.15358642421984,9.055027111675201
C,22,414.8985120254946,0.46361020703290023
C,22,435.64343762676936,-8.699149326737029
C,22,456.38836322804406,-17.712542995498325
C,22,477.13328882931876,-27.21519573857836
C,22,497.8782144305935,-36.775444613276875
C,22,518.6231400318683,-46.14870208558955
C,22,539.368065633143,-55.803535158816715
C,22,560.1129912344177,-65.83937779727228
C,22,580.8579168356924,-75.99327039909969
C,22,601.6028424369672,-86.0575802479326
C,23,0.0,0.0
C,23,18.585121062653357,-13.183797064712614
C,23,37.170242125306714,2.667955256499404
C,23,55.75536318796007,11.533948775006138
C,23,74.34048425061343,16.700269779768803
C,23,92.92560531326679,20.218918409291618
C,23,111.51072637592014,22.601005116128704
C,23,130.09584743857351,24.941910984427835
C,23,148.68096850122686,25.489746912626998
C,23,167.2660895638802,25.38029169977702
C,23,185.85121062653357,25.222413853927463
C,23,204.43633168918694,23.618543876351907
C,23,223.0214527518403,21.187691144532835
C,23,241.60657381449363,18.32565490191422
C,23,260.19169487714703,14.724554171814532
C,23,278.7768159398004,10.166252801209112
C,23,297.3619370024537,5.083269833780832
C,23,315.94705806510706,-0.07811094778509187
C,23,334.5321791277604,-5.835984083195626
C,23,353.1173001904138,-11.887828361500965
C,23,371.70242125306714,-17.732266851303166
C,23,390.2875423157205,-23.61759752997881
C,23,408.8726633783739,-29.785903487458256
C,23,427.45778444102723,-36.415355926765756
C,23,446.0429055036806,-42.635954619454594
C,23,464.6280265663339,-49.249003101698975
C,23,483.21314762898726,-55.46716192359588
C,23,501.79826869164066,-61.840618019308124
C,23,520.3833897542941,-68.22449504760601
C,23,538.9685108169474,-75.15860865569016
C,24,0.0,0.0
C,24,18.43708743871187,-14.017337898785282
C,24,36.87417487742374,1.458642393126027
C,24,55.31126231613561,9.209680657372957
C,24,73.74834975484748,14.203555592846868
C,24,92.18543719355935,17.22258392523871
C,24,110.62252463227122,19.41629140712564
C,24,129.0596120709831,21.269635688368822
C,24,147.49669950969496,22.349265368485135
C,24,165.93378694840683,22.578879088561393
C,24,184.3708743871187,22.462071079849892
C,24,202.80796182583057,21.513377161067808
C,24,221.24504926454244,19.783308301857033
C,24,239.68213670325432,17.630976448420057
C,24,258.1192241419662,14.28861654433257
C,24,276.5563115806781,11.093598809512457
C,24,294.9933990193899,7.019226228575178
C,24,313.43048645810177,2.8244783456128744
C,24,331.86757389681367,-1.9188066327997717
C,24,350.30466133552557,-7.284131173800574
C,24,368.7417487742374,-12.647782673575875
C,24,387.17883621294925,-18.557121916206256
C,24,405.61592365166115,-24.528019071303504
C,24,424.05301109037305,-30.513257102172872
C,24,442.4900985290849,-36.746819870929016
C,24,460.92718596779673,-42.871936463320594
C,24,479.36427340650863,-49.52611486019549
C,24,497.80136084522053,-56.08430081674874
C,24,516.2384482839324,-62.582739855111356
C,24,534.6755357226442,-69.42239442937478
C,25,0.0,0.0
C,25,20.553860555499863,-13.628581902601308
C,25,41.10772111099973,-1.5691989769331798
C,25,61.661581666499586,2.4386258053239374
C,25,82.21544222199945,4.50489032010266
C,25,102.76930277749932,6.332370509419846
C,25,123.32316333299917,7.58602274749984
C,25,143.87702388849905,8.388275921083732
C,25,164.4308844439989,9.04965847511582
C,25,184.98474499949876,9.193981260931139
C,25,205.53860555499864,9.34041535126974
C,25,226.0924661104985,9.071087667470522
C,25,246.64632666599834,8.45083967242968
C,25,267.2001872214982,7.920030117302986
C,25,287.7540477769981,6.574995349033088
C,25,308.30790833249796,5.134153511068803
C,25,328.8617688879978,3.4558706644627932
C,25,349.41562944349766,1.7334543373466431
C,25,369.9694899989975,-0.17098264965738963
C,25,390.5233505544974,-2.513972214567218
C,25,411.0772111099973,-5.041080718080366
C,25,431.63107166549713,-7.576544230248828
C,25,452.184932220997,-10.472072780525991
C,25,472.73879277649684,-13.606758849124219
C,25,493.2926533319967,-16.663051839465197
C,25,513.8465138874966,-20.024538059640975
C,25,534.4003744429964,-23.642338863891723
C,25,554.9542349984963,-27.56433407347049
C,25,575.5080955539962,-31.541300981336917
C,25,596.061956109496,-35.78890383574833
D,1,0.0,0.0
D,1,26.74447449641187,-15.591087925605073
D,1,53.48894899282374,-4.438863629276717
D,1,80.2334234892356,-1.479017333319561
D,1,106.97789798564747,0.03461057373161225
D,1,133.72237248205934,0.23028070651227495
D,1,160.4668469784712,0.4937580350062092
D,1,187.21132147488308,-0.18987584764275311
D,1,213.95579597129495,-0.36198392714149463
D,1,240.70027046770682,-1.3448268361465523
D,1,267.4447449641187,-2.18871382486185
D,1,294.1892194605306,-3.361165539432079
D,1,320.9336939569424,-4.789420256342964
D,1,347.67816845335426,-6.314440470532986
D,1,374.42264294976616,-8.069139542018263
D,1,401.16711744617805,-10.129054418806959
D,1,427.9115919425899,-12.293284021858938
D,1,454.65606643900173,-14.281823504330646
D,1,481.40054093541363,-16.868516462228627
D,1,508.1450154318255,-19.38387544866714
D,1,534.8894899282374,-22.2224866984335
D,1,561.6339644246492,-25.107567063608826
D,1,588.3784389210612,-28.346590858771947
D,1,615.122913417473,-31.771976414480264
D,1,641.8673879138848,-35.489523113996256
D,1,668.6118624102967,-39.1867511273864
D,1,695.3563369067085,-43.35276399335032
D,1,722.1008114031205,-47.70036075118958
D,1,748.8452858995323,-52.274086442351404
D,1,775.5897603959442,-57.16106780583141
D,2,0.0,0.0
D,2,26.555185804458272,-14.901029525352644
D,2,53.110371608916545,-5.266321904396584
D,2,79.66555741337481,-1.8960113762797732
D,2,106.22074321783309,-1.1243070922688787
D,2,132.77592902229136,-0.39138967776673894
D,2,159.33111482674963,-0.5433985100937093
D,2,185.88630063120792,-0.7972715106450323
D,2,212.44148643566618,-1.5406007082849555
D,2,238.99667224012444,-2.415129419915843
D,2,265.55185804458273,-3.2843925604735205
D,2,292.107043849041,-4.594485518393071
D,2,318.66222965349925,-6.1338392292934145
D,2,345.21741545795754,-7.72259796063247
D,2,371.77260126241583,-9.489968646739214
D,2,398.32778706687407,-11.353466859125206
D,2,424.88297287133236,-13.337042489533587
D,2,451.43815867579065,-15.660733113098843
D,2,477.9933444802489,-18.055531489130317
D,2,504.54853028470717,-20.592922438222672
D,2,531.1037160891655,-23.313015183423545
D,2,557.6589018936237,-26.3868259965966
D,2,584.214087698082,-29.36253152466645
D,2,610.7692735025403,-32.668137641390445
D,2,637.3244593069985,-36.170985416986014
D,2,663.8796451114569,-39.84921552785397
D,2,690.4348309159151,-43.79050733414044
D,2,716.9900167203733,-48.01832062234985
D,2,743.5452025248317,-52.431182666722066
D,2,770.1003883292899,-57.18840687605541
D,3,0.0,0.0
D,3,27.326305728091143,-13.842002206240668
D,3,54.652611456182285,-2.237701293067957
D,3,81.97891718427343,1.1289284301207232
D,3,109.30522291236457,2.837158636439767
D,3,136.6315286404557,3.5147943168386178
D,3,163.95783436854686,3.6865483970999264
D,3,191.284140096638,3.496395218962732
D,3,218.61044582472914,2.8271436383539594
D,3,245.93675155282028,2.1223256815420655
D,3,273.2630572809114,1.0292947772421712
D,3,300.58936300900257,-0.10761305502319374
D,3,327.9156687370937,-1.758603272805658
D,3,355.24197446518485,-3.4479345238964356
D,3,382.568280193276,-5.15954348181134
D,3,409.89458592136714,-7.300395023944816
D,3,437.2208916494583,-9.65185813767306
D,3,464.5471973775494,-12.030408828302825
D,3,491.87350310564057,-14.687498202128438
D,3,519.1998088337317,-17.752126092496155
D,3,546.5261145618229,-20.61459614199498
D,3,573.852420289914,-23.97410312844829
D,3,601.1787260180051,-27.255981715345342
D,3,628.5050317460963,-30.94354324386586
D,3,655.8313374741874,-34.56432457036476
D,3,683.1576432022786,-38.50132593664864
D,3,710.4839489303697,-42.82017144421138
D,3,737.8102546584608,-46.92184911935567
D,3,765.136560386552,-51.375205283397804
D,3,792.4628661146431,-56.16099665301283
D,4,0.0,0.0
D,4,27.158584794432887,-14.521018937464975
D,4,54.317169588865774,-2.054513000679563
D,4,81.47575438329866,1.4625657028713022
D,4,108.63433917773155,3.4666681226830747
D,4,135.79292397216443,5.098274833320801
D,4,162.95150876659733,5.643461410108586
D,4,190.1100935610302,6.000752664898641
D,4,217.2686783554631,5.8284498473200586
D,4,244.427263149896,5.285712212217334
D,4,271.58584794432886,4.8711756737225755
D,4,298.74443273876176,4.550928490166996
D,4,325.90301753319466,3.734044549161922
D,4,353.06160232762755,3.015078448470092
D,4,380.2201871220604,1.6548698755319151
D,4,407.3787719164933,0.3494080135295121
D,4,434.5373567109262,-0.9386506294829928
D,4,461.6959415053591,-2.306677101386242
D,4,488.854526299792,-3.9493431009562983
D,4,516.0131110942249,-5.899391798171848
D,4,543.1716958886577,-7.876048724292673
D,4,570.3302806830907,-10.035059177916537
D,4,597.4888654775235,-12.479863373033936
D,4,624.6474502719564,-14.969395433758564
D,4,651.8060350663893,-17.83258374275931
D,4,678.9646198608222,-20.901896688386273
D,4,706.1232046552551,-24.21818963755868
D,4,733.281789449688,-27.66730759636664
D,4,760.4403742441208,-31.5252125695539
D,4,787.5989590385537,-35.53816124551122
D,5,0.0,0.0
D,5,8.495852561274678,-8.495852561274678
D,5,16.991705122549355,-16.991705122549355
D,5,25.487557683824033,-20.597232175719626
D,5,33.98341024509871,-14.422108212681078
D,5,42.479262806373384,-10.040513180200499
D,5,50.975115367648066,-7.50895148765845
D,5,59.47096792892275,-7.486094706037235
D,5,67.96682049019742,-8.27279019647979
D,5,76.4626730514721,-9.054187834170548
D,5,84.95852561274677,-9.67292136248959
D,5,93.45437817402146,-12.949460008211815
D,5,101.95023073529613,-15.431540505711595
D,5,110.4460832965708,-15.745337044462332
D,5,118.9419358578455,-17.180853964673773
D,5,127.43778841912017,-19.075413789217535
D,5,135.93364098039484,-22.608854283523755
D,5,144.42949354166953,-24.441991224634805
D,5,152.9253461029442,-26.153619907606853
D,5,161.42119866421888,-28.749993380783536
D,5,169.91705122549354,-32.98793699857012
D,5,178.41290378676823,-36.256600299873725
D,5,186.9087563480429,-38.65847605952513
D,5,195.40460890931757,-42.860940018452794
D,5,203.90046147059226,-46.571765739809535
D,5,212.39631403186695,-49.61383892677455
D,5,220.8921665931416,-52.3354791335295
D,5,229.3880191544163,-55.45460165608435
D,5,237.883871715691,-59.33675466877878
D,5,246.37972427696565,-63.46586006288243
D,6,0.0,0.0
D,6,29.35085974196314,-10.839714027990645
D,6,58.70171948392628,-1.6384211782341325
D,6,88.05257922588942,0.4855877985321513
D,6,117.40343896785257,1.630957881826589
D,6,146.7542987098157,2.1593198166990817
D,6,176.10515845177883,2.6317694364906856
D,6,205.45601819374198,2.6784356976043
D,6,234.80687793570513,2.4287513428079706
D,6,264.15773767766825,1.8650893778953446
D,6,293.5085974196314,1.576434053766775
D,6,322.85945716159455,0.6855336455922156
D,6,352.21031690355767,-0.27743203506958025
D,6,381.56117664552085,-1.5687035191175482
D,6,410.91203638748397,-3.0437500661064973
D,6,440.26289612944714,-4.554195114620825
D,6,469.61375587141026,-6.408252752307305
D,6,498.9646156133734,-8.542457044287119
D,6,528.3154753553365,-10.911522949541677
D,6,557.6663350972997,-13.4093825695561
D,6,587.0171948392629,-16.299499521563007
D,6,616.3680545812259,-19.38292660277216
D,6,645.7189143231891,-22.64264687126081
D,6,675.0697740651523,-26.320012164582863
D,6,704.4206338071153,-30.2354125197611
D,6,733.7714935490785,-34.42802824489536
D,6,763.1223532910417,-38.99148146331038
D,6,792.4732130330049,-43.82435661928855
D,6,821.8240727749679,-48.947984982320236
D,6,851.1749325169311,-54.383731334368576
D,7,0.0,0.0
D,7,29.1718420930293,-10.863667325456959
D,7,58.3436841860586,-1.6293126033341778
D,7,87.51552627908791,0.4948749647168995
D,7,116.6873683721172,1.4222074649405272
D,7,145.8592104651465,2.310586680828095
D,7,175.03105255817582,2.5520462049341575
D,7,204.2028946512051,2.7092273249214713
D,7,233.3747367442344,2.659893162744737
D,7,262.5465788372637,2.2326813354707724
D,7,291.718420930293,1.6389142569865953
D,7,320.8902630233223,0.6873636855754626
D,7,350.06210511635163,-0.3503933169847073
D,7,379.2339472093809,-1.7443453645533396
D,7,408.4057893024102,-3.149066165182603
D,7,437.57763139543954,-4.9108207134060535
D,7,466.7494734884688,-6.882454815646952
D,7,495.9213155814981,-9.07166489650075
D,7,525.0931576745274,-11.492297001800466
D,7,554.2649997675567,-14.137355081623468
D,7,583.436841860586,-16.873358739122068
D,7,612.6086839536154,-20.078594817946055
D,7,641.7805260466446,-23.50738991042749
D,7,670.9523681396739,-27.118132589275547
D,7,700.1242102327033,-30.955991095235504
D,7,729.2960523257325,-35.1718388799211
D,7,758.4678944187618,-39.67216789964971
D,7,787.6397365117912,-44.491637009969395
D,7,816.8115786048204,-49.63683668385909
D,7,845.9834206978497,-55.0206871405112
D,8,0.0,0.0
D,8,29.877019601665037,-10.334455136811034
D,8,59.75403920333007,-1.7663541783428087
D,8,89.6310588049951,0.36220736784441954
D,8,119.50807840666015,1.351112821545314
D,8,149.38509800832517,2.2096601710302934
D,8,179.2621176099902,2.34143938668592
D,8,209.13913721165525,2.144376334626827
D,8,239.0161568133203,1.7869925367516544
D,8,268.8931764149853,1.247721791790866
D,8,298.77019601665035,0.21130798241125603
D,8,328.6472156183154,-0.9874656617946016
D,8,358.5242352199804,-2.512319392261986
D,8,388.40125482164547,-4.373984314578593
D,8,418.2782744233105,-6.418839099261618
D,8,448.15529402497555,-8.652257497594121
D,8,478.0323136266406,-11.35465157438233
D,8,507.9093332283056,-14.219135987789343
D,8,537.7863528299706,-17.44152753448725
D,8,567.6633724316357,-20.81799005286814
D,8,597.5403920333007,-24.604778960777367
D,8,627.4174116349658,-28.62389441108553
D,8,657.2944312366308,-32.85143013258664
D,8,687.1714508382959,-37.46580949264455
D,8,717.0484704399609,-42.360164952389596
D,8,746.925490041626,-47.51438462721126
D,8,776.8025096432909,-52.9677302191883
D,8,806.679529244956,-58.788983100645055
D,8,836.556548846621,-64.80573414837045
D,8,866.4335684482861,-71.18692625565564
D,9,0.0,0.0
D,9,29.04451803158068,-10.495150548544334
D,9,58.08903606316136,-1.9511754632259724
D,9,87.13355409474204,0.026823983125368045
D,9,116.17807212632272,1.0549546831478978
D,9,145.2225901579034,1.6163755441522767
D,9,174.26710818948408,1.7859190216257161
D,9,203.31162622106476,1.7506051687267075
D,9,232.35614425264544,1.3005366599637114
D,9,261.4006622842261,0.6414437767577965
D,9,290.4451803158068,-0.3221441977052564
D,9,319.4896983473875,-1.5528784927277002
D,9,348.53421637896815,-2.9983105239002725
D,9,377.5787344105488,-4.75808075716418
D,9,406.6232524421295,-6.8263258137242815
D,9,435.6677704737102,-9.072262519558535
D,9,464.71228850529087,-11.62998874002227
D,9,493.7568065368715,-14.423229097928413
D,9,522.8013245684522,-17.49456257933292
D,9,551.8458426000329,-20.89331401938216
D,9,580.8903606316136,-24.54519898917988
D,9,609.9348786631942,-28.498739286317118
D,9,638.979396694775,-32.80828681394212
D,9,668.0239147263557,-37.27413809925065
D,9,697.0684327579363,-42.16513997877655
D,9,726.112950789517,-47.27297792805314
D,9,755.1574688210976,-52.674836432478855
D,9,784.2019868526784,-58.25407706104568
D,9,813.246504884259,-64.28032067800632
D,9,842.2910229158397,-70.57823874566577
D,10,0.0,0.0
D,10,29.80152274973897,-10.695168968209138
D,10,59.60304549947794,-0.985175035731487
D,10,89.40456824921691,1.1419033872777362
D,10,119.20609099895589,2.5172962507604524
D,10,149.00761374869487,3.2965691315499157
D,10,178.80913649843382,3.8655340678715504
D,10,208.6106592481728,4.0634531388458015
D,10,238.41218199791177,4.043774069774997
D,10,268.21370474765075,3.836702494966005
D,10,298.01522749738973,3.338736817273002
D,10,327.8167502471287,2.550446805478998
D,10,357.61827299686763,1.4984419283895818
D,10,387.4197957466066,0.178585614821543
D,10,417.2213184963456,-1.2785188952466342
D,10,447.02284124608457,-3.1600570662208156
D,10,476.82436399582355,-5.2027419882865615
D,10,506.6258867455625,-7.58657700910328
D,10,536.4274094953015,-10.281859558073279
D,10,566.2289322450405,-13.236230468354961
D,10,596.0304549947795,-16.503965516607536
D,10,625.8319777445184,-20.09690954102996
D,10,655.6335004942574,-24.038008391846915
D,10,685.4350232439964,-28.247005973021942
D,10,715.2365459937353,-32.79421479237078
D,10,745.0380687434742,-37.5748189273188
D,10,774.8395914932132,-42.63752899199176
D,10,804.6411142429522,-48.09914602526544
D,10,834.4426369926912,-53.86062642554543
D,10,864.2441597424302,-59.828318240780845
D,11,0.0,0.0
D,11,22.77260473336226,-14.282302533765042
D,11,45.54520946672452,-2.7947603331644615
D,11,68.31781420008679,0.18582487679437065
D,11,91.09041893344904,2.1149002548767584
D,11,113.8630236668113,3.5960446484928923
D,11,136.63562840017357,4.519741807125882
D,11,159.40823313353582,5.334261801264603
D,11,182.1808378668981,5.886542767247391
D,11,204.95344260026036,6.336275482546029
D,11,227.7260473336226,6.461667511862146
D,11,250.49865206698487,6.439271676913478
D,11,273.27125680034715,6.229525998006409
D,11,296.0438615337094,5.766976339046494
D,11,318.81646626707163,5.001478051317918
D,11,341.58907100043393,4.122995841490422
D,11,364.3616757337962,2.9300142443218533
D,11,387.1342804671584,1.6078452772130731
D,11,409.9068852005207,0.0038733092976031003
D,11,432.67948993388296,-1.8431503251407548
D,11,455.4520946672452,-3.917527036791455
D,11,478.2246994006075,-6.109436075763881
D,11,500.99730413396975,-8.49537157993359
D,11,523.769908867332,-11.110772740272978
D,11,546.5425136006943,-14.091570571869397
D,11,569.3151183340565,-17.200834720738158
D,11,592.0877230674188,-20.486679323944827
D,11,614.8603278007811,-24.045093300054305
D,11,637.6329325341433,-27.84085310424598
D,11,660.4055372675056,-31.85628384467236
D,12,0.0,0.0
D,12,22.460664019052395,-14.211121651844827
D,12,44.92132803810479,-3.9162336089804484
D,12,67.38199205715719,-1.1341491429390658
D,12,89.84265607620958,0.12647992136962216
D,12,112.30332009526197,0.835845354306727
D,12,134.76398411431438,1.4713584748559754
D,12,157.22464813336677,1.7629013604229442
D,12,179.68531215241916,1.7496334432825904
D,12,202.14597617147155,1.551200314683797
D,12,224.60664019052393,1.326573776337085
D,12,247.06730420957635,0.948727536319069
D,12,269.52796822862877,0.11579434459827098
D,12,291.98863224768115,-0.7498906792387743
D,12,314.44929626673354,-1.7249812979956687
D,12,336.9099602857859,-3.0587817709668457
D,12,359.3706243048383,-4.418950916778499
D,12,381.8312883238907,-6.2381115180856455
D,12,404.2919523429431,-7.999387688112449
D,12,426.7526163619955,-10.138598023993666
D,12,449.21328038104787,-12.40729393126162
D,12,471.6739444001003,-15.033083055454199
D,12,494.1346084191527,-17.818230720976374
D,12,516.595272438205,-20.81445965345705
D,12,539.0559364572575,-24.03112063257049
D,12,561.5166004763099,-27.365826992074403
D,12,583.9772644953623,-31.09223777807381
D,12,606.4379285144147,-34.9233079871384
D,12,628.8985925334671,-39.05642171630802
D,12,651.3592565525195,-43.26858548567236
D,13,0.0,0.0
D,13,23.501156695689875,-12.777989650029872
D,13,47.00231339137975,-2.5302484785267225
D,13,70.50347008706963,0.056091719553222674
D,13,94.0046267827595,1.8663237968139725
D,13,117.50578347844937,3.0799263953933576
D,13,141.00694017413926,4.023426121560021
D,13,164.50809686982913,4.590350464388678
D,13,188.009253565519,4.892544115845027
D,13,211.51041026120888,5.144745576254337
D,13,235.01156695689875,4.873346745831071
D,13,258.51272365258865,4.592416486903687
D,13,282.0138803482785,4.035519678472042
D,13,305.5150370439684,3.1863827130576396
D,13,329.01619373965826,2.1127044005879725
D,13,352.51735043534813,0.9092993040998181
D,13,376.018507131038,-0.7008522346616246
D,13,399.5196638267279,-2.3910493498777896
D,13,423.02082052241775,-4.3947026510193155
D,13,446.5219772181076,-6.612988863572582
D,13,470.0231339137975,-9.035580839058753
D,13,493.52429060948737,-11.7640073127871
D,13,517.0254473051773,-14.69978358245163
D,13,540.5266040008671,-17.91083576835001
D,13,564.027760696557,-21.49343615967439
D,13,587.5289173922469,-25.118597656876318
D,13,611.0300740879368,-29.1028563124288
D,13,634.5312307836266,-33.27989817434093
D,13,658.0323874793165,-37.69802346234712
D,13,681.5335441750063,-42.37081918896456
D,14,0.0,0.0
D,14,21.317646546871483,-14.55440936671053
D,14,42.635293093742966,-3.9461843526600617
D,14,63.952939640614446,-0.8779978127927777
D,14,85.27058618748593,0.5544626667988268
D,14,106.58823273435742,1.4314750887980523
D,14,127.90587928122889,2.3773938785938924
D,14,149.22352582810038,2.8304974056290746
D,14,170.54117237497186,3.071800911575025
D,14,191.85881892184335,3.224116149393865
D,14,213.17646546871484,3.0478279908360832
D,14,234.49411201558632,2.752761508079317
D,14,255.81175856245778,2.221269235126897
D,14,277.1294051093293,1.3647132336186019
D,14,298.44705165620076,0.4311471427923834
D,14,319.76469820307227,-0.8101914615891701
D,14,341.08234474994373,-2.1812246253476246
D,14,362.3999912968152,-3.754127509155296
D,14,383.7176378436867,-5.628670346712681
D,14,405.03528439055816,-7.620966080089488
D,14,426.3529309374297,-9.820643351987997
D,14,447.67057748430113,-12.264381985692864
D,14,468.98822403117265,-14.846489531178861
D,14,490.3058705780441,-17.672308161967635
D,14,511.62351712491557,-20.747498462710382
D,14,532.9411636717871,-24.065905260583065
D,14,554.2588102186586,-27.62754932489338
D,14,575.57645676553,-31.478189157110023
D,14,596.8941033124015,-35.42039428341843
D,14,618.211749859273,-39.62763054983941
D,15,0.0,0.0
D,15,22.63684353370291,-13.906191428016452
D,15,45.27368706740582,-4.489573498713554
D,15,67.91053060110872,-2.071793888674634
D,15,90.54737413481163,-0.7124134504293238
D,15,113.18421766851455,0.017122293080063855
D,15,135.82106120221744,0.43688206648999994
D,15,158.45790473592035,0.5980020957408385
D,15,181.09474826962327,0.5734747708412442
D,15,203.73159180332618,0.4119714659495344
D,15,226.3684353370291,0.013364508653467055
D,15,249.00527887073198,-0.40531471113635575
D,15,271.6421224044349,-1.2583897948930485
D,15,294.2789659381378,-2.2077208726394133
D,15,316.9158094718407,-3.442503583893597
D,15,339.5526530055436,-4.817043841748728
D,15,362.18949653924653,-6.465719280052156
D,15,384.82634007294945,-8.328554625139532
D,15,407.46318360665236,-10.579572098422432
D,15,430.1000271403553,-12.870694831612866
D,15,452.7368706740582,-15.492181317433392
D,15,475.37371420776105,-18.42195554703528
D,15,498.01055774146397,-21.364454724401412
D,15,520.6474012751669,-24.64268469655326
D,15,543.2842448088697,-28.07024728736735
D,15,565.9210883425727,-31.832905291294082
D,15,588.5579318762756,-35.810264668830314
D,15,611.1947754099785,-40.00455984288715
D,15,633.8316189436814,-44.464100182905895
D,15,656.4684624773844,-49.026922374933065
D,16,0.0,0.0
D,16,19.577690871476907,-14.06641422490835
D,16,39.155381742953814,-1.321762114243441
D,16,58.733072614430725,3.7263741866485205
D,16,78.31076348590763,6.231663394557259
D,16,97.88845435738453,8.658934818914474
D,16,117.46614522886145,9.696934712446563
D,16,137.04383610033835,11.511652153843556
D,16,156.62152697181526,12.446484829437225
D,16,176.19921784329216,12.853437481826546
D,16,195.77690871476906,12.87514119680759
D,16,215.35459958624597,12.490202354197294
D,16,234.9322904577229,11.616504434622271
D,16,254.5099813291998,10.579704092323851
D,16,274.0876722006767,9.04997503820158
D,16,293.6653630721536,7.075035196477245
D,16,313.2430539436305,4.994400230856343
D,16,332.82074481510745,2.241533138900081
D,16,352.3984356865843,-0.7844926360994577
D,16,371.97612655806125,-4.235185667708379
D,16,391.5538174295381,-7.920860951231816
D,16,411.13150830101506,-12.260594953262341
D,16,430.70919917249194,-16.95489956794188
D,16,450.28689004396887,-21.97124323177769
D,16,469.8645809154458,-27.18134037267282
D,16,489.4422717869227,-32.8661802439122
D,16,509.0199626583996,-38.58197547978784
D,16,528.5976535298765,-44.826136846009206
D,16,548.1753444013534,-51.19881859191685
D,16,567.7530352728303,-58.00463345075633
D,17,0.0,0.0
D,17,18.547774487561878,-14.93834549301556
D,17,37.095548975123755,-3.6230814931205586
D,17,55.64332346268563,2.9585102367357976
D,17,74.19109795024751,6.453594691007467
D,17,92.73887243780939,8.518317053458745
D,17,111.28664692537126,9.93859305379155
D,17,129.83442141293315,11.025828431871929
D,17,148.38219590049502,11.234573660046664
D,17,166.9299703880569,11.683891644388723
D,17,185.47774487561878,10.869884372138415
D,17,204.02551936318065,9.492875738390751
D,17,222.57329385074252,7.848537108812195
D,17,241.1210683383044,6.081342740734215
D,17,259.6688428258663,3.7106740010119097
D,17,278.2166173134282,1.2240607176997287
D,17,296.76439180099004,-1.4301566057342825
D,17,315.3121662885519,-4.511195879346872
D,17,333.8599407761138,-7.498891918195284
D,17,352.4077152636757,-11.0465525023302
D,17,370.95548975123756,-14.523691205828356
D,17,389.50326423879943,-18.159848502566604
D,17,408.0510387263613,-21.956845481253993
D,17,426.59881321392317,-26.137586769138295
D,17,445.14658770148503,-30.52703135760123
D,17,463.69436218904696,-35.28691806954589
D,17,482.2421366766088,-40.03184193355179
D,17,500.7899111641707,-45.31486644264129
D,17,519.3376856517326,-50.71758072612886
D,17,537.8854601392944,-56.58735574290773
D,18,0.0,0.0
D,18,18.985665057554662,-13.126561618276828
D,18,37.971330115109325,0.22535111856183931
D,18,56.95699517266399,6.931416695494924
D,18,75.94266023021865,10.961887893999887
D,18,94.9283252877733,14.513077238106717
D,18,113.91399034532797,16.837255804964443
D,18,132.89965540288264,18.20388469097435
D,18,151.8853204604373,18.603515356057216
D,18,170.87098551799195,19.04894006366922
D,18,189.8566505755466,17.740901175437017
D,18,208.8423156331013,16.264713006289384
D,18,227.82798069065595,14.635566991401703
D,18,246.8136457482106,12.235599021283349
D,18,265.7993108057653,9.497508761242727
D,18,284.7849758633199,6.006052460914987
D,18,303.7706409208746,2.1003734929831808
D,18,322.7563059784293,-2.0165464705037266
D,18,341.7419710359839,-6.270562493340094
D,18,360.7276360935386,-10.629658310680554
D,18,379.7133011510932,-15.495671698593469
D,18,398.6989662086479,-20.258028208265557
D,18,417.6846312662026,-25.52717395620516
D,18,436.6702963237572,-31.073887189296045
D,18,455.6559613813119,-36.65836929327537
D,18,474.6416264388666,-42.074689517972445
D,18,493.6272914964212,-48.27761376499063
D,18,512.6129565539759,-54.537472884798774
D,18,531.5986216115306,-61.02834820843964
D,18,550.5842866690853,-67.72875052962269
D,19,0.0,0.0
D,19,18.41835573292994,-14.933930945111916
D,19,36.83671146585988,-2.7320416599838424
D,19,55.25506719878982,2.169268176489176
D,19,73.67342293171976,5.921090459613183
D,19,92.0917786646497,7.978571793901025
D,19,110.51013439757963,9.467471056457384
D,19,128.92849013050957,10.029741322536267
D,19,147.3468458634395,10.070504082815575
D,19,165.76520159636945,10.671977267460619
D,19,184.1835573292994,10.146158781074405
D,19,202.60191306222933,9.553493027713614
D,19,221.02026879515927,8.34912239079648
D,19,239.4386245280892,6.725567760077922
D,19,257.85698026101915,5.142084628706186
D,19,276.27533599394906,2.417662926839796
D,19,294.693691726879,-0.19485793844808086
D,19,313.112047459809,-3.0413102590757717
D,19,331.5304031927389,-6.685570036074694
D,19,349.9487589256688,-10.264697853334326
D,19,368.3671146585988,-14.143157355704375
D,19,386.78547039152875,-18.344825249326902
D,19,405.20382612445866,-22.716182478045766
D,19,423.62218185738857,-27.484304196287212
D,19,442.04053759031854,-32.32788971902295
D,19,460.4588933232485,-37.67021303163261
D,19,478.8772490561784,-43.05662891264598
D,19,497.2956047891083,-48.656461893279356
D,19,515.7139605220383,-54.904875176652126
D,19,534.1323162549683,-60.87353934817986
D,20,0.0,0.0
D,20,17.09439429317163,-13.892214398777458
D,20,34.18878858634326,-5.704682939185808
D,20,51.28318287951488,-1.571982790088299
D,20,68.37757717268651,0.5437196247174398
D,20,85.47197146585815,1.7396786699991935
D,20,102.56636575902976,2.3630645104225607
D,20,119.6607600522014,3.279596446857852
D,20,136.75515434537303,3.7216710329854834
D,20,153.84954863854466,4.050717982336636
D,20,170.9439429317163,4.300453406102406
D,20,188.03833722488793,4.139149221774858
D,20,205.13273151805953,3.9398228924702323
D,20,222.22712581123116,3.3646864293874614
D,20,239.3215201044028,2.8324176407257085
D,20,256.41591439757445,2.1043405434162423
D,20,273.51030869074606,1.0287671019280538
D,20,290.60470298391766,-0.506821217673064
D,20,307.6990972770893,-1.9223539903176743
D,20,324.7934915702609,-3.450710541224055
D,20,341.8878858634326,-5.504641566311591
D,20,358.9822801566042,-7.804815800887923
D,20,376.07667444977585,-9.74533516051315
D,20,393.17106874294745,-12.173893627086613
D,20,410.26546303611906,-15.031293704516258
D,20,427.3598573292907,-17.842173500487206
D,20,444.4542516224623,-20.747342634412405
D,20,461.548645915634,-23.859146521311857
D,20,478.6430402088056,-27.266279338998345
D,20,495.73743450197725,-30.749653936359152
D,21,0.0,0.0
D,21,18.4957882382592,-12.92323803240236
D,21,36.9915764765184,-0.3750149753683161
D,21,55.4873647147776,5.256890840075485
D,21,73.9831529530368,7.827010761668589
D,21,92.47894119129599,10.033533165547453
D,21,110.9747294295552,11.74051614250287
D,21,129.4705176678144,13.365151821618042
D,21,147.9663059060736,14.35382568814083
D,21,166.46209414433278,14.644526783661036
D,21,184.95788238259198,14.910451212613225
D,21,203.45367062085117,14.13199051210762
D,21,221.9494588591104,12.958485176217806
D,21,240.4452470973696,11.496817977687442
D,21,258.9410353356288,9.556983195378962
D,21,277.436823573888,6.955993363478399
D,21,295.9326118121472,3.866080496100949
D,21,314.42840005040637,0.8982409358933978
D,21,332.92418828866556,-2.58068266634632
D,21,351.41997652692476,-6.289509312567304
D,21,369.91576476518395,-10.507240864974847
D,21,388.41155300344315,-14.735256620140547
D,21,406.90734124170234,-19.229130446695137
D,21,425.40312947996154,-24.174961947002828
D,21,443.8989177182208,-29.04158142776305
D,21,462.39470595648,-34.004942193947215
D,21,480.8904941947392,-39.62291470883247
D,21,499.38628243299837,-45.24204301765849
D,21,517.8820706712576,-51.0539257071415
D,21,536.3778589095167,-56.83942443548193
D,22,0.0,0.0
D,22,18.68326657550581,-13.515409751645475
D,22,37.36653315101162,0.70295571663911
D,22,56.049799726517435,6.5644960972146436
D,22,74.73306630202325,9.478160960971692
D,22,93.41633287752906,12.029898990894253
D,22,112.09959945303487,13.922662557856142
D,22,130.7828660285407,15.702555434697501
D,22,149.4661326040465,16.109720396174453
D,22,168.1493991795523,16.5005670645578
D,22,186.83266575505812,16.15734712043303
D,22,205.51593233056394,15.750430633397343
D,22,224.19919890606974,14.92984602256422
D,22,242.88246548157554,13.549485434953226
D,22,261.5657320570814,12.07379141045925
D,22,280.2489986325872,9.971141444432249
D,22,298.932265208093,7.514817803315054
D,22,317.6155317835988,4.8824743739997984
D,22,336.2987983591046,1.612128360834788
D,22,354.98206493461043,-1.693120062014259
D,22,373.66533151011623,-5.263223914575519
D,22,392.34859808562203,-9.255031299073096
D,22,411.0318646611279,-13.379917319866763
D,22,429.7151312366337,-17.991185636810883
D,22,448.3983978121395,-22.417337945595136
D,22,467.0816643876453,-27.09699913258646
D,22,485.7649309631511,-32.31874586946134
D,22,504.4481975386569,-37.5644370929013
D,22,523.1314641141628,-42.92659980587962
D,22,541.8147306896685,-48.3849755210303
D,23,0.0,0.0
D,23,18.006036607793355,-14.528268353965927
D,23,36.01207321558671,-3.1861209178539767
D,23,54.018109823380065,1.9709151968841212
D,23,72.02414643117342,4.306906985578252
D,23,90.03018303896678,6.3713721988612235
D,23,108.03621964676013,7.916786175030239
D,23,126.04225625455348,9.493390502573618
D,23,144.04829286234684,10.175945208893182
D,23,162.0543294701402,10.82258853666633
D,23,180.06036607793357,11.254248686180887
D,23,198.0664026857269,11.729543036000678
D,23,216.07243929352026,11.565057398838889
D,23,234.07847590131362,11.39382893195554
D,23,252.08451250910696,11.020885157896771
D,23,270.0905491169003,10.298052134050693
D,23,288.0965857246937,9.393544685735208
D,23,306.10262233248704,8.034387379810937
D,23,324.1086589402804,6.723315900075647
D,23,342.11469554807377,4.8866714538044675
D,23,360.12073215586713,3.0764209155231015
D,23,378.12676876366044,0.9659236332433352
D,23,396.1328053714538,-1.067460427168271
D,23,414.13884197924716,-3.6081555526199054
D,23,432.1448785870405,-6.359327612011043
D,23,450.1509151948339,-9.239271934061833
D,23,468.15695180262725,-12.05553734679404
D,23,486.1629884104206,-15.306745525311896
D,23,504.1690250182139,-18.63607019587937
D,23,522.1750616260073,-22.445714928013388
D,24,0.0,0.0
D,24,18.210204013866736,-14.270657922743922
D,24,36.42040802773347,0.3060282945738919
D,24,54.63061204160021,6.134136447575123
D,24,72.84081605546695,9.419321339138321
D,24,91.05102006933367,11.899283833903056
D,24,109.26122408320042,14.026028126707928
D,24,127.47142809706716,15.348540697979672
D,24,145.6816321109339,16.393489567306545
D,24,163.89183612480062,17.29224519049737
D,24,182.10204013866735,17.41953772064059
D,24,200.3122441525341,17.76800565239097
D,24,218.52244816640084,17.25565285699733
D,24,236.73265218026756,16.61249232261497
D,24,254.94285619413432,15.626821332838915
D,24,273.153060208001,14.443616346548367
D,24,291.3632642218678,12.718102552023424
D,24,309.57346823573454,10.635432444228911
D,24,327.78367224960124,8.450612320251253
D,24,345.993876263468,5.730599077572208
D,24,364.2040802773347,2.723982195955898
D,24,382.41428429120145,-0.29677475151413546
D,24,400.6244883050682,-3.667566685561951
D,24,418.8346923189349,-7.472263421555851
D,24,437.04489633280167,-11.33688220873762
D,24,455.2551003466684,-15.318095506861368
D,24,473.46530436053513,-19.627169759665946
D,24,491.6755083744019,-24.111116465539624
D,24,509.88571238826864,-28.56146305358999
D,24,528.0959164021353,-33.3173855220237
D,25,0.0,0.0
D,25,16.08074184429054,-13.804112256433706
D,25,32.16148368858108,-3.2444041699084742
D,25,48.242225532871615,3.305548512536518
D,25,64.32296737716216,6.350401563720283
D,25,80.4037092214527,8.840944982981028
D,25,96.48445106574323,9.820581043867563
D,25,112.56519291003377,11.157284976974623
D,25,128.64593475432432,11.725711488640911
D,25,144.72667659861486,12.14615325693714
D,25,160.8074184429054,12.00161470744328
D,25,176.88816028719594,11.44933912714933
D,25,192.96890213148646,10.654796296965827
D,25,209.049643975777,9.30908293315008
D,25,225.13038582006754,7.802682401245022
D,25,241.2111276643581,5.800559759035934
D,25,257.29186950864863,3.2670358255528527
D,25,273.37261135293915,0.7037133605663257
D,25,289.4533531972297,-2.3602219276485243
D,25,305.53409504152023,-5.326721962998931
D,25,321.6148368858108,-8.489285682251307
D,25,337.6955787301013,-12.076524853576984
D,25,353.7763205743919,-15.987598975522928
D,25,369.8570624186824,-20.097299752187553
D,25,385.9378042629729,-24.1661521110305
D,25,402.0185461072635,-28.52406473853756
D,25,418.099287951554,-33.10199516703682
D,25,434.1800297958446,-37.51693029801612
D,25,450.2607716401351,-42.40081775106478
D,25,466.34151348442566,-47.37980895188127
E,1,0.0,0.0
E,1,20.050353637422504,-14.94131669352955
E,1,40.10070727484501,-12.195199244955745
E,1,60.15106091226751,-7.965472516486145
E,1,80.20141454969001,-7.498544282775754
E,1,100.25176818711252,-8.336421268085587
E,1,120.30212182453502,-11.903013439161086
E,1,140.3524754619575,-15.816970798070088
E,1,160.40282909938003,-21.312484644718495
E,1,180.45318273680255,-27.068582284272907
E,1,200.50353637422504,-33.65612499509024
E,1,220.55389001164752,-40.912323965553185
E,1,240.60424364907004,-48.352330712960935
E,1,260.65459728649256,-56.93275013808227
E,1,280.704950923915,-65.95313979629327
E,1,300.75530456133754,-75.58062320324731
E,1,320.80565819876006,-85.42927099382226
E,1,340.8560118361826,-95.6577205194229
E,1,360.9063654736051,-106.3928985815109
E,1,380.95671911102755,-117.22614042541767
E,1,401.00707274845007,-128.13953647065313
E,1,421.0574263858726,-139.04815126359148
E,1,441.10778002329505,-150.31125877874348
E,1,461.15813366071757,-161.6070295903814
E,1,481.2084872981401,-173.24330056727263
E,1,501.2588409355626,-185.03462887906062
E,1,521.3091945729851,-196.86858713654703
E,1,541.3595482104076,-208.95134948212035
E,1,561.40990184783,-220.8372429411221
E,1,581.4602554852526,-232.7957769967163
E,2,0.0,0.0
E,2,14.954260808481509,-12.789010061958374
E,2,29.908521616963018,-10.421264898254798
E,2,44.86278242544453,-4.996288227770968
E,2,59.817043233926036,-2.775937950530775
E,2,74.77130404240755,-1.5999235152212776
E,2,89.72556485088906,-0.897488948492807
E,2,104.67982565937056,-0.5224870779333202
E,2,119.63408646785207,-1.1966519313237285
E,2,134.5883472763336,-2.8990856340684275
E,2,149.5426080848151,-4.486967555424968
E,2,164.4968688932966,-6.775034387218824
E,2,179.45112970177811,-8.149824196240303
E,2,194.40539051025962,-10.180848585698953
E,2,209.35965131874113,-12.524185986611059
E,2,224.31391212722264,-14.496757518631625
E,2,239.26817293570414,-17.227013860242295
E,2,254.22243374418565,-19.954710465872807
E,2,269.1766945526672,-22.40459539962589
E,2,284.13095536114866,-25.1955721400505
E,2,299.0852161696302,-28.515496746140172
E,2,314.0394769781117,-31.766839327123023
E,2,328.9937377865932,-35.71613916896558
E,2,343.9479985950747,-38.83965857164304
E,2,358.90225940355623,-42.657028790121046
E,2,373.8565202120377,-46.43795835922498
E,2,388.81078102051924,-50.68484729959175
E,2,403.7650418290007,-54.66913693534258
E,2,418.71930263748226,-59.11815086445392
E,2,433.67356344596374,-63.776736951616044
E,3,0.0,0.0
E,3,15.417838217878415,-15.417838217878415
E,3,30.83567643575683,-8.807148837876003
E,3,46.25351465363525,-4.525672547655759
E,3,61.67135287151366,-1.6401974547156328
E,3,77.08919108939207,-2.482407970292371
E,3,92.5070293072705,-4.069563295542707
E,3,107.92486752514891,-5.2601395231763775
E,3,123.34270574302732,-7.947747875066511
E,3,138.76054396090575,-10.800304470752849
E,3,154.17838217878415,-14.104271051795934
E,3,169.59622039666257,-17.38778671374982
E,3,185.014058614541,-21.26436055910679
E,3,200.4318968324194,-25.106974055721395
E,3,215.84973505029782,-29.256273164918895
E,3,231.26757326817622,-33.87657901650661
E,3,246.68541148605465,-38.65419272458496
E,3,262.10324970393305,-44.40860107562747
E,3,277.5210879218115,-49.95393570774573
E,3,292.9389261396899,-56.24905555822335
E,3,308.3567643575683,-62.60695835952254
E,3,323.77460257544675,-69.46953002381005
E,3,339.19244079332515,-76.93701974458605
E,3,354.61027901120354,-84.31492813387553
E,3,370.028117229082,-92.18831244564376
E,3,385.4459554469604,-100.21742610336042
E,3,400.8637936648388,-108.96441092262694
E,3,416.2816318827172,-117.37663339571321
E,3,431.69947010059565,-126.06605338190639
E,3,447.11730831847404,-134.84330475739017
E,4,0.0,0.0
E,4,11.463227644080689,-11.463227644080689
E,4,22.926455288161378,-13.834240932635742
E,4,34.38968293224207,-8.673017225066662
E,4,45.852910576322756,-5.574298360545399
E,4,57.316138220403445,-3.4299042522109815
E,4,68.77936586448413,-2.9784885616507353
E,4,80.24259350856482,-4.0359506055372805
E,4,91.70582115264551,-5.809655356963688
E,4,103.1690487967262,-7.592618708056733
E,4,114.63227644080689,-9.578831414518802
E,4,126.09550408488758,-12.17038474664966
E,4,137.55873172896827,-15.446874092879867
E,4,149.02195937304896,-18.603343147394497
E,4,160.48518701712965,-22.071340645922874
E,4,171.94841466121034,-25.55246929673052
E,4,183.41164230529102,-27.944082001988903
E,4,194.8748699493717,-31.278164111937258
E,4,206.3380975934524,-35.118157650360985
E,4,217.8013252375331,-37.985688979211545
E,4,229.26455288161378,-42.127210792155694
E,4,240.72778052569447,-47.02413380890354
E,4,252.19100816977516,-51.491831964798706
E,4,263.65423581385585,-56.12058422203185
E,4,275.11746345793654,-61.13629853899795
E,4,286.5806911020172,-66.73985988978333
E,4,298.0439187460979,-72.38109300316549
E,4,309.5071463901786,-78.41460696302642
E,4,320.9703740342593,-84.70397489108962
E,4,332.43360167834,-90.8260748143465
E,5,0.0,0.0
E,5,7.768684753281283,-7.768684753281283
E,5,15.537369506562566,-15.537369506562566
E,5,23.306054259843847,-23.306054259843847
E,5,31.074739013125132,-11.922626719145374
E,5,38.84342376640642,-9.588088997920888
E,5,46.612108519687695,-8.307883931728178
E,5,54.38079327296898,-7.467890656233955
E,5,62.149478026250264,-3.6388084892792065
E,5,69.91816277953154,-4.501245532684834
E,5,77.68684753281283,-4.757776668324539
E,5,85.45553228609411,-5.336498385770611
E,5,93.22421703937539,-4.419525640744709
E,5,100.99290179265668,-5.872886384454972
E,5,108.76158654593796,-6.517285718681563
E,5,116.53027129921925,-7.066831860170851
E,5,124.29895605250053,-8.06388347972701
E,5,132.06764080578182,-8.19428159322159
E,5,139.83632555906308,-11.360050552918551
E,5,147.60501031234438,-11.279275876002515
E,5,155.37369506562567,-13.337828846326715
E,5,163.14237981890693,-14.996943107593495
E,5,170.91106457218822,-16.898228924944334
E,5,178.67974932546952,-19.20654540412957
E,5,186.44843407875078,-22.43954288616294
E,5,194.21711883203207,-23.630669129397774
E,5,201.98580358531336,-27.151738130567907
E,5,209.75448833859465,-28.229909898037192
E,5,217.52317309187592,-29.546060887730277
E,5,225.2918578451572,-30.919146931087027
E,6,0.0,0.0
E,6,32.65869245536774,-9.117795634122459
E,6,65.31738491073548,0.2331434838166615
E,6,97.97607736610323,2.7587862154007183
E,6,130.63476982147097,3.6917801094141396
E,6,163.2934622768387,3.2874010463700643
E,6,195.95215473220645,3.131795591406643
E,6,228.6108471875742,2.6380198911637933
E,6,261.26953964294194,1.4967534225993973
E,6,293.92823209830965,-0.3514375468564026
E,6,326.5869245536774,-2.096272396629786
E,6,359.2456170090452,-4.977485215428999
E,6,391.9043094644129,-8.206551112427633
E,6,424.5630019197806,-11.706272660246213
E,6,457.2216943751484,-15.746584497557706
E,6,489.88038683051616,-20.11042487420218
E,6,522.5390792858839,-24.65547554752243
E,6,555.1977717412516,-29.682797587121627
E,6,587.8564641966193,-35.039480889877154
E,6,620.5151566519871,-40.854610721471204
E,6,653.1738491073548,-47.053910781829586
E,6,685.8325415627226,-53.33484237271523
E,6,718.4912340180904,-60.12765546887931
E,6,751.1499264734581,-67.08921692583147
E,6,783.8086189288258,-74.40339132836027
E,6,816.4673113841935,-81.95570063182947
E,6,849.1260038395612,-89.81013116128281
E,6,881.7846962949291,-97.86937127858471
E,6,914.4433887502968,-106.28506162002077
E,6,947.1020812056645,-115.1511931065454
E,7,0.0,0.0
E,7,18.408160311806395,-15.212438781286572
E,7,36.81632062361279,-6.7357694565274855
E,7,55.22448093541918,-2.6356812148508126
E,7,73.63264124722558,-0.6609449337410069
E,7,92.04080155903198,-0.15060878526968224
E,7,110.44896187083836,-0.3193716913331741
E,7,128.85712218264476,-1.2041466506894807
E,7,147.26528249445116,-2.452897081360703
E,7,165.67344280625755,-3.3005960695536487
E,7,184.08160311806395,-5.109784481694476
E,7,202.48976342987035,-6.636090515731183
E,7,220.89792374167672,-8.739557538720504
E,7,239.30608405348312,-10.96065520638291
E,7,257.7142443652895,-13.326154549741375
E,7,276.1224046770959,-16.19018675377953
E,7,294.5305649889023,-19.13426737816195
E,7,312.9387253007087,-22.208848227097235
E,7,331.3468856125151,-25.922163839119833
E,7,349.7550459243215,-29.168264128378553
E,7,368.1632062361279,-32.90170692027846
E,7,386.5713665479343,-36.86246287944061
E,7,404.9795268597407,-41.177824266558616
E,7,423.3876871715471,-45.67557289490338
E,7,441.79584748335344,-50.28148278961049
E,7,460.20400779515984,-54.87110510251853
E,7,478.61216810696624,-60.101960130852774
E,7,497.02032841877264,-65.10818912594084
E,7,515.428488730579,-70.40777093939869
E,7,533.8366490423855,-76.12720855219669
E,8,0.0,0.0
E,8,32.27707718306325,-8.700617578611478
E,8,64.5541543661265,1.0031078485953344
E,8,96.83123154918974,4.2098745739054095
E,8,129.108308732253,6.034670008507533
E,8,161.38538591531625,6.944301611831293
E,8,193.66246309837948,7.529127799307844
E,8,225.93954028144273,7.588937333338123
E,8,258.216617464506,7.255794858924105
E,8,290.4936946475692,6.276953992654569
E,8,322.7707718306325,4.876680495056405
E,8,355.0478490136957,3.142654041774847
E,8,387.32492619675895,0.9751012756876776
E,8,419.60200337982224,-1.8246127087066384
E,8,451.87908056288546,-4.752763736467841
E,8,484.15615774594875,-7.963236405280213
E,8,516.433234929012,-11.362532444049748
E,8,548.7103121120753,-15.227914426923576
E,8,580.9873892951384,-19.477748059951182
E,8,613.2644664782017,-24.01155586748075
E,8,645.541543661265,-28.787548299830974
E,8,677.8186208443282,-33.81927753886225
E,8,710.0956980273914,-39.26404861263745
E,8,742.3727752104547,-44.87010309139271
E,8,774.6498523935179,-50.7541908996767
E,8,806.9269295765812,-57.0335646766614
E,8,839.2040067596445,-63.57632526403597
E,8,871.4810839427078,-70.28923421580623
E,8,903.7581611257709,-77.46766464417908
E,8,936.0352383088342,-84.96168486912029
E,9,0.0,0.0
E,9,30.05526235450616,-11.030747304223052
E,9,60.11052470901232,0.6861225318134387
E,9,90.16578706351848,4.1607693796179035
E,9,120.22104941802463,5.428395435402422
E,9,150.2763117725308,5.387939022412894
E,9,180.33157412703696,5.031387690652082
E,9,210.3868364815431,4.244068460803106
E,9,240.44209883604927,2.9738267007093953
E,9,270.4973611905554,0.3905123003781341
E,9,300.5526235450616,-2.4150420299199595
E,9,330.60788589956775,-5.412472695805889
E,9,360.6631482540739,-9.440938137979288
E,9,390.7184106085801,-13.802082869593562
E,9,420.7736729630862,-18.612118843559585
E,9,450.82893531759237,-24.038698474308603
E,9,480.88419767209854,-29.718314611236508
E,9,510.9394600266047,-35.84687176065859
E,9,540.9947223811108,-42.308327789594784
E,9,571.049984735617,-49.03442842913853
E,9,601.1052470901232,-56.28452125607407
E,9,631.1605094446294,-63.7893656335591
E,9,661.2157717991355,-71.90601937531494
E,9,691.2710341536416,-80.23526972583147
E,9,721.3262965081478,-88.9614608483746
E,9,751.381558862654,-98.18884157326534
E,9,781.4368212171602,-107.61908737170847
E,9,811.4920835716663,-117.32752772685001
E,9,841.5473459261724,-127.38118178944069
E,9,871.6026082806786,-137.86588231265068
E,10,0.0,0.0
E,10,31.519871616696285,-12.763885748299305
E,10,63.03974323339257,2.0076390647224116
E,10,94.55961485008885,6.251851157531348
E,10,126.07948646678514,8.104250487704633
E,10,157.59935808348143,9.02002808293065
E,10,189.1192297001777,9.272628986902617
E,10,220.639101316874,9.06541264636894
E,10,252.15897293357028,7.817578601671357
E,10,283.67884455026655,6.14086539897329
E,10,315.19871616696287,3.9454955417088513
E,10,346.71858778365913,1.041368282772055
E,10,378.2384594003554,-1.93411510794391
E,10,409.7583310170517,-5.491955348967167
E,10,441.278202633748,-9.521242810157787
E,10,472.7980742504443,-13.846178271327688
E,10,504.31794586714057,-18.64116699180721
E,10,535.8378174838368,-23.618168860663218
E,10,567.3576891005331,-29.067917341115844
E,10,598.8775607172295,-34.80251502553597
E,10,630.3974323339257,-40.60002205923786
E,10,661.917303950622,-46.80317730460604
E,10,693.4371755673183,-52.76290293013551
E,10,724.9570471840145,-58.90540222317907
E,10,756.4769188007108,-65.31036477111002
E,10,787.9967904174072,-71.9596729722216
E,10,819.5166620341034,-78.59127765919709
E,10,851.0365336507997,-85.40869194143863
E,10,882.556405267496,-92.67248590732106
E,10,914.0762768841922,-99.88189763345031
E,11,0.0,0.0
E,11,24.450853843492606,-12.12058073723471
E,11,48.90170768698521,-3.2068936826425443
E,11,73.35256153047781,0.44645120857238396
E,11,97.80341537397042,2.1299228433454687
E,11,122.25426921746303,3.1536325579465085
E,11,146.70512306095563,4.291391853754845
E,11,171.15597690444824,4.602727212831525
E,11,195.60683074794085,5.1042679639737685
E,11,220.05768459143346,4.82870731538614
E,11,244.50853843492607,4.545351660246183
E,11,268.95939227841865,3.7289274951801303
E,11,293.41024612191126,2.6819425193038455
E,11,317.86109996540387,1.2550035982784493
E,11,342.3119538088965,-0.438264831710228
E,11,366.7628076523891,-2.43808029965885
E,11,391.2136614958817,-4.911030423712418
E,11,415.6645153393743,-7.665952788622178
E,11,440.1153691828669,-10.761719245503116
E,11,464.5662230263595,-13.962139395275926
E,11,489.01707686985213,-17.652741101113747
E,11,513.4679307133447,-21.4906646328958
E,11,537.9187845568373,-25.485343115418686
E,11,562.3696384003299,-29.916001170302934
E,11,586.8204922438225,-34.57635443110746
E,11,611.2713460873151,-39.43232782832672
E,11,635.7221999308077,-44.462189595597124
E,11,660.1730537743003,-49.711236135219224
E,11,684.623907617793,-55.18727810077269
E,11,709.0747614612856,-60.75172929108851
E,12,0.0,0.0
E,12,25.681414607742177,-11.747784141018247
E,12,51.36282921548435,-2.228167018812698
E,12,77.04424382322654,-0.1065946223850176
E,12,102.7256584309687,1.5862651769655258
E,12,128.40707303871088,2.51046472011123
E,12,154.08848764645307,3.250875822440463
E,12,179.76990225419524,3.357518305086984
E,12,205.4513168619374,3.308843114497762
E,12,231.13273146967958,2.690971729145417
E,12,256.81414607742175,2.0753945743103372
E,12,282.4955606851639,1.1659683566564922
E,12,308.17697529290615,-0.1634756345129631
E,12,333.8583899006483,-1.8364098939107407
E,12,359.5398045083905,-3.690144910914057
E,12,385.22121911613266,-5.9534428654636145
E,12,410.9026337238748,-8.527814762269088
E,12,436.584048331617,-11.454284162099214
E,12,462.26546293935917,-14.451184746785088
E,12,487.94687754710134,-18.06660324142996
E,12,513.6282921548435,-21.666081911674326
E,12,539.3097067625857,-25.74254240520338
E,12,564.9911213703278,-29.957997019601862
E,12,590.6725359780701,-34.41127967977525
E,12,616.3539505858123,-39.26059578188233
E,12,642.0353651935544,-44.34675110672981
E,12,667.7167798012966,-49.71250242805286
E,12,693.3981944090388,-55.12388517949978
E,12,719.079609016781,-60.92460487893709
E,12,744.7610236245231,-67.01851382544999
E,13,0.0,0.0
E,13,33.2690730848886,-11.289875165145915
E,13,66.5381461697772,-1.250199719283458
E,13,99.80721925466581,1.3155081551106775
E,13,133.0762923395544,2.8358545857583692
E,13,166.345365424443,4.190410982099905
E,13,199.61443850933162,4.918498100511243
E,13,232.88351159422024,5.563811516031535
E,13,266.1525846791088,6.0040352527230425
E,13,299.4216577639974,6.093359129863131
E,13,332.690730848886,5.923002854532172
E,13,365.95980393377465,5.789329069859718
E,13,399.22887701866324,5.144677836954315
E,13,432.49795010355183,4.347961733903105
E,13,465.7670231884405,3.334098668860804
E,13,499.03609627332906,1.9555794603184609
E,13,532.3051693582177,0.46689863036760926
E,13,565.5742424431063,-1.367787712232598
E,13,598.8433155279948,-3.488084357594744
E,13,632.1123886128835,-5.880336683834571
E,13,665.381461697772,-8.66682911449709
E,13,698.6505347826607,-11.675805594550866
E,13,731.9196078675493,-14.982398233006052
E,13,765.1886809524378,-18.5115029979695
E,13,798.4577540373265,-22.41905279867035
E,13,831.7268271222151,-26.580657113730012
E,13,864.9959002071037,-31.068675128582754
E,13,898.2649732919923,-35.81467257477061
E,13,931.534046376881,-40.99684309513839
E,13,964.8031194617696,-46.40266150208663
E,14,0.0,0.0
E,14,33.06384285476355,-11.67634438644727
E,14,66.1276857095271,-1.2149402807355187
E,14,99.19152856429065,1.4264350331470013
E,14,132.2553714190542,3.092507071800412
E,14,165.31921427381775,4.473572127719393
E,14,198.3830571285813,5.5847132848412855
E,14,231.44689998334485,6.1780649022074385
E,14,264.5107428381084,6.449554318797709
E,14,297.57458569287195,6.584013003455652
E,14,330.6384285476355,6.611404298585342
E,14,363.70227140239905,6.291355389106684
E,14,396.7661142571626,5.868070157165278
E,14,429.82995711192615,5.183831437220249
E,14,462.8937999666897,4.183349254741358
E,14,495.95764282145325,3.17294137362677
E,14,529.0214856762168,1.771118847457501
E,14,562.0853285309804,0.20156808598858333
E,14,595.1491713857439,-1.7245673046445518
E,14,628.2130142405074,-3.8568225623911303
E,14,661.276857095271,-6.196647084034112
E,14,694.3406999500346,-8.942963568938808
E,14,727.4045428047981,-11.918633482834139
E,14,760.4683856595616,-15.187781847181213
E,14,793.5322285143252,-18.835447023912707
E,14,826.5960713690888,-22.585511263386934
E,14,859.6599142238523,-26.716351096315975
E,14,892.7237570786158,-31.18274898218965
E,14,925.7875999333794,-35.908114136249424
E,14,958.8514427881429,-41.073892745303056
E,15,0.0,0.0
E,15,31.268527272611262,-13.59324624138577
E,15,62.537054545222524,-2.0750070694969764
E,15,93.80558181783378,1.4412836379135712
E,15,125.07410909044505,3.2562010861964694
E,15,156.3426363630563,4.549079760881057
E,15,187.61116363566757,5.698794527071186
E,15,218.87969090827883,6.129624173018669
E,15,250.1482181808901,6.741820108508733
E,15,281.41674545350133,6.803253439486525
E,15,312.6852727261126,6.867879423205068
E,15,343.95379999872387,6.508269304513249
E,15,375.22232727133513,5.750367040214769
E,15,406.4908545439464,4.927459610520884
E,15,437.75938181655766,3.6685453704674273
E,15,469.02790908916893,2.2206165694702236
E,15,500.2964363617802,0.5658953533520616
E,15,531.5649636343915,-1.5637354638330407
E,15,562.8334909070027,-4.012828736272127
E,15,594.102018179614,-6.584501970996939
E,15,625.3705454522252,-9.405602037699623
E,15,656.6390727248365,-12.608015706847482
E,15,687.9075999974477,-16.214401288463137
E,15,719.176127270059,-20.03003948472076
E,15,750.4446545426703,-24.225769600382478
E,15,781.7131818152816,-28.757954115807706
E,15,812.9817090878928,-33.593665366733035
E,15,844.2502363605041,-38.76917097377816
E,15,875.5187636331153,-44.205494875202476
E,15,906.7872909057266,-50.06522365664705
E,16,0.0,0.0
E,16,33.25651091955932,-10.207546523542003
E,16,66.51302183911864,1.271662187499004
E,16,99.76953275867795,5.094108429873771
E,16,133.02604367823727,7.463439522678499
E,16,166.2825545977966,9.163992993648776
E,16,199.5390655173559,10.507422740244436
E,16,232.7955764369152,11.483578347004482
E,16,266.05208735647454,12.417814838402876
E,16,299.3085982760339,12.769234914388278
E,16,332.5651091955932,13.064339957446464
E,16,365.8216201151525,12.94034418465867
E,16,399.0781310347118,12.523572449864503
E,16,432.33464195427115,11.91550359882234
E,16,465.5911528738304,11.14243960049555
E,16,498.84766379338976,10.05215118787271
E,16,532.1041747129491,8.794013885132927
E,16,565.3606856325084,7.328136548338534
E,16,598.6171965520678,5.707818190288322
E,16,631.8737074716271,3.717477261109593
E,16,665.1302183911864,1.569460265369571
E,16,698.3867293107456,-0.9034178894688694
E,16,731.643240230305,-3.613322415178345
E,16,764.8997511498643,-6.4985313792687975
E,16,798.1562620694236,-9.76487101673979
E,16,831.412772988983,-13.257142240092094
E,16,864.6692839085423,-16.978355401102363
E,16,897.9257948281016,-21.07534293762012
E,16,931.1823057476608,-25.518325794280827
E,16,964.4388166672202,-30.140390062258007
E,17,0.0,0.0
E,17,33.198736699476456,-9.553083130660568
E,17,66.39747339895291,0.9499577902384573
E,17,99.59621009842937,4.898571981989633
E,17,132.79494679790582,7.302847003508248
E,17,165.99368349738228,8.713718767886093
E,17,199.19242019685873,10.000285620448324
E,17,232.3911568963352,10.73052914687878
E,17,265.58989359581165,11.341845308579082
E,17,298.7886302952881,11.47335831799245
E,17,331.98736699476456,11.496098099434732
E,17,365.186103694241,11.341538391783843
E,17,398.38484039371747,10.847789545197998
E,17,431.5835770931939,10.019174508838091
E,17,464.7823137926704,9.209080262006353
E,17,497.98105049214684,8.10411479319788
E,17,531.1797871916233,6.801954052781866
E,17,564.3785238910998,5.3001469365036655
E,17,597.5772605905762,3.467247303309591
E,17,630.7759972900526,1.4864771464706337
E,17,663.9747339895291,-0.8150814991871584
E,17,697.1734706890056,-3.396169330948169
E,17,730.372207388482,-6.27922001194338
E,17,763.5709440879584,-9.527952270793094
E,17,796.7696807874349,-13.06076346055886
E,17,829.9684174869114,-16.805590758105268
E,17,863.1671541863878,-20.78270761522913
E,17,896.3658908858642,-25.050943906741054
E,17,929.5646275853408,-29.650089912019553
E,17,962.7633642848172,-34.705095145412656
E,18,0.0,0.0
E,18,33.30454923903635,-10.804765225851785
E,18,66.6090984780727,0.5292041097150246
E,18,99.91364771710904,3.7703116872299347
E,18,133.2181969561454,5.99746000701893
E,18,166.52274619518175,7.718974687248988
E,18,199.8272954342181,8.882412087926241
E,18,233.13184467325442,9.787165365411482
E,18,266.4363939122908,10.325151948799714
E,18,299.74094315132714,10.374218972786252
E,18,333.0454923903635,10.13277969627444
E,18,366.3500416293998,9.74732638549898
E,18,399.6545908684362,9.149359636936708
E,18,432.95914010747254,8.148534514355674
E,18,466.26368934650884,7.0354345817229955
E,18,499.5682385855452,5.5292734056519635
E,18,532.8727878245816,3.9094537787445915
E,18,566.1773370636179,2.1491954614061797
E,18,599.4818863026543,0.22685603180343605
E,18,632.7864355416906,-2.038083783724346
E,18,666.090984780727,-4.538384918550605
E,18,699.3955340197633,-7.159981330701839
E,18,732.7000832587996,-10.078339327401181
E,18,766.004632497836,-13.268609090061773
E,18,799.3091817368723,-16.573615082541096
E,18,832.6137309759087,-20.33087800049202
E,18,865.9182802149451,-24.38130070892646
E,18,899.2228294539814,-28.69476370436314
E,18,932.5273786930177,-33.221256693428586
E,18,965.8319279320541,-38.17012042587669
E,19,0.0,0.0
E,19,30.426730800602108,-12.780310455114453
E,19,60.853461601204216,-0.20298057933548108
E,19,91.28019240180632,3.5328615597403115
E,19,121.70692320240843,5.062910883897246
E,19,152.13365400301055,5.839118346277473
E,19,182.56038480361264,6.596984519079712
E,19,212.98711560421475,6.694539981918069
E,19,243.41384640481687,6.2773584891734515
E,19,273.840577205419,5.726413618310971
E,19,304.2673080060211,5.009814892818838
E,19,334.6940388066232,4.047513983711099
E,19,365.12076960722527,2.654750793197252
E,19,395.5475004078274,1.0650214923284125
E,19,425.9742312084295,-0.8368507424215181
E,19,456.4009620090316,-3.061236095831191
E,19,486.82769280963373,-5.491843904172242
E,19,517.2544236102358,-8.16708571920168
E,19,547.681154410838,-11.151668504482132
E,19,578.10788521144,-14.128312926131684
E,19,608.5346160120422,-17.519326880771587
E,19,638.9613468126443,-21.019758583444855
E,19,669.3880776132464,-24.608839009325607
E,19,699.8148084138485,-28.61566944284141
E,19,730.2415392144505,-32.65462267475846
E,19,760.6682700150527,-37.13609136642356
E,19,791.0950008156548,-41.78439693588041
E,19,821.521731616257,-46.5135706627575
E,19,851.948462416859,-51.74183714274977
E,19,882.3751932174612,-57.07862000015564
E,20,0.0,0.0
E,20,29.546936339962805,-14.083605097082371
E,20,59.09387267992561,-1.066150788715305
E,20,88.64080901988842,2.6227286414530226
E,20,118.18774535985122,4.39182505694707
E,20,147.73468169981402,5.295204240758721
E,20,177.28161803977684,5.9528213079736645
E,20,206.82855437973964,6.186007648640583
E,20,236.37549071970244,6.054727516837659
E,20,265.92242705966527,5.676038864817826
E,20,295.46936339962804,5.106916292918243
E,20,325.01629973959086,4.0344801788391464
E,20,354.5632360795537,2.9886405732023604
E,20,384.11017241951646,1.4845329044164828
E,20,413.6571087594793,-0.36903032761648547
E,20,443.20404509944206,-2.192195655630485
E,20,472.7509814394049,-4.638486242774036
E,20,502.2979177793677,-7.046959576555821
E,20,531.8448541193305,-9.598245782347362
E,20,561.3917904592932,-12.438893800049414
E,20,590.9387267992561,-15.526645757851838
E,20,620.4856631392189,-18.791289740768548
E,20,650.0325994791817,-22.42570853979271
E,20,679.5795358191446,-26.262919123331926
E,20,709.1264721591074,-30.484919639083614
E,20,738.6734084990701,-34.762915338999164
E,20,768.2203448390329,-39.42531364745821
E,20,797.7672811789957,-44.332896712099455
E,20,827.3142175189586,-49.57195164642485
E,20,856.8611538589214,-55.068111097379415
E,21,0.0,0.0
E,21,21.249216388433386,-15.884241623693205
E,21,42.49843277686677,0.025052162556640667
E,21,63.74764916530016,6.769572995897931
E,21,84.99686555373354,10.65664046697691
E,21,106.24608194216692,14.00033884169261
E,21,127.49529833060032,15.77239723703326
E,21,148.7445147190337,17.935787921069647
E,21,169.99373110746708,19.847373296282314
E,21,191.24294749590047,20.820312655782544
E,21,212.49216388433385,21.99431365115953
E,21,233.74138027276723,22.89488320063589
E,21,254.99059666120064,22.917898646036292
E,21,276.239813049634,23.00732552127954
E,21,297.4890294380674,22.44948153473115
E,21,318.73824582650076,21.588961147356997
E,21,339.98746221493417,20.387873489405308
E,21,361.2366786033676,19.156122794638407
E,21,382.48589499180093,17.399007188301482
E,21,403.73511138023434,15.262608936808363
E,21,424.9843277686677,12.962878135622589
E,21,446.2335441571011,10.364429908598538
E,21,467.48276054553446,7.623633573049631
E,21,488.73197693396787,4.5008367205397235
E,21,509.9811933224013,1.076448122617819
E,21,531.2304097108347,-2.3148296650900875
E,21,552.479626099268,-5.885286799976825
E,21,573.7288424877014,-9.901779489077626
E,21,594.9780588761348,-14.142380020820724
E,21,616.2272752645682,-18.160323280709918
E,22,0.0,0.0
E,22,20.261868083818054,-15.016958764927278
E,22,40.52373616763611,-2.534680753224414
E,22,60.78560425145416,5.653452768683266
E,22,81.04747233527222,10.666366990126036
E,22,101.30934041909028,15.10110993810072
E,22,121.57120850290832,18.327497500226258
E,22,141.83307658672638,21.49278548078871
E,22,162.09494467054444,24.863479424973036
E,22,182.3568127543625,26.823386940932068
E,22,202.61868083818055,29.76099081476181
E,22,222.8805489219986,31.642048562350425
E,22,243.14241700581664,33.40677794403513
E,22,263.4042850896347,34.850438628877214
E,22,283.66615317345276,36.048359879920724
E,22,303.9280212572708,37.310594901307184
E,22,324.1898893410889,37.901758779799366
E,22,344.45175742490693,38.42662285411984
E,22,364.713625508725,38.98455048999716
E,22,384.97549359254305,38.99709078097692
E,22,405.2373616763611,39.053683600360046
E,22,425.49922976017916,38.46036136657597
E,22,445.7610978439972,38.01877711330707
E,22,466.0229659278153,37.05316618914429
E,22,486.2848340116333,35.84865976707181
E,22,506.54670209545134,34.41290317070889
E,22,526.8085701792694,32.7768001161287
E,22,547.0704382630875,30.840728192012193
E,22,567.3323063469055,28.712245042637278
E,22,587.5941744307236,26.361870576992033
E,23,0.0,0.0
E,23,19.742025149455003,-17.262246857103865
E,23,39.484050298910006,-2.9967438472102828
E,23,59.22607544836501,6.709919031931264
E,23,78.96810059782001,11.85748202468875
E,23,98.71012574727501,16.058342972493634
E,23,118.45215089673002,18.86802101135362
E,23,138.19417604618502,22.532955742713995
E,23,157.93620119564002,25.726498420229092
E,23,177.67822634509503,28.75493869377746
E,23,197.42025149455003,31.479538547095274
E,23,217.16227664400503,33.66947339962033
E,23,236.90430179346004,35.48215845269419
E,23,256.64632694291504,37.262327364908515
E,23,276.38835209237004,38.894759776986916
E,23,296.13037724182504,40.23397532424849
E,23,315.87240239128005,41.306068848803534
E,23,335.61442754073505,42.01273752292576
E,23,355.35645269019005,42.534000717658955
E,23,375.09847783964506,42.484700525367714
E,23,394.84050298910006,42.81050890487205
E,23,414.58252813855506,42.71978685271546
E,23,434.32455328801007,42.44144158528957
E,23,454.06657843746507,41.99445941481753
E,23,473.80860358692007,41.24260135214763
E,23,493.5506287363751,39.99659232773331
E,23,513.2926538858301,38.57641983692963
E,23,533.0346790352851,37.120225571235665
E,23,552.7767041847401,35.0693721483666
E,23,572.5187293341951,32.892618265753754
E,24,0.0,0.0
E,24,19.600567430695108,-16.66933929836031
E,24,39.201134861390216,-2.6684196710908807
E,24,58.801702292085324,5.228469782665883
E,24,78.40226972278043,9.37973421838349
E,24,98.00283715347554,12.797327762752374
E,24,117.60340458417065,15.947200756411945
E,24,137.20397201486577,18.85926782257775
E,24,156.80453944556086,21.45896158165678
E,24,176.40510687625596,24.01102978526322
E,24,196.00567430695108,25.98849719743089
E,24,215.6062417376462,28.006269055822827
E,24,235.2068091683413,29.719572117140217
E,24,254.8073765990364,31.329138562108255
E,24,274.40794402973154,32.441383686010965
E,24,294.00851146042663,33.46140725285136
E,24,313.6090788911217,34.33358587163548
E,24,333.2096463218168,34.888111319532186
E,24,352.8102137525119,35.14311725332709
E,24,372.41078118320706,35.42338138664576
E,24,392.01134861390216,35.12401243308142
E,24,411.61191604459725,34.90756004997246
E,24,431.2124834752924,34.154794373224604
E,24,450.8130509059875,33.351544687825594
E,24,470.4136183366826,32.31835538659152
E,24,490.0141857673777,30.873658364714345
E,24,509.6147531980728,29.29693979409069
E,24,529.2153206287679,27.49042213945745
E,24,548.8158880594631,25.31585782163347
E,24,568.4164554901581,22.834856583818237
E,25,0.0,0.0
E,25,21.06545759154785,-15.91219301070947
E,25,42.1309151830957,-0.17055524421790125
E,25,63.19637277464355,6.772360543366062
E,25,84.2618303661914,11.233599092491971
E,25,105.32728795773926,14.601037182783031
E,25,126.3927455492871,18.55055047754408
E,25,147.45820314083497,21.231533830577206
E,25,168.5236607323828,24.266296790919483
E,25,189.58911832393065,26.448861529188832
E,25,210.65457591547852,28.98607955488788
E,25,231.72003350702636,30.79315188586054
E,25,252.7854910985742,32.39777246569935
E,25,273.85094869012204,34.150928341302574
E,25,294.91640628166994,35.377302162827846
E,25,315.9818638732178,36.192026443654356
E,25,337.0473214647656,36.99946928966676
E,25,358.11277905631346,37.574392683442966
E,25,379.1782366478613,37.63295378838313
E,25,400.2436942394092,37.48207367159955
E,25,421.30915183095703,37.14317623233961
E,25,442.3746094225049,36.47016279244309
E,25,463.4400670140527,35.59979742073688
E,25,484.50552460560056,34.2749286419467
E,25,505.5709821971484,32.969822704344324
E,25,526.6364397886963,31.117267223226236
E,25,547.7018973802441,29.13235925021138
E,25,568.767354971792,26.681162065776448
E,25,589.8328125633399,24.148981057688957
E,25,610.8982701548877,21.425353181512605
F,1,0.0,0.0
F,1,20.15804067396481,-15.665708305262648
F,1,40.31608134792962,-6.698544165533384
F,1,60.47412202189443,2.844926892024951
F,1,80.63216269585924,6.051616974586608
F,1,100.79020336982404,8.666713950026235
F,1,120.94824404378886,7.3522231174102615
F,1,141.10628471775365,6.959063818388557
F,1,161.26432539171847,5.032895476887148
F,1,181.4223660656833,2.927541411205226
F,1,201.58040673964808,0.6078236496548186
F,1,221.7384474136129,-3.0705834523072326
F,1,241.89648808757772,-6.959960375768134
F,1,262.05452876154254,-10.938908817611065
F,1,282.2125694355073,-14.978572111564347
F,1,302.3706101094721,-18.665208576597422
F,1,322.52865078343694,-23.49314613332035
F,1,342.68669145740176,-27.710434661542365
F,1,362.8447321313666,-32.62519793352749
F,1,383.00277280533135,-38.03766516803739
F,1,403.16081347929617,-42.70887408389706
F,1,423.318854153261,-48.637507422403985
F,1,443.4768948272258,-53.902481074743605
F,1,463.6349355011906,-60.091108437179685
F,1,483.79297617515545,-66.038270226478
F,1,503.9510168491202,-72.42201853049272
F,1,524.1090575230851,-78.93727934197477
F,1,544.2670981970498,-85.98313763981668
F,1,564.4251388710146,-92.60190526205122
F,1,584.5831795449794,-99.18256145242788
F,2,0.0,0.0
F,2,21.5623936124324,-16.551566637212023
F,2,43.1247872248648,-6.626302049530054
F,2,64.68718083729719,-0.8441847267466045
F,2,86.2495744497296,1.2846631874340204
F,2,107.811968062162,2.88711844932854
F,2,129.37436167459438,3.5359281743087365
F,2,150.93675528702678,3.8591446491276713
F,2,172.4991488994592,3.977943728598291
F,2,194.0615425118916,4.100316379886266
F,2,215.623936124324,3.5357074552546237
F,2,237.1863297367564,3.179627381206359
F,2,258.74872334918877,2.7681238908339196
F,2,280.31111696162117,1.8962778135972371
F,2,301.87351057405357,0.8636645334786408
F,2,323.43590418648597,-0.3249742498326782
F,2,344.9982977989184,-1.731251367010941
F,2,366.5606914113508,-3.238300423629994
F,2,388.1230850237832,-4.985003462532632
F,2,409.6854786362156,-6.5240431212077965
F,2,431.247872248648,-8.592215869792028
F,2,452.8102658610804,-10.669653215689436
F,2,474.3726594735128,-13.111890841208378
F,2,495.9350530859452,-15.66326880949066
F,2,517.4974466983775,-18.293154385145783
F,2,539.0598403108099,-21.26091641492053
F,2,560.6222339232423,-24.18804086154205
F,2,582.1846275356747,-27.610347511729287
F,2,603.7470211481071,-30.97640019837695
F,2,625.3094147605395,-34.686857637024104
F,3,0.0,0.0
F,3,22.228535284608366,-17.052536146458912
F,3,44.45707056921673,-6.226244096098881
F,3,66.6856058538251,-1.0095394401158444
F,3,88.91414113843346,0.537347580311021
F,3,111.14267642304183,1.3948084104709864
F,3,133.3712117076502,1.5747614735632283
F,3,155.59974699225856,1.206356937015073
F,3,177.82828227686693,0.6749114711685706
F,3,200.0568175614753,-0.026046600660237118
F,3,222.28535284608367,-1.1362845660766823
F,3,244.51388813069204,-2.204390300399723
F,3,266.7424234153004,-3.500472475433355
F,3,288.97095869990875,-4.942673077841221
F,3,311.1994939845171,-6.711204639971754
F,3,333.4280292691255,-8.636661049289842
F,3,355.65656455373386,-10.838061164235057
F,3,377.8850998383422,-13.243399523185019
F,3,400.1136351229506,-15.69138968183239
F,3,422.34217040755897,-18.212597025007426
F,3,444.57070569216734,-20.87056971233477
F,3,466.7992409767757,-23.867233185465295
F,3,489.0277762613841,-26.94763812038161
F,3,511.25631154599245,-30.27814081513702
F,3,533.4848468306008,-33.77376810621081
F,3,555.7133821152091,-37.50133703254744
F,3,577.9419173998175,-41.35085791047311
F,3,600.1704526844259,-45.47923245845743
F,3,622.3989879690342,-49.81582121993961
F,3,644.6275232536426,-54.30639106581634
F,4,0.0,0.0
F,4,21.797726995347794,-14.918718108885717
F,4,43.59545399069559,-4.261204078515547
F,4,65.39318098604338,1.5014994063961922
F,4,87.19090798139118,3.8776272952983106
F,4,108.98863497673898,5.7073640218605135
F,4,130.78636197208675,7.167168350583893
F,4,152.58408896743455,7.179512073475735
F,4,174.38181596278235,7.715714219094565
F,4,196.17954295813016,7.577098099180603
F,4,217.97726995347796,6.96325656831911
F,4,239.77499694882573,5.905002746724733
F,4,261.5727239441735,5.012265728159946
F,4,283.37045093952133,3.389277751563725
F,4,305.1681779348691,1.405248070005598
F,4,326.96590493021694,-1.1990978483446497
F,4,348.7636319255647,-4.293168734241021
F,4,370.5613589209125,-7.438407137618128
F,4,392.3590859162603,-10.942740916807736
F,4,414.1568129116081,-15.027359221922666
F,4,435.9545399069559,-19.314384576621308
F,4,457.7522669023037,-24.199088167256207
F,4,479.54999389765146,-29.15474259301618
F,4,501.3477208929993,-34.29700193222703
F,4,523.145447888347,-39.687433462392335
F,4,544.9431748836948,-45.51164004376625
F,4,566.7409018790427,-51.2660572910703
F,4,588.5386288743905,-57.592126191313014
F,4,610.3363558697382,-63.98727586708719
F,4,632.134082865086,-70.75359370127205
F,5,0.0,0.0
F,5,22.39221112937927,-14.925458247756016
F,5,44.78442225875854,-4.1866355768289125
F,5,67.17663338813782,1.4479643800149944
F,5,89.56884451751708,2.8746373899433877
F,5,111.96105564689634,4.628530862788608
F,5,134.35326677627563,5.4054696066328916
F,5,156.7454779056549,6.031447462723605
F,5,179.13768903503416,6.191645015389071
F,5,201.52990016441342,5.903597319296324
F,5,223.92211129379268,5.631211454478745
F,5,246.31432242317197,4.701457409270972
F,5,268.70653355255126,3.718050217949383
F,5,291.0987446819305,2.455412742567887
F,5,313.4909558113098,0.828523120013017
F,5,335.883166940689,-1.172903500499899
F,5,358.2753780700683,-3.7348170332351174
F,5,380.6675891994476,-6.095305668209278
F,5,403.05980032882684,-8.92105905448119
F,5,425.45201145820613,-12.266150360718655
F,5,447.84422258758536,-15.596049046267012
F,5,470.23643371696465,-19.441856756289383
F,5,492.62864484634395,-23.411765578234167
F,5,515.0208559757232,-27.543527849144823
F,5,537.4130671051025,-31.88508411524475
F,5,559.8052782344818,-36.781024021677354
F,5,582.197489363861,-41.57609128499075
F,5,604.5897004932402,-46.72937147161758
F,5,626.9819116226196,-51.996486464036366
F,5,649.3741227519988,-57.71345840999652
F,6,0.0,0.0
F,6,23.57152749387114,-16.377506711730252
F,6,47.14305498774228,-5.585288210194101
F,6,70.71458248161342,-0.7464548102873181
F,6,94.28610997548456,1.2336631696887252
F,6,117.85763746935571,2.5372769942579083
F,6,141.42916496322684,2.4046152092157627
F,6,165.00069245709798,3.0652102213698242
F,6,188.57221995096913,2.462309478695886
F,6,212.14374744484027,2.161701141504011
F,6,235.71527493871142,0.9434281487777127
F,6,259.28680243258253,-0.5575236065566855
F,6,282.8583299264537,-2.107117950206657
F,6,306.4298574203248,-4.093896448853798
F,6,330.00138491419597,-6.394814705919487
F,6,353.5729124080671,-8.504242749300658
F,6,377.14443990193826,-11.361253167334098
F,6,400.7159673958094,-14.425904966218752
F,6,424.28749488968054,-17.695066365021376
F,6,447.8590223835517,-21.114840889089464
F,6,471.43054987742283,-24.84293538347498
F,6,495.002077371294,-28.634425068498047
F,6,518.5736048651651,-32.86619591929207
F,6,542.1451323590362,-37.409769322528064
F,6,565.7166598529074,-42.026132071322195
F,6,589.2881873467785,-46.87902180196227
F,6,612.8597148406496,-52.043868491295825
F,6,636.4312423345208,-57.22114119746266
F,6,660.0027698283919,-62.918306321184446
F,6,683.5742973222631,-68.42903977331082
F,7,0.0,0.0
F,7,23.98335844735206,-15.157396504943081
F,7,47.96671689470412,-4.0285524931722705
F,7,71.95007534205618,0.9287165911269852
F,7,95.93343378940824,3.039409603429064
F,7,119.9167922367603,4.207531806141873
F,7,143.90015068411236,4.841968060772274
F,7,167.88350913146442,5.373068757748769
F,7,191.86686757881648,5.346153005718378
F,7,215.85022602616854,5.2103170542727355
F,7,239.8335844735206,5.08222111612028
F,7,263.81694292087263,4.2851197163149095
F,7,287.8003013682247,3.5767719014947374
F,7,311.7836598155768,2.7290946231109956
F,7,335.76701826292884,1.345447807808057
F,7,359.7503767102809,-0.24181407244435604
F,7,383.73373515763296,-2.0393667705531016
F,7,407.71709360498505,-4.195889604795411
F,7,431.7004520523371,-6.507960669771137
F,7,455.6838104996891,-9.032869974235098
F,7,479.6671689470412,-11.98556115042527
F,7,503.6505273943933,-15.232340964174512
F,7,527.6338858417453,-18.650524308798822
F,7,551.6172442890974,-22.243433885386594
F,7,575.6006027364494,-26.07548731765951
F,7,599.5839611838015,-30.357310729934397
F,7,623.5673196311536,-34.54317948135633
F,7,647.5506780785056,-39.267498286041246
F,7,671.5340365258577,-44.00772863909617
F,7,695.5173949732098,-49.13593380048246
F,8,0.0,0.0
F,8,25.23048516209557,-15.359374342654672
F,8,50.46097032419114,-3.8489700903576605
F,8,75.69145548628671,-0.9347432904872903
F,8,100.92194064838228,0.5167932973444493
F,8,126.15242581047784,1.3806397076805723
F,8,151.38291097257343,1.8895018108829902
F,8,176.613396134669,1.8137231910501725
F,8,201.84388129676455,1.6423955266395183
F,8,227.0743664588601,1.149727175448561
F,8,252.30485162095567,0.523044121825393
F,8,277.53533678305126,-0.40389195549107626
F,8,302.76582194514685,-1.4356734440738705
F,8,327.9963071072424,-2.83994825400697
F,8,353.226792269338,-4.404616598162079
F,8,378.4572774314335,-6.3014419224390394
F,8,403.6877625935291,-8.303762723180455
F,8,428.9182477556247,-10.679763898524982
F,8,454.1487329177202,-13.469314247194575
F,8,479.3792180798158,-16.329351025528695
F,8,504.60970324191135,-19.334851442033028
F,8,529.840188404007,-22.89932694816639
F,8,555.0706735661025,-26.61190782334654
F,8,580.3011587281981,-30.607301583136632
F,8,605.5316438902937,-35.078609984472564
F,8,630.7621290523892,-39.69908818366628
F,8,655.9926142144848,-44.6802664870894
F,8,681.2230993765803,-49.83801350642864
F,8,706.453584538676,-55.33959022147758
F,8,731.6840697007715,-61.07065696313498
F,9,0.0,0.0
F,9,25.269698057688586,-14.773745075112824
F,9,50.53939611537717,-3.4151448373574524
F,9,75.80909417306576,0.17139058593902234
F,9,101.07879223075435,1.9994651287822194
F,9,126.34849028844293,2.556740570160528
F,9,151.61818834613152,3.0312256671116984
F,9,176.88788640382012,3.141957809412702
F,9,202.1575844615087,2.875555609032233
F,9,227.42728251919726,2.567445168505259
F,9,252.69698057688586,2.174907008032193
F,9,277.96667863457446,1.1757547366750032
F,9,303.23637669226304,0.11587429974542829
F,9,328.5060747499516,-0.9809401100088166
F,9,353.77577280764024,-2.545639965723126
F,9,379.0454708653288,-4.3874830951244235
F,9,404.3151689230174,-6.510947305451964
F,9,429.58486698070595,-9.0682813826582
F,9,454.8545650383945,-11.583775517220715
F,9,480.12426309608315,-14.366381913215434
F,9,505.3939611537717,-17.408878298137495
F,9,530.6636592114603,-20.805202507313595
F,9,555.9333572691489,-24.126291847458447
F,9,581.2030553268374,-27.97030590416807
F,9,606.4727533845261,-31.90940746483534
F,9,631.7424514422147,-36.19376021255448
F,9,657.0121494999032,-40.4988266179123
F,9,682.2818475575918,-44.97038579801938
F,9,707.5515456152805,-50.06427838904301
F,9,732.821243672969,-55.06653191838325
F,10,0.0,0.0
F,10,25.50038483998775,-16.695352470772185
F,10,51.0007696799755,-3.429803453752527
F,10,76.50115451996325,0.33436944275048575
F,10,102.001539359951,2.366883070984514
F,10,127.50192419993874,2.9573490425832745
F,10,153.0023090399265,3.398839975840474
F,10,178.50269387991423,3.6083383137305702
F,10,204.003078719902,3.412052000382232
F,10,229.50346355988975,2.8117941678953002
F,10,255.00384839987748,2.049384059056308
F,10,280.50423323986524,0.642606822459868
F,10,306.004618079853,-0.6494881026529242
F,10,331.50500291984076,-2.45975023115642
F,10,357.00538775982847,-4.546877691404745
F,10,382.5057725998162,-7.018105068926786
F,10,408.006157439804,-9.92783240885774
F,10,433.50654227979174,-13.010961857834332
F,10,459.0069271197795,-16.37841692015803
F,10,484.5073119597672,-19.969255577134902
F,10,510.00769679975497,-23.96447803766631
F,10,535.5080816397427,-28.12367293936262
F,10,561.0084664797305,-32.918760305462115
F,10,586.5088513197182,-37.67795331600507
F,10,612.009236159706,-43.01523408482558
F,10,637.5096209996938,-48.44063007681052
F,10,663.0100058396815,-54.153602281906956
F,10,688.5103906796692,-60.23369754145881
F,10,714.0107755196569,-66.54754273351261
F,10,739.5111603596447,-73.19207817218
F,11,0.0,0.0
F,11,19.997579708029246,-13.717094173638944
F,11,39.99515941605849,-5.045701074619139
F,11,59.992739124087734,-1.2889542678326293
F,11,79.99031883211698,-0.09391915332153644
F,11,99.98789854014623,0.780790757634108
F,11,119.98547824817547,1.592350414932909
F,11,139.98305795620473,1.7343504446807572
F,11,159.98063766423397,1.90083137550576
F,11,179.9782173722632,1.9102532589517978
F,11,199.97579708029247,1.480015830911384
F,11,219.9733767883217,1.4230177816688183
F,11,239.97095649635094,0.8756327762123419
F,11,259.9685362043802,0.15529512469765905
F,11,279.96611591240946,-0.8952776846054462
F,11,299.96369562043867,-1.833517016999167
F,11,319.96127532846793,-2.855835218060008
F,11,339.9588550364972,-4.155441640915001
F,11,359.9564347445264,-5.39349796468224
F,11,379.95401445255567,-7.070845912337745
F,11,399.95159416058493,-8.796151614738676
F,11,419.94917386861414,-10.741280431483347
F,11,439.9467535766434,-12.909143403629002
F,11,459.94433328467267,-14.995092235151617
F,11,479.9419129927019,-17.564224756870146
F,11,499.93949270073114,-20.210150682660185
F,11,519.9370724087604,-23.038593918724644
F,11,539.9346521167896,-26.010793318554875
F,11,559.9322318248189,-29.08195523299719
F,11,579.9298115328481,-32.25970915396681
F,12,0.0,0.0
F,12,19.427089818611012,-15.253154518287065
F,12,38.854179637222025,-7.735726055932215
F,12,58.28126945583304,-3.7931592101956824
F,12,77.70835927444405,-2.732273436427107
F,12,97.13544909305506,-2.3678129931703324
F,12,116.56253891166608,-1.880549102455248
F,12,135.98962873027708,-2.266182464914664
F,12,155.4167185488881,-2.3882353813980615
F,12,174.84380836749912,-2.7817947660089146
F,12,194.27089818611012,-3.65864726480649
F,12,213.69798800472114,-4.799580195964069
F,12,233.12507782333216,-5.811600787229224
F,12,252.55216764194316,-6.9304675008232834
F,12,271.97925746055415,-8.665464784661935
F,12,291.4063472791652,-10.333821012892315
F,12,310.8334370977762,-11.988705484975071
F,12,330.2605269163872,-13.974170430506774
F,12,349.68761673499824,-16.19262409092073
F,12,369.1147065536092,-18.543481217325393
F,12,388.54179637222023,-21.016186653459442
F,12,407.96888619083126,-23.738171965486345
F,12,427.3959760094423,-26.524310932871686
F,12,446.8230658280533,-29.297382098838455
F,12,466.2501556466643,-32.21439970273332
F,12,485.6772454652753,-35.58197533991478
F,12,505.1043352838863,-38.92197550975544
F,12,524.5314251024973,-42.54128757229432
F,12,543.9585149211083,-46.41037036895523
F,12,563.3856047397194,-50.22632964133231
F,13,0.0,0.0
F,13,19.213162220553386,-15.345472655088145
F,13,38.42632444110677,-7.404335696894595
F,13,57.63948666166016,-3.2506393290642777
F,13,76.85264888221354,-2.5735390351288174
F,13,96.06581110276693,-1.2153736049205008
F,13,115.27897332332032,-1.1111363309490514
F,13,134.4921355438737,-0.8841257817151416
F,13,153.7052977644271,-1.2296792161428698
F,13,172.91845998498047,-1.3757814030081477
F,13,192.13162220553386,-1.9385367467911863
F,13,211.34478442608724,-2.5402876366393627
F,13,230.55794664664063,-3.357930911559407
F,13,249.77110886719402,-4.619890678279916
F,13,268.9842710877474,-5.858174287994416
F,13,288.1974333083008,-7.478918887043335
F,13,307.4105955288542,-8.973376293054969
F,13,326.62375774940756,-10.368684240087248
F,13,345.83691996996095,-12.465038080790919
F,13,365.05008219051433,-14.54371612670053
F,13,384.2632444110677,-16.834432050858254
F,13,403.4764066316211,-19.140466339585487
F,13,422.6895688521745,-21.826665749617803
F,13,441.9027310727279,-24.472879130835565
F,13,461.11589329328126,-27.41554000675319
F,13,480.32905551383465,-30.497748022894996
F,13,499.54221773438803,-33.762544066192504
F,13,518.7553799549414,-37.253917900164936
F,13,537.9685421754948,-40.7810977661606
F,13,557.1817043960482,-44.42101895840506
F,14,0.0,0.0
F,14,19.992582414159106,-14.575075315016665
F,14,39.98516482831821,-7.624911561708075
F,14,59.97774724247732,-3.0758672099808138
F,14,79.97032965663642,-1.7253213231499132
F,14,99.96291207079553,-1.00179760699082
F,14,119.95549448495464,-0.7555642001531169
F,14,139.94807689911374,-0.9048257818656396
F,14,159.94065931327285,-1.2049278648304664
F,14,179.93324172743195,-1.4479637148176607
F,14,199.92582414159105,-2.371690387944909
F,14,219.91840655575015,-3.4891674540591
F,14,239.91098896990928,-4.344722824306643
F,14,259.90357138406836,-5.55291120734762
F,14,279.8961537982275,-7.303475415389585
F,14,299.88873621238656,-8.833955106798669
F,14,319.8813186265457,-10.356233266611241
F,14,339.8739010407048,-12.147407306118623
F,14,359.8664834548639,-14.146324918383243
F,14,379.859065869023,-16.46102438043289
F,14,399.8516482831821,-18.79173144913483
F,14,419.84423069734123,-21.48686240826123
F,14,439.8368131115003,-24.168894314022964
F,14,459.82939552565944,-26.923457371671077
F,14,479.82197793981857,-29.821780062146047
F,14,499.81456035397764,-32.805337445676514
F,14,519.8071427681367,-36.06774393460495
F,14,539.7997251822959,-39.624439797173864
F,14,559.792307596455,-43.070037446727724
F,14,579.784890010614,-46.97533902799614
F,15,0.0,0.0
F,15,19.36198685975532,-15.72308193669283
F,15,38.72397371951064,-7.652521622845509
F,15,58.08596057926596,-4.01200706445124
F,15,77.44794743902128,-2.606721610375189
F,15,96.8099342987766,-2.185683710780026
F,15,116.17192115853192,-1.8079489590448077
F,15,135.53390801828724,-2.088850078108237
F,15,154.89589487804255,-2.436476994355985
F,15,174.25788173779787,-2.811071041710278
F,15,193.6198685975532,-4.120279760137265
F,15,212.9818554573085,-5.083127784331367
F,15,232.34384231706383,-6.531739318545817
F,15,251.70582917681915,-7.889324620010456
F,15,271.06781603657447,-9.832778734746569
F,15,290.42980289632976,-11.56697641493588
F,15,309.7917897560851,-13.85644733207755
F,15,329.15377661584046,-16.2021833518466
F,15,348.51576347559575,-18.750585194403527
F,15,367.87775033535104,-20.979031798113624
F,15,387.2397371951064,-23.739809741505837
F,15,406.60172405486173,-26.513080971550494
F,15,425.963710914617,-29.5249498423899
F,15,445.3256977743723,-32.47724928239853
F,15,464.68768463412766,-35.843928935611586
F,15,484.049671493883,-39.27701593013052
F,15,503.4116583536383,-42.61938233136942
F,15,522.7736452133936,-46.356223644286274
F,15,542.1356320731489,-50.34344203409586
F,15,561.4976189329043,-54.4063038041848
F,16,0.0,0.0
F,16,19.79792759827126,-13.400657640053623
F,16,39.59585519654252,-2.1673048036737868
F,16,59.39378279481379,2.126793433821284
F,16,79.19171039308505,4.646702975849919
F,16,98.9896379913563,6.266652767210786
F,16,118.78756558962758,8.067497185751918
F,16,138.58549318789883,9.101623699728975
F,16,158.3834207861701,9.86505977880094
F,16,178.18134838444135,10.586067963824718
F,16,197.9792759827126,10.983563041261874
F,16,217.77720358098387,11.20505731004559
F,16,237.57513117925515,11.699064953222688
F,16,257.3730587775264,11.523095771719284
F,16,277.17098637579767,11.293346253216441
F,16,296.9689139740689,10.636525718508608
F,16,316.7668415723402,9.920614395218081
F,16,336.56476917061144,9.035861799731435
F,16,356.3626967688827,7.890824864134856
F,16,376.16062436715396,6.222158433389325
F,16,395.9585519654252,4.738922538513123
F,16,415.7564795636965,3.022340234518879
F,16,435.55440716196773,1.083376002439934
F,16,455.352334760239,-1.2397452368688846
F,16,475.1502623585103,-3.724785599964548
F,16,494.94818995678156,-6.418968137171873
F,16,514.7461175550528,-9.35634043616193
F,16,534.5440451533241,-12.667137539145074
F,16,554.3419727515953,-16.15687661629454
F,16,574.1399003498666,-19.721035794331897
F,17,0.0,0.0
F,17,20.773513956055066,-13.50846461927887
F,17,41.54702791211013,-2.1620912491590047
F,17,62.32054186816519,2.3811631312922543
F,17,83.09405582422026,4.717701000549496
F,17,103.86756978027533,6.436485108538605
F,17,124.64108373633039,7.9373121890924665
F,17,145.41459769238546,8.582996834866634
F,17,166.18811164844053,9.557799370798051
F,17,186.9616256044956,9.970502737136087
F,17,207.73513956055066,10.057079113367962
F,17,228.50865351660573,9.831392206901597
F,17,249.28216747266077,9.768132436367239
F,17,270.05568142871584,9.086413196045498
F,17,290.8291953847709,8.264192186021546
F,17,311.602709340826,7.0887026828985995
F,17,332.37622329688105,5.640196928306125
F,17,353.1497372529361,3.991737715925126
F,17,373.9232512089912,1.893047976478556
F,17,394.69676516504626,-0.34640922047350386
F,17,415.4702791211013,-2.917292893826584
F,17,436.2437930771564,-5.648151203504199
F,17,457.01730703321147,-8.902312664461022
F,17,477.79082098926654,-12.213188988797299
F,17,498.56433494532155,-15.986626581095777
F,17,519.3378489013767,-19.813239952947754
F,17,540.1113628574317,-24.010596969054177
F,17,560.8848768134868,-28.4265668893637
F,17,581.6583907695418,-33.04070408784048
F,17,602.431904725597,-37.900050788283465
F,18,0.0,0.0
F,18,18.19440094630818,-14.653190411139715
F,18,36.38880189261636,-3.8885197641900504
F,18,54.583202838924535,0.3911681452671303
F,18,72.77760378523271,2.5736009481961304
F,18,90.97200473154089,3.6926659528789543
F,18,109.16640567784907,4.873600675272641
F,18,127.36080662415725,5.444576098784722
F,18,145.55520757046543,6.272754682289758
F,18,163.7496085167736,6.724337943483675
F,18,181.94400946308178,7.033451504246813
F,18,200.13841040938996,7.042776751874612
F,18,218.33281135569814,6.737194038202716
F,18,236.52721230200632,6.452478273274522
F,18,254.7216132483145,5.995705521461446
F,18,272.9160141946227,5.236826993628313
F,18,291.11041514093085,4.353440636611992
F,18,309.30481608723903,3.313775751033461
F,18,327.4992170335472,2.111504175761695
F,18,345.6936179798554,0.6215643731103455
F,18,363.88801892616357,-1.0259064299476677
F,18,382.08241987247175,-2.751796373964055
F,18,400.2768208187799,-4.837714250219278
F,18,418.4712217650881,-6.901361079425271
F,18,436.6656227113963,-9.13135757611957
F,18,454.86002365770446,-11.626152364813208
F,18,473.05442460401264,-14.345937481943736
F,18,491.2488255503208,-17.044860308919624
F,18,509.443226496629,-19.908123346103196
F,18,527.6376274429372,-23.24193888144083
F,19,0.0,0.0
F,19,20.397701360439513,-13.736253624953125
F,19,40.795402720879025,-2.220309181043234
F,19,61.19310408131854,2.451907539512341
F,19,81.59080544175805,5.3149227108290376
F,19,101.98850680219756,7.321500144967459
F,19,122.38620816263708,8.707856311198867
F,19,142.7839095230766,10.245847287506706
F,19,163.1816108835161,11.487256524326313
F,19,183.5793122439556,12.217019536340558
F,19,203.97701360439513,13.14428905961202
F,19,224.37471496483465,13.615547069055708
F,19,244.77241632527415,14.185741726119204
F,19,265.17011768571365,14.436166285309014
F,19,285.5678190461532,14.331761463156283
F,19,305.9655204065927,14.275106774654148
F,19,326.3632217670322,14.096935531076042
F,19,346.7609231274717,13.5827634714841
F,19,367.1586244879112,13.138481273034927
F,19,387.55632584835075,12.272993859422343
F,19,407.95402720879025,11.453635356314749
F,19,428.35172856922975,10.254569445224774
F,19,448.7494299296693,9.00643307823674
F,19,469.1471312901088,7.526662315961971
F,19,489.5448326505483,5.738024933819872
F,19,509.9425340109878,3.7921562634757606
F,19,530.3402353714273,1.655370410301316
F,19,550.7379367318669,-0.6566801444562316
F,19,571.1356380923064,-3.297197978623444
F,19,591.5333394527458,-6.022776985232554
F,20,0.0,0.0
F,20,20.00424082459439,-14.741397463827035
F,20,40.00848164918878,-2.614242878248838
F,20,60.01272247378317,1.7988870965394241
F,20,80.01696329837756,3.84008595848924
F,20,100.02120412297195,5.310819736878287
F,20,120.02544494756634,6.742458100612069
F,20,140.02968577216075,7.857951774741252
F,20,160.03392659675512,8.792407375094626
F,20,180.0381674213495,9.399130749711219
F,20,200.0424082459439,9.999020038930922
F,20,220.0466490705383,10.338145815584596
F,20,240.05088989513268,10.45792688896276
F,20,260.05513071972706,10.549200380942409
F,20,280.0593715443215,10.205132825114958
F,20,300.06361236891587,9.940390275396851
F,20,320.06785319351025,9.322961796016557
F,20,340.0720940181046,8.501401515783868
F,20,360.076334842699,7.5356553371534005
F,20,380.08057566729343,6.320072944840206
F,20,400.0848164918878,4.986145161454772
F,20,420.0890573164822,3.3823000060244226
F,20,440.0932981410766,1.7196369005205838
F,20,460.097538965671,-0.3199970514473307
F,20,480.10177979026537,-2.5291401898390973
F,20,500.10602061485974,-4.843178826183248
F,20,520.1102614394541,-7.423335175577222
F,20,540.1145022640485,-10.11642432089991
F,20,560.118743088643,-13.12508068161992
F,20,580.1229839132374,-16.250217627979623
F,21,0.0,0.0
F,21,18.635720805687896,-14.630260863958245
F,21,37.27144161137579,-3.1955929230457514
F,21,55.90716241706369,2.6876649978830187
F,21,74.54288322275158,5.897333865002523
F,21,93.17860402843948,7.939428546410483
F,21,111.81432483412738,10.196153438466595
F,21,130.45004563981527,11.905882814715994
F,21,149.08576644550317,13.536647111903392
F,21,167.72148725119106,14.963825876843401
F,21,186.35720805687896,15.968085451519215
F,21,204.99292886256686,16.779462855431206
F,21,223.62864966825475,17.38016127237779
F,21,242.26437047394265,17.84584662423171
F,21,260.90009127963054,17.902292217581078
F,21,279.5358120853184,17.8308126686008
F,21,298.17153289100634,17.44593904303389
F,21,316.80725369669426,16.998931978682833
F,21,335.4429745023821,16.210118716709303
F,21,354.07869530807,15.222756371741525
F,21,372.7144161137579,14.08087578593728
F,21,391.35013691944584,12.660615346713598
F,21,409.9858577251337,10.917518650563295
F,21,428.6215785308216,9.240647976791934
F,21,447.2572993365095,7.0965455190778925
F,21,465.89302014219743,4.909353097996473
F,21,484.5287409478853,2.4528730910930108
F,21,503.16446175357316,-0.3366345997656026
F,21,521.8001825592611,-3.317412494384712
F,21,540.435903364949,-6.506440469552103
F,22,0.0,0.0
F,22,18.43593779469464,-11.960668638278879
F,22,36.87187558938928,2.1412852223606933
F,22,55.30781338408393,9.606558061127998
F,22,73.74375117877857,15.111476776721716
F,22,92.1796889734732,17.67111004275077
F,22,110.61562676816786,20.242497888481466
F,22,129.0515645628625,21.87916728149824
F,22,147.48750235755713,22.344871513796875
F,22,165.92344015225177,22.650361688284022
F,22,184.3593779469464,21.7638080842425
F,22,202.79531574164105,20.380826663397443
F,22,221.23125353633571,17.88948623902874
F,22,239.66719133103035,15.17393463323117
F,22,258.103129125725,12.102645000982818
F,22,276.5390669204196,9.0636148854
F,22,294.97500471511427,4.788697273287994
F,22,313.41094250980893,0.8298067369649971
F,22,331.84688030450354,-3.805629120803758
F,22,350.2828180991982,-8.624152112055981
F,22,368.7187558938928,-13.592892280521824
F,22,387.1546936885875,-19.281892944119022
F,22,405.5906314832821,-24.72038571841921
F,22,424.02656927797676,-30.369611961010833
F,22,442.46250707267143,-35.73003226668834
F,22,460.89844486736604,-41.4879086362439
F,22,479.3343826620607,-47.443152674824205
F,22,497.7703204567553,-53.017836041948385
F,22,516.20625825145,-59.43579665767106
F,22,534.6421960461446,-65.50905738345551
F,23,0.0,0.0
F,23,16.85608849024259,-13.654604366333954
F,23,33.71217698048518,-3.445873675733207
F,23,50.56826547072777,3.526396188764558
F,23,67.42435396097036,6.8248893542268405
F,23,84.28044245121296,8.893196548808277
F,23,101.13653094145555,11.25220646826304
F,23,117.99261943169813,12.818470482037384
F,23,134.84870792194073,14.149340018809795
F,23,151.70479641218333,15.260350946670485
F,23,168.56088490242593,15.680980006671462
F,23,185.4169733926685,16.05407845816083
F,23,202.2730618829111,16.03904902649677
F,23,219.1291503731537,15.591168467607986
F,23,235.98523886339626,15.137469766902996
F,23,252.84132735363886,14.122906939601535
F,23,269.69741584388146,12.882301696983347
F,23,286.55350433412406,11.27917168541245
F,23,303.40959282436665,9.40751757996361
F,23,320.26568131460925,7.2200903916493075
F,23,337.12176980485185,5.006655172300441
F,23,353.9778582950944,2.2708749488655258
F,23,370.833946785337,-0.6469868058651969
F,23,387.6900352755796,-4.009159181898326
F,23,404.5461237658222,-7.412051187089162
F,23,421.4022122560648,-11.263793441082669
F,23,438.2583007463074,-15.480533015612423
F,23,455.11438923655,-19.572800135677596
F,23,471.9704777267925,-24.36338116413259
F,23,488.8265662170352,-28.991293020634828
F,24,0.0,0.0
F,24,19.976522043588297,-12.569488473749264
F,24,39.95304408717659,-1.556454586068007
F,24,59.92956613076489,4.140423427365768
F,24,79.90608817435319,6.7829034610603145
F,24,99.88261021794148,8.926403278012316
F,24,119.85913226152978,10.463429920799214
F,24,139.83565430511808,11.685087077218924
F,24,159.81217634870637,12.891039510230542
F,24,179.78869839229466,13.432284355109061
F,24,199.76522043588295,13.747976487112368
F,24,219.74174247947127,13.348324542868937
F,24,239.71826452305956,13.34681256268712
F,24,259.69478656664785,12.5991171943337
F,24,279.67130861023617,12.086170091283748
F,24,299.6478306538244,10.714150966519014
F,24,319.62435269741275,9.32911599030416
F,24,339.60087474100106,7.886600398464793
F,24,359.5773967845893,5.939547952439284
F,24,379.55391882817764,3.759265591574433
F,24,399.5304408717659,1.2890797482368725
F,24,419.5069629153542,-1.3740259235834742
F,24,439.48348495894254,-4.160170135994235
F,24,459.4600070025308,-7.1035276183747555
F,24,479.4365290461191,-10.40887673426613
F,24,499.41305108970744,-14.112828976251933
F,24,519.3895731332957,-17.813218533307236
F,24,539.366095176884,-21.860932946495836
F,24,559.3426172204723,-26.181300717069348
F,24,579.3191392640606,-30.633024942039697
F,25,0.0,0.0
F,25,17.83266851762824,-14.236567784506503
F,25,35.66533703525648,-1.8830377114470664
F,25,53.49800555288472,5.564596364268873
F,25,71.33067407051296,8.818820218661287
F,25,89.16334258814119,11.76800098407702
F,25,106.99601110576944,13.218145670721867
F,25,124.82867962339768,14.586909697116624
F,25,142.6613481410259,14.552427488441538
F,25,160.49401665865415,14.028053068980569
F,25,178.32668517628238,13.138241856059949
F,25,196.15935369391062,11.863495629021315
F,25,213.99202221153888,10.000602863446574
F,25,231.82469072916712,7.471428039306545
F,25,249.65735924679535,4.86681612438548
F,25,267.4900277644236,1.3891519220341024
F,25,285.3226962820518,-1.595134164493686
F,25,303.15536479968006,-5.047506806104707
F,25,320.9880333173083,-9.120875105950518
F,25,338.82070183493653,-13.383519618962737
F,25,356.65337035256476,-18.16113605871584
F,25,374.486038870193,-22.931554908283147
F,25,392.31870738782123,-27.642353699280534
F,25,410.15137590544947,-32.89915523885088
F,25,427.98404442307776,-37.7946861577376
F,25,445.816712940706,-43.515248704188934
F,25,463.64938145833423,-49.24265295852496
F,25,481.48204997596247,-54.908100310845896
F,25,499.3147184935907,-60.46885642541196
F,25,517.1473870112189,-66.44605783850318
G,1,0.0,0.0
G,1,24.506146421307268,-14.544694039903765
G,1,49.012292842614535,-2.077041221442599
G,1,73.5184392639218,3.349806617210902
G,1,98.02458568522907,5.689395226176956
G,1,122.53073210653633,7.302088714516344
G,1,147.0368785278436,7.5539389910127
G,1,171.54302494915086,7.239124470858059
G,1,196.04917137045814,6.534007801721799
G,1,220.55531779176542,5.617718044123535
G,1,245.06146421307267,4.297025740748893
G,1,269.56761063437995,2.1711434863703403
G,1,294.0737570556872,0.19478721577019087
G,1,318.5799034769945,-2.439122513026348
G,1,343.0860498983017,-4.884438825389736
G,1,367.592196319609,-7.892340322119082
G,1,392.0983427409163,-11.123546813582323
G,1,416.60448916222356,-14.742345051963639
G,1,441.11063558353084,-18.80657063310713
G,1,465.61678200483806,-22.734760261465567
G,1,490.12292842614534,-27.577528391356964
G,1,514.6290748474527,-32.25497104571531
G,1,539.1352212687599,-37.665558870076836
G,1,563.6413676900671,-43.095581172732864
G,1,588.1475141113744,-48.890817494009525
G,1,612.6536605326817,-54.89318897939506
G,1,637.159806953989,-61.27067767589483
G,1,661.6659533752962,-67.87344737498461
G,1,686.1720997966034,-74.91484278309133
G,1,710.6782462179108,-82.0582915101254
G,2,0.0,0.0
G,2,22.722289063553543,-15.831345843715566
G,2,45.444578127107086,-4.290779051297513
G,2,68.16686719066062,2.4256060424876296
G,2,90.88915625421417,5.720677138795523
G,2,113.61144531776772,7.040205059334454
G,2,136.33373438132125,7.268922405894756
G,2,159.0560234448748,7.383992262867736
G,2,181.77831250842834,6.805092606626005
G,2,204.5006015719819,5.8143270816621
G,2,227.22289063553544,4.635703291181187
G,2,249.94517969908898,2.707076641647376
G,2,272.6674687626425,0.7311799109853041
G,2,295.38975782619605,-2.072379846834565
G,2,318.1120468897496,-4.559406495192945
G,2,340.83433595330314,-8.041490518469232
G,2,363.5566250168567,-11.953417157398064
G,2,386.27891408041023,-16.226066810227962
G,2,409.0012031439638,-20.872568796727933
G,2,431.7234922075173,-25.433703326822922
G,2,454.44578127107087,-30.862915083770304
G,2,477.1680703346244,-36.431927624761954
G,2,499.89035939817796,-42.16824880781587
G,2,522.6126484617315,-48.365317641436036
G,2,545.334937525285,-54.90392714860218
G,2,568.0572265888386,-61.50649496716733
G,2,590.7795156523921,-68.32360908355724
G,2,613.5018047159457,-75.68439789453134
G,2,636.2240937794992,-82.95673252179154
G,2,658.9463828430528,-90.74643174929247
G,3,0.0,0.0
G,3,15.722763317960354,-15.722763317960354
G,3,31.445526635920707,-12.714805097685922
G,3,47.16828995388106,-9.348356000420743
G,3,62.891053271841415,-7.241820854647742
G,3,78.61381658980177,-6.817937929162298
G,3,94.33657990776211,-7.446963712325271
G,3,110.05934322572247,-10.504192661139868
G,3,125.78210654368283,-13.638171876670768
G,3,141.5048698616432,-17.42233539051597
G,3,157.22763317960354,-20.96491425655853
G,3,172.9503964975639,-25.21315759633498
G,3,188.67315981552423,-31.4449143402355
G,3,204.3959231334846,-36.44093004452583
G,3,220.11868645144494,-42.025230656626064
G,3,235.8414497694053,-48.282259543111394
G,3,251.56421308736566,-54.48040266324921
G,3,267.286976405326,-61.31454193018209
G,3,283.0097397232864,-68.53243958588789
G,3,298.73250304124673,-75.68138614310294
G,3,314.4552663592071,-82.12925889327491
G,3,330.17802967716744,-89.6055988000177
G,3,345.9007929951278,-97.31467911026897
G,3,361.62355631308816,-105.26099185343634
G,3,377.34631963104846,-112.78523801867857
G,3,393.0690829490088,-120.23435767351094
G,3,408.7918462669692,-128.26360362409724
G,3,424.51460958492953,-136.8733381556379
G,3,440.2373729028899,-145.1970637799734
G,3,455.96013622085025,-154.03686892651132
G,4,0.0,0.0
G,4,9.449192970233229,-9.449192970233229
G,4,18.898385940466458,-14.128737162716464
G,4,28.34757891069969,-18.8082813551997
G,4,37.796771880932916,-12.558162866833577
G,4,47.24596485116614,-9.689712818891877
G,4,56.69515782139938,-9.962334790291642
G,4,66.1443507916326,-10.113664325137321
G,4,75.59354376186583,-10.894879933244681
G,4,85.04273673209906,-10.385924461164649
G,4,94.49192970233229,-13.267737836259016
G,4,103.94112267256551,-17.296149807312887
G,4,113.39031564279875,-17.64028465781118
G,4,122.83950861303198,-19.435987165968854
G,4,132.2887015832652,-22.898286017794405
G,4,141.73789455349842,-25.589356759802698
G,4,151.18708752373166,-28.004501530895922
G,4,160.6362804939649,-30.450204625600435
G,4,170.08547346419812,-33.50351799519976
G,4,179.53466643443136,-36.3657310250839
G,4,188.98385940466457,-40.587215641158025
G,4,198.4330523748978,-44.39481007771707
G,4,207.88224534513103,-49.61900274324225
G,4,217.33143831536427,-52.31261906337369
G,4,226.7806312855975,-56.73746803699777
G,4,236.22982425583072,-60.78712585101397
G,4,245.67901722606396,-65.31312318780189
G,4,255.12821019629718,-70.03142067412159
G,4,264.5774031665304,-75.2878355607854
G,4,274.02659613676366,-79.1118773406613
G,5,0.0,0.0
G,5,5.512548019039529,-5.512548019039529
G,5,11.025096038079058,-11.025096038079058
G,5,16.537644057118587,-16.537644057118587
G,5,22.050192076158115,-12.111935511565493
G,5,27.562740095197643,-17.62448353060502
G,5,33.075288114237175,-13.19877498505193
G,5,38.5878361332767,-12.293680797809497
G,5,44.10038415231623,-15.990749712335571
G,5,49.61293217135576,-12.427381084793161
G,5,55.12548019039529,-14.148998640091804
G,5,60.638028209434815,-15.095215226297334
G,5,66.15057622847435,-16.45929340551124
G,5,71.66312424751388,-17.229051220502107
G,5,77.1756722665534,-17.546132878997668
G,5,82.68822028559293,-15.283684807564867
G,5,88.20076830463246,-13.829666131507267
G,5,93.71331632367199,-14.20726380693101
G,5,99.22586434271152,-14.896961022769531
G,5,104.73841236175105,-15.294103280417445
G,5,110.25096038079057,-16.493635464886097
G,5,115.7635083998301,-15.392037147017561
G,5,121.27605641886963,-16.570026347305998
G,5,126.78860443790916,-17.467782227390302
G,5,132.3011524569487,-18.119277591608437
G,5,137.8137004759882,-21.065620367464646
G,5,143.32624849502776,-23.241837527677035
G,5,148.83879651406727,-23.522149481666716
G,5,154.3513445331068,-25.154009193402715
G,5,159.86389255214632,-28.018020171985597
G,6,0.0,0.0
G,6,21.217416093086598,-15.31199904607614
G,6,42.434832186173196,-6.606163340825681
G,6,63.652248279259794,-4.010459649890073
G,6,84.86966437234639,-3.6836024877223537
G,6,106.08708046543299,-4.633655731866938
G,6,127.30449655851959,-5.540745979559617
G,6,148.5219126516062,-7.679322584672491
G,6,169.73932874469278,-10.324317130344383
G,6,190.95674483777938,-12.971261250835198
G,6,212.17416093086598,-16.50025792022771
G,6,233.39157702395258,-20.001288196189677
G,6,254.60899311703918,-24.420339785382254
G,6,275.8264092101258,-28.455920922229495
G,6,297.0438253032124,-33.46167102965694
G,6,318.26124139629894,-38.56691963275665
G,6,339.47865748938557,-44.176873622087214
G,6,360.6960735824722,-50.13519103913768
G,6,381.91348967555876,-56.107316219485995
G,6,403.13090576864533,-62.827474076094916
G,6,424.34832186173196,-69.5876907900165
G,6,445.5657379548186,-77.0180551011054
G,6,466.78315404790516,-84.71547138934062
G,6,488.0005701409917,-92.62943885857322
G,6,509.21798623407835,-100.75709396112495
G,6,530.435402327165,-109.40379815040649
G,6,551.6528184202516,-118.3039503649145
G,6,572.8702345133381,-127.84121798877294
G,6,594.0876506064247,-137.32631482532844
G,6,615.3050666995114,-147.38915129298874
G,7,0.0,0.0
G,7,4.945044616812067,-4.945044616812067
G,7,9.890089233624135,-9.890089233624135
G,7,14.835133850436202,-14.835133850436202
G,7,19.78017846724827,-19.78017846724827
G,7,24.72522308406034,-24.72522308406034
G,7,29.670267700872405,-21.943931549510722
G,7,34.61531231768447,-12.761933572266003
G,7,39.56035693449654,-12.795543393467312
G,7,44.50540155130861,-13.60005694586188
G,7,49.45044616812068,-9.303225856576837
G,7,54.39549078493274,-9.343596362938591
G,7,59.34053540174481,-8.675561071098457
G,7,64.28558001855687,-10.755952936498417
G,7,69.23062463536894,-12.453881179203044
G,7,74.17566925218101,-14.327726769332799
G,7,79.12071386899308,-15.407713766808158
G,7,84.06575848580515,-16.70912151058404
G,7,89.01080310261722,-15.712342483410069
G,7,93.95584771942929,-18.253523111208096
G,7,98.90089233624136,-18.235574725149093
G,7,103.84593695305341,-21.713857065875672
G,7,108.79098156986548,-21.036671865013034
G,7,113.73602618667755,-21.342483899843998
G,7,118.68107080348962,-24.053165043213127
G,7,123.62611542030169,-26.815400926281768
G,7,128.57116003711374,-28.128790069411863
G,7,133.51620465392583,-31.014772581024673
G,7,138.46124927073788,-31.681159217146217
G,7,143.40629388754996,-31.97548922672739
G,8,0.0,0.0
G,8,16.31942281427333,-13.877603613241142
G,8,32.63884562854666,-10.170570389338184
G,8,48.95826844281999,-6.641229358911744
G,8,65.27769125709332,-6.420223870893089
G,8,81.59711407136666,-7.492829372722923
G,8,97.91653688563999,-9.99974165676251
G,8,114.23595969991331,-12.799996006045362
G,8,130.55538251418665,-16.214955007460233
G,8,146.87480532845998,-20.370659023838385
G,8,163.19422814273332,-25.7998509676236
G,8,179.51365095700663,-31.17774019186544
G,8,195.83307377127997,-36.90209172475443
G,8,212.1524965855533,-43.32522768623994
G,8,228.47191939982662,-49.81261137745
G,8,244.79134221409996,-57.12571447282332
G,8,261.1107650283733,-64.411656547105
G,8,277.4301878426466,-71.95433029349508
G,8,293.74961065691997,-79.87077974375521
G,8,310.0690334711933,-87.95742215579881
G,8,326.38845628546665,-96.42923363417594
G,8,342.70787909973996,-104.77559944582839
G,8,359.02730191401326,-113.5181971226788
G,8,375.34672472828663,-122.48772969433946
G,8,391.66614754255994,-131.4510022315253
G,8,407.98557035683325,-140.3231256081312
G,8,424.3049931711066,-149.7441667298167
G,8,440.6244159853799,-159.0200881776525
G,8,456.94383879965324,-168.45760005511556
G,8,473.2632616139266,-178.15987270400012
G,9,0.0,0.0
G,9,5.732274138608248,-5.732274138608248
G,9,11.464548277216496,-11.464548277216496
G,9,17.196822415824744,-17.196822415824744
G,9,22.92909655443299,-22.92909655443299
G,9,28.66137069304124,-17.848919035000893
G,9,34.39364483164949,-19.102529054345375
G,9,40.125918970257736,-12.559467973194543
G,9,45.85819310886598,-13.420838134744947
G,9,51.59046724747423,-12.605618380934132
G,9,57.32274138608248,-14.072934753921096
G,9,63.055015524690724,-16.548902476372014
G,9,68.78728966329898,-18.652013824470906
G,9,74.51956380190722,-19.91935934381737
G,9,80.25183794051547,-19.567103517351256
G,9,85.98411207912372,-19.771638502351735
G,9,91.71638621773197,-19.588337352141934
G,9,97.44866035634021,-19.478962623260017
G,9,103.18093449494846,-22.629983832718537
G,9,108.9132086335567,-22.752147013770042
G,9,114.64548277216495,-24.505684655054495
G,9,120.3777569107732,-26.739178780232066
G,9,126.11003104938145,-27.012274707340126
G,9,131.8423051879897,-28.132912176140152
G,9,137.57457932659796,-30.264060646182685
G,9,143.3068534652062,-33.04104947695342
G,9,149.03912760381445,-35.63717791016704
G,9,154.77140174242268,-38.06702558242591
G,9,160.50367588103094,-39.85880735462531
G,9,166.23595001963918,-42.24583719706
G,10,0.0,0.0
G,10,18.029899696076395,-16.27751716714564
G,10,36.05979939215279,-7.318588945274033
G,10,54.08969908822918,-2.3869896682734435
G,10,72.11959878430558,-0.3467508874880991
G,10,90.14949848038198,-0.40082051707318556
G,10,108.17939817645836,-0.2406000633587979
G,10,126.20929787253476,-1.3159242354155083
G,10,144.23919756861116,-2.5777384891177633
G,10,162.26909726468756,-4.049235711768972
G,10,180.29899696076396,-6.1373857418328726
G,10,198.32889665684036,-8.35899143616848
G,10,216.35879635291673,-10.832637675240079
G,10,234.38869604899313,-14.22569859595066
G,10,252.41859574506952,-17.537227044983155
G,10,270.44849544114595,-21.301849300839024
G,10,288.4783951372223,-25.36704302514687
G,10,306.5082948332987,-29.86764001712868
G,10,324.5381945293751,-34.72410912386107
G,10,342.5680942254515,-39.664326010737625
G,10,360.5979939215279,-44.7702371476679
G,10,378.6278936176043,-50.55773366486051
G,10,396.6577933136807,-56.37055369018577
G,10,414.6876930097571,-62.428291892664674
G,10,432.71759270583345,-69.12672167728743
G,10,450.7474924019099,-75.85638621329099
G,10,468.77739209798625,-82.79350942448059
G,10,486.8072917940627,-89.99807673233101
G,10,504.83719149013905,-97.50153616578928
G,10,522.8670911862155,-105.26841486959779
G,11,0.0,0.0
G,11,20.33347239368618,-16.19495743212207
G,11,40.66694478737236,-4.588207799794226
G,11,61.00041718105854,-0.5147584006249559
G,11,81.33388957474472,1.0994695103547514
G,11,101.6673619684309,2.5231059818547408
G,11,122.00083436211708,3.133651652418564
G,11,142.33430675580325,4.074146748412915
G,11,162.66777914948943,4.441349522456875
G,11,183.0012515431756,4.550918707835251
G,11,203.3347239368618,4.830345394764464
G,11,223.66819633054797,4.4856224522816035
G,11,244.00166872423415,4.266115695966192
G,11,264.33514111792033,3.7138700989627296
G,11,284.6686135116065,3.1271975387994075
G,11,305.0020859052927,2.0957229611148023
G,11,325.33555829897887,1.0331773729937481
G,11,345.66903069266505,-0.48204258566545377
G,11,366.0025030863512,-2.0450439849249733
G,11,386.3359754800374,-3.907825291446329
G,11,406.6694478737236,-5.97396191723135
G,11,427.00292026740976,-8.25774160726337
G,11,447.33639266109594,-10.663526337119208
G,11,467.6698650547821,-13.27379137577151
G,11,488.0033374484683,-16.033096966949188
G,11,508.3368098421545,-19.07289145381668
G,11,528.6702822358407,-22.374097624073897
G,11,549.0037546295268,-25.716515484632964
G,11,569.337227023213,-29.46832985323738
G,11,589.6706994168992,-33.28225097407699
G,12,0.0,0.0
G,12,19.876079223052546,-15.935244670807855
G,12,39.75215844610509,-5.378682280054619
G,12,59.62823766915764,-1.3731583104995693
G,12,79.50431689221018,-0.0009708868790312408
G,12,99.38039611526273,1.0946566908262838
G,12,119.25647533831528,1.962468066581522
G,12,139.1325545613678,2.492069561435244
G,12,159.00863378442037,2.838327536036843
G,12,178.88471300747293,2.977009404045589
G,12,198.76079223052545,2.822043962994286
G,12,218.636871453578,2.634584267483376
G,12,238.51295067663057,2.306544482464659
G,12,258.3890298996831,1.6917198462076612
G,12,278.2651091227356,0.8795328232505994
G,12,298.1411883457882,-0.07338533378373313
G,12,318.01726756884074,-1.0751740162663737
G,12,337.8933467918933,-2.6026594217290153
G,12,357.76942601494585,-3.9430491152945706
G,12,377.64550523799835,-5.754312576245752
G,12,397.5215844610509,-7.666472003139347
G,12,417.39766368410346,-9.725614815943175
G,12,437.273742907156,-12.160884790548494
G,12,457.1498221302086,-14.653235928151446
G,12,477.02590135326113,-17.47389851547763
G,12,496.90198057631363,-20.373111775899133
G,12,516.7780597993662,-23.530386155620022
G,12,536.6541390224187,-26.86488117102283
G,12,556.5302182454712,-30.384085591145663
G,12,576.4062974685238,-34.11252366637359
G,13,0.0,0.0
G,13,20.221179758380842,-15.801528872773861
G,13,40.442359516761684,-5.058430770136027
G,13,60.663539275142526,-0.8229383257481473
G,13,80.88471903352337,0.4664505208191372
G,13,101.10589879190421,1.6404443545650906
G,13,121.32707855028505,2.3187210319891705
G,13,141.54825830866588,2.996145403038639
G,13,161.76943806704674,3.2764690755694517
G,13,181.9906178254276,3.537950636541126
G,13,202.21179758380842,3.52757961718126
G,13,222.43297734218925,3.0181333829276014
G,13,242.6541571005701,2.792152218397206
G,13,262.87533685895096,1.944673597272356
G,13,283.09651661733176,1.243098189729153
G,13,303.3176963757126,0.28285992283849737
G,13,323.53887613409347,-0.8194169385908481
G,13,343.7600558924743,-2.2520082022391534
G,13,363.9812356508552,-3.8450751534885512
G,13,384.202415409236,-5.5075377250543625
G,13,404.42359516761684,-7.505003512242524
G,13,424.6447749259977,-9.72270020354756
G,13,444.8659546843785,-12.120034565705623
G,13,465.08713444275935,-14.61133254130425
G,13,485.3083142011402,-17.404698584464086
G,13,505.52949395952106,-20.33119423671974
G,13,525.7506737179019,-23.41720788343065
G,13,545.9718534762827,-26.788320292494745
G,13,566.1930332346635,-30.40175518319154
G,13,586.4142129930444,-34.09416543966972
G,14,0.0,0.0
G,14,20.443371011537604,-16.093613411824197
G,14,40.88674202307521,-4.676479547982147
G,14,61.33011303461281,-0.3765721422866193
G,14,81.77348404615041,1.3095429858925343
G,14,102.21685505768802,2.3252351410270364
G,14,122.66022606922562,3.5777032866607072
G,14,143.10359708076322,3.913491041872163
G,14,163.54696809230083,4.387853810823401
G,14,183.99033910383844,4.690894825928325
G,14,204.43371011537604,4.517706913434864
G,14,224.87708112691365,4.527446677299366
G,14,245.32045213845123,4.112009631496761
G,14,265.76382314998887,3.598230752819177
G,14,286.20719416152644,2.8002939889219647
G,14,306.6505651730641,1.759211781748263
G,14,327.09393618460166,0.6432929904794946
G,14,347.53730719613924,-0.7804077917107861
G,14,367.9806782076769,-2.3448046772372777
G,14,388.42404921921445,-4.164549116387661
G,14,408.8674202307521,-6.099282729930906
G,14,429.31079124228967,-8.18700747667441
G,14,449.7541622538273,-10.549966555765195
G,14,470.1975332653649,-13.191373527540577
G,14,490.64090427690246,-15.840072153067467
G,14,511.0842752884401,-18.908994651243518
G,14,531.5276462999777,-22.03936700126667
G,14,551.9710173115153,-25.492797463500665
G,14,572.4143883230529,-29.128096954639545
G,14,592.8577593345905,-33.02069268552168
G,15,0.0,0.0
G,15,20.376314200268162,-17.064046929431505
G,15,40.752628400536324,-5.460360514005167
G,15,61.128942600804486,-0.9371722751194085
G,15,81.50525680107265,0.6677209870940573
G,15,101.8815710013408,1.7340820236186119
G,15,122.25788520160897,2.9399413937184278
G,15,142.63419940187714,3.3024808114166717
G,15,163.0105136021453,3.729088157864311
G,15,183.38682780241345,4.239729237414338
G,15,203.7631420026816,4.322806654009696
G,15,224.1394562029498,4.351915583385278
G,15,244.51577040321794,4.124994673474504
G,15,264.8920846034861,3.7212950593087726
G,15,285.2683988037543,3.1753033103478288
G,15,305.64471300402244,2.2840378389334433
G,15,326.0210272042906,1.3202222946724191
G,15,346.39734140455874,0.22064606743992954
G,15,366.7736556048269,-1.1494034277685046
G,15,387.14996980509505,-2.6230701515893884
G,15,407.5262840053632,-4.448277166636501
G,15,427.9025982056314,-6.401707358687474
G,15,448.2789124058996,-8.475317873324855
G,15,468.65522660616773,-10.933078504822731
G,15,489.0315408064359,-13.371861089226798
G,15,509.40785500670404,-16.13181773107243
G,15,529.7841692069723,-19.203087810926945
G,15,550.1604834072403,-22.461472486665116
G,15,570.5367976075086,-25.867408345254603
G,15,590.9131118077767,-29.446595762561856
G,16,0.0,0.0
G,16,18.16208670795495,-15.342679312798825
G,16,36.3241734159099,-3.1436890720858344
G,16,54.486260123864845,1.8666341666193347
G,16,72.6483468318198,4.8725399875074515
G,16,90.81043353977475,6.459121593111519
G,16,108.97252024772969,8.253475678876825
G,16,127.13460695568463,9.140801289348161
G,16,145.2966936636396,10.250551473334895
G,16,163.45878037159454,11.358688273255837
G,16,181.6208670795495,11.53683438796969
G,16,199.78295378750443,11.728981480692482
G,16,217.94504049545938,11.572731719894591
G,16,236.10712720341434,11.264743826959176
G,16,254.26921391136926,10.63883016613363
G,16,272.43130061932425,9.673269351734973
G,16,290.5933873272792,8.378479219332405
G,16,308.7554740352341,7.084227170474264
G,16,326.9175607431891,5.437837587918182
G,16,345.079647451144,3.4779657990310966
G,16,363.241734159099,1.3254673183981822
G,16,381.4038208670539,-0.8843424469062029
G,16,399.56590757500885,-3.537007051210992
G,16,417.72799428296383,-6.370996266600457
G,16,435.89008099091876,-9.536856013802776
G,16,454.0521676988737,-12.725968368975941
G,16,472.2142544068287,-16.122274647525103
G,16,490.3763411147836,-19.70627428903748
G,16,508.5384278227385,-23.424174897496187
G,16,526.7005145306935,-27.38274845530981
G,17,0.0,0.0
G,17,18.240939118074287,-15.629006783215049
G,17,36.481878236148575,-3.1235947635826378
G,17,54.72281735422286,1.976104841399163
G,17,72.96375647229715,5.113168684161337
G,17,91.20469559037144,6.911912828113657
G,17,109.44563470844572,9.102720299455854
G,17,127.68657382652,10.751315561855904
G,17,145.9275129445943,12.25441007684455
G,17,164.1684520626686,13.492020356148686
G,17,182.4093911807429,14.564098200744809
G,17,200.65033029881715,15.595654453880826
G,17,218.89126941689145,16.16651712838174
G,17,237.13220853496574,16.60939637218695
G,17,255.37314765304,16.977078085364724
G,17,273.61408677111433,17.18495656193909
G,17,291.8550258891886,17.20401296404924
G,17,310.09596500726286,17.03574331488636
G,17,328.3369041253372,16.639276975965004
G,17,346.57784324341145,15.912404290665847
G,17,364.8187823614858,15.017610256160367
G,17,383.05972147956004,14.03990295089585
G,17,401.3006605976343,12.719680702766027
G,17,419.5415997157086,11.34368077923557
G,17,437.7825388337829,9.579450013381233
G,17,456.02347795185716,7.643354908697233
G,17,474.2644170699315,5.4233542609790675
G,17,492.50535618800575,3.0234819139113824
G,17,510.74629530608,0.3314389870256491
G,17,528.9872344241543,-2.4080288924159277
G,18,0.0,0.0
G,18,18.775255542470248,-16.42071440508702
G,18,37.550511084940496,-4.0743628293832685
G,18,56.325766627410744,0.9004480275502473
G,18,75.10102216988099,3.0257608712793314
G,18,93.87627771235124,5.226451861257374
G,18,112.65153325482149,6.266947230160795
G,18,131.42678879729175,7.5538359091378595
G,18,150.20204433976198,8.575552954420687
G,18,168.97729988223222,9.475883309326036
G,18,187.75255542470248,10.189008176631745
G,18,206.52781096717274,10.484475377285946
G,18,225.30306650964297,10.915033631296922
G,18,244.0783220521132,10.88551244968744
G,18,262.8535775945835,10.644101689044135
G,18,281.62883313705373,10.345118116841547
G,18,300.40408867952397,9.769126336993509
G,18,319.1793442219942,9.040650018125973
G,18,337.95459976446443,8.183540472518587
G,18,356.7298553069347,6.963194344575356
G,18,375.50511084940496,5.55247671468328
G,18,394.2803663918752,4.011089043207505
G,18,413.0556219343455,2.2380284534252155
G,18,431.8308774768157,0.2670589259640792
G,18,450.60613301928595,-1.8945869494490921
G,18,469.3813885617562,-4.2435044460979725
G,18,488.1566441042264,-6.732555620448181
G,18,506.9318996466967,-9.542995934468934
G,18,525.707155189167,-12.538323079640008
G,18,544.4824107316372,-15.688504979640697
G,19,0.0,0.0
G,19,17.691518706721023,-16.69383149049915
G,19,35.38303741344205,-5.8036725138768155
G,19,53.07455612016307,0.47625293301144467
G,19,70.7660748268841,3.251290141714165
G,19,88.45759353360512,4.573730220182895
G,19,106.14911224032613,5.9919960044480405
G,19,123.84063094704716,6.776402602988398
G,19,141.5321496537682,7.52111841214213
G,19,159.2236683604892,7.694501595686319
G,19,176.91518706721024,7.780943073054232
G,19,194.60670577393125,7.56962994245859
G,19,212.29822448065227,6.757176051578881
G,19,229.9897431873733,6.156730158846102
G,19,247.68126189409432,4.8597619702401005
G,19,265.37278060081536,3.277544525846622
G,19,283.0642993075364,1.631652263365197
G,19,300.7558180142574,-0.3856817373382455
G,19,318.4473367209784,-2.7884983230325133
G,19,336.13885542769947,-5.359273663329134
G,19,353.8303741344205,-8.37838416572447
G,19,371.5218928411415,-11.73286411330389
G,19,389.2134115478625,-15.385456746196553
G,19,406.9049302545835,-19.367974366389035
G,19,424.59644896130453,-23.53983822187513
G,19,442.2879676680256,-28.00383214096587
G,19,459.9794863747466,-32.99733128682885
G,19,477.6710050814676,-38.156097281136454
G,19,495.36252378818864,-43.51263804712016
G,19,513.0540424949097,-49.309749341181146
G,20,0.0,0.0
G,20,21.063013894673766,-16.282515103390693
G,20,42.12602778934753,-4.699983410645331
G,20,63.1890416840213,0.6802828135997601
G,20,84.25205557869506,2.0731286075669573
G,20,105.31506947336882,3.749472449959171
G,20,126.3780833680426,4.3884393924890475
G,20,147.44109726271637,5.148450338637161
G,20,168.50411115739013,6.016834795258717
G,20,189.5671250520639,5.971248815781394
G,20,210.63013894673765,5.976665062354812
G,20,231.69315284141143,5.632654174500715
G,20,252.7561667360852,5.012403421080393
G,20,273.819180630759,4.4028372366166195
G,20,294.88219452543274,3.3455229626152914
G,20,315.9452084201065,2.2438837701101306
G,20,337.00822231478026,0.8479845943369355
G,20,358.071236209454,-0.7256206827616438
G,20,379.1342501041278,-2.6769261070555785
G,20,400.19726399880153,-4.833106269282041
G,20,421.2602778934753,-7.040792971482915
G,20,442.3232917881491,-9.494509478846112
G,20,463.38630568282287,-12.118445319725424
G,20,484.4493195774966,-15.09436665171836
G,20,505.5123334721704,-18.282405106231522
G,20,526.5753473668442,-21.547834053610643
G,20,547.638361261518,-25.155138788045065
G,20,568.7013751561917,-28.84708788393823
G,20,589.7643890508655,-32.984194052756266
G,20,610.8274029455392,-37.02481474284423
G,21,0.0,0.0
G,21,20.273670346035384,-14.877448763040348
G,21,40.54734069207077,-1.8366288646720506
G,21,60.82101103810615,1.907182200978582
G,21,81.09468138414154,4.056258926712232
G,21,101.36835173017693,5.6040832760442925
G,21,121.6420220762123,6.857331513807225
G,21,141.9156924222477,8.045106460523954
G,21,162.18936276828308,8.869311896087282
G,21,182.46303311431845,9.790013447171361
G,21,202.73670346035385,10.347921522158884
G,21,223.01037380638923,10.745523042980011
G,21,243.2840441524246,10.963185492665673
G,21,263.55771449846,10.912009537569759
G,21,283.8313848444954,10.610618712303904
G,21,304.1050551905308,10.132867632496072
G,21,324.37872553656615,9.58279540479532
G,21,344.6523958826015,8.673612969725013
G,21,364.9260662286369,7.661795348803196
G,21,385.19973657467233,6.405216168390268
G,21,405.4734069207077,4.883319605226973
G,21,425.7470772667431,3.060394936842272
G,21,446.02074761277845,1.0747666322540113
G,21,466.2944179588138,-1.1562977829487409
G,21,486.5680883048492,-3.5604593240648796
G,21,506.84175865088463,-6.304866546661913
G,21,527.11542899692,-9.19707780536703
G,21,547.3890993429554,-12.360133066402568
G,21,567.6627696889908,-15.680233923398987
G,21,587.9364400350262,-19.239827952326777
G,22,0.0,0.0
G,22,20.38062314149397,-14.357945349945922
G,22,40.76124628298794,-3.2341154295667565
G,22,61.14186942448191,2.0101505234154686
G,22,81.52249256597588,4.419452399021495
G,22,101.90311570746985,6.350224572559952
G,22,122.28373884896382,8.11106030826042
G,22,142.6643619904578,9.856311487026744
G,22,163.04498513195176,10.850384670304635
G,22,183.42560827344573,12.193247138183494
G,22,203.8062314149397,13.03108014806108
G,22,224.18685455643367,13.828960296818167
G,22,244.56747769792764,14.449682612695256
G,22,264.9481008394216,14.6170510899683
G,22,285.3287239809156,14.936647522312512
G,22,305.70934712240955,14.871687521800766
G,22,326.0899702639035,14.613450047576578
G,22,346.4705934053975,14.064777634812856
G,22,366.85121654689146,13.323610557158702
G,22,387.23183968838543,12.357059950873577
G,22,407.6124628298794,11.068702395052867
G,22,427.9930859713734,9.657135788591575
G,22,448.37370911286735,7.953939837145413
G,22,468.7543322543613,5.988760167459077
G,22,489.1349553958553,3.939950321338813
G,22,509.51557853734926,1.5912287154970954
G,22,529.8962016788432,-0.9607179327191488
G,22,550.2768248203372,-3.9308114720060985
G,22,570.6574479618312,-6.860332430593871
G,22,591.0380711033251,-10.196930092936782
G,23,0.0,0.0
G,23,20.322300850927725,-15.308354162049401
G,23,40.64460170185545,-2.5694067055847754
G,23,60.966902552783175,2.1164969243458103
G,23,81.2892034037109,4.307611080987698
G,23,101.61150425463862,5.973282438341485
G,23,121.93380510556635,7.500566588934859
G,23,142.25610595649408,9.004877673530757
G,23,162.5784068074218,10.155647988468075
G,23,182.90070765834952,11.243056664727789
G,23,203.22300850927724,12.339987505568047
G,23,223.54530936020498,13.176545052836957
G,23,243.8676102111327,13.665071721057274
G,23,264.18991106206045,14.236748524530128
G,23,284.51221191298816,14.497617388343485
G,23,304.8345127639159,14.689961001820393
G,23,325.1568136148436,14.542614282623504
G,23,345.4791144657713,14.282317412789098
G,23,365.80141531669904,13.744254278711253
G,23,386.12371616762675,12.923072686765636
G,23,406.44601701855447,11.84946734372079
G,23,426.76831786948225,10.780266446594567
G,23,447.09061872040996,9.512058973122578
G,23,467.4129195713377,7.701461597765217
G,23,487.7352204222654,5.925679695781639
G,23,508.0575212731931,3.896381690123519
G,23,528.3798221241209,1.6679245081878662
G,23,548.7021229750486,-0.80878465726164
G,23,569.0244238259763,-3.480607931073905
G,23,589.346724676904,-6.563037963448664
G,24,0.0,0.0
G,24,19.84513014692051,-15.539288678820977
G,24,39.69026029384102,-2.793301137911243
G,24,59.53539044076153,2.511001802471
G,24,79.38052058768204,5.917380697728959
G,24,99.22565073460255,7.654915277768154
G,24,119.07078088152306,9.193951913984705
G,24,138.9159110284436,10.787844501142018
G,24,158.76104117536408,12.079115325239428
G,24,178.60617132228458,13.46456011321203
G,24,198.4513014692051,14.350510795118794
G,24,218.29643161612563,15.666866957847134
G,24,238.14156176304613,16.366608586581634
G,24,257.9866919099666,16.954495903736188
G,24,277.8318220568872,17.166581291089017
G,24,297.6769522038077,17.242969114816106
G,24,317.52208235072817,17.360172840473012
G,24,337.36721249764867,16.745477054402613
G,24,357.21234264456916,16.631487733287827
G,24,377.0574727914897,15.924916271944483
G,24,396.9026029384102,15.152188204456024
G,24,416.7477330853307,14.438810147422373
G,24,436.59286323225126,13.365362809561987
G,24,456.43799337917176,12.14473983158149
G,24,476.28312352609225,10.423915802664396
G,24,496.12825367301275,8.721329845019966
G,24,515.9733838199332,6.59938284837699
G,24,535.8185139668537,4.1606901141555
G,24,555.6636441137744,1.651220776643072
G,24,575.5087742606948,-1.0897411548853597
G,25,0.0,0.0
G,25,17.562341682879683,-13.958737966018536
G,25,35.12468336575937,-5.627915693220103
G,25,52.68702504863905,2.2309970526143346
G,25,70.24936673151873,5.68327531516573
G,25,87.81170841439842,7.8536203757472265
G,25,105.3740500972781,10.34876956378082
G,25,122.93639178015778,11.403615514865379
G,25,140.49873346303747,13.594833565371829
G,25,158.06107514591716,14.018077326940926
G,25,175.62341682879685,15.528994198186439
G,25,193.1857585116765,16.319716235006723
G,25,210.7481001945562,16.999939806120665
G,25,228.3104418774359,17.15158520943794
G,25,245.87278356031555,17.270492749775087
G,25,263.4351252431953,16.726233990924754
G,25,280.99746692607494,16.9161814670548
G,25,298.5598086089546,15.82751004957629
G,25,316.1221502918343,15.115489345231424
G,25,333.684491974714,14.287252829264673
G,25,351.2468336575937,12.93115429351269
G,25,368.80917534047336,11.35820755463908
G,25,386.371517023353,9.725843719582429
G,25,403.93385870623274,7.646751168688468
G,25,421.4962003891124,5.557448118164075
G,25,439.05854207199206,2.926795899462377
G,25,456.6208837548718,-0.017842517715450867
G,25,474.18322543775145,-2.8027944045003323
G,25,491.7455671206311,-6.538692927148247
G,25,509.30790880351077,-10.003938014700736
H,1,0.0,0.0
H,1,21.367302051035423,-16.34205216064501
H,1,42.73460410207085,-6.434843984145736
H,1,64.10190615310627,-1.2575733701596619
H,1,85.4692082041417,0.8475176008090699
H,1,106.83651025517712,1.5771938005046735
H,1,128.20381230621254,2.5630832558186967
H,1,149.57111435724795,3.2629437861283748
H,1,170.9384164082834,3.488124143785342
H,1,192.30571845931883,3.7641435108959627
H,1,213.67302051035423,3.7732727025996553
H,1,235.04032256138964,3.494630930253777
H,1,256.4076246124251,3.285087480563277
H,1,277.7749266634605,2.7306202080458206
H,1,299.1422287144959,2.208202691775398
H,1,320.50953076553134,1.1092664761414994
H,1,341.8768328165668,0.0894837500921426
H,1,363.2441348676022,-1.4136795567598028
H,1,384.61143691863765,-3.0231970141960005
H,1,405.97873896967303,-4.8874726396340975
H,1,427.34604102070847,-6.764060984617572
H,1,448.7133430717439,-9.088081724530184
H,1,470.0806451227793,-11.652241086390518
H,1,491.4479471738147,-14.435703738212283
H,1,512.8152492248502,-17.336422228108347
H,1,534.1825512758855,-20.488335277575743
H,1,555.549853326921,-24.03952417346352
H,1,576.9171553779564,-27.580763702756258
H,1,598.2844574289918,-31.567166699655445
H,1,619.6517594800273,-35.67781318668551
H,2,0.0,0.0
H,2,20.93424688566356,-16.49963218674046
H,2,41.86849377132712,-6.554989842791926
H,2,62.80274065699068,-1.552908093956475
H,2,83.73698754265423,0.685284462748541
H,2,104.67123442831779,1.4601957168534625
H,2,125.60548131398136,2.0367653395674097
H,2,146.5397281996449,2.5474602350510622
H,2,167.47397508530847,2.609542262928386
H,2,188.40822197097202,2.504538792819716
H,2,209.34246885663558,2.238056728202963
H,2,230.27671574229913,1.9030613068867979
H,2,251.21096262796272,1.1063039806971062
H,2,272.14520951362624,0.4939755032199855
H,2,293.0794563992898,-0.49371344318268484
H,2,314.01370328495335,-1.5848088611831486
H,2,334.94795017061693,-2.8739769625266263
H,2,355.8821970562805,-4.048423960944149
H,2,376.81644394194404,-5.659031351590784
H,2,397.7506908276076,-7.491258134478926
H,2,418.68493771327115,-9.333162941676449
H,2,439.61918459893474,-11.367096958234754
H,2,460.55343148459826,-13.669644987855975
H,2,481.48767837026185,-16.281887581330523
H,2,502.42192525592543,-18.85750432295299
H,2,523.356172141589,-21.793603864251907
H,2,544.2904190272525,-24.841091164431077
H,2,565.2246659129161,-28.07713166207418
H,2,586.1589127985796,-31.590050477895147
H,2,607.0931596842432,-35.47088988978476
H,3,0.0,0.0
H,3,18.35808791470271,-15.175486972651646
H,3,36.71617582940542,-7.087773483854598
H,3,55.07426374410814,1.6498879751144315
H,3,73.43235165881084,5.514971293926919
H,3,91.79043957351355,7.7050842011795595
H,3,110.14852748821627,9.921745254582518
H,3,128.50661540291898,10.93586483868097
H,3,146.8647033176217,12.127371263419377
H,3,165.2227912323244,12.547622840980551
H,3,183.5808791470271,12.968886959924191
H,3,201.9389670617298,13.20265954790949
H,3,220.29705497643255,13.293713142572727
H,3,238.65514289113526,12.951553615837781
H,3,257.01323080583796,12.313296592474273
H,3,275.37131872054067,11.639768032386485
H,3,293.7294066352434,10.898320581723226
H,3,312.0874945499461,9.953351176507624
H,3,330.4455824646488,8.408018817555785
H,3,348.8036703793515,6.836854758703623
H,3,367.1617582940542,5.424633059617065
H,3,385.5198462087569,3.595692322007835
H,3,403.8779341234596,1.8756032432781353
H,3,422.23602203816233,-0.3963035813659417
H,3,440.5941099528651,-2.6500256023261954
H,3,458.9521978675678,-5.0920271745200125
H,3,477.3102857822705,-7.7067590460154065
H,3,495.6683736969732,-10.310425845542511
H,3,514.0264616116759,-13.35568772727055
H,3,532.3845495263786,-16.99641568681716
H,4,0.0,0.0
H,4,14.988238615549518,-14.988238615549518
H,4,29.976477231099036,-11.082583344230777
H,4,44.96471584664855,-1.8621942173498525
H,4,59.95295446219807,2.4655011247843817
H,4,74.94119307774758,4.642111707042147
H,4,89.9294316932971,6.5502515852946885
H,4,104.91767030884662,7.936649743143988
H,4,119.90590892439614,8.866218612265087
H,4,134.89414753994566,10.192925927596889
H,4,149.88238615549517,11.082773265331355
H,4,164.8706247710447,11.03286607270536
H,4,179.8588633865942,11.873197904265197
H,4,194.84710200214374,11.874614357795224
H,4,209.83534061769325,12.17817838702868
H,4,224.82357923324278,11.972974624317686
H,4,239.8118178487923,11.402340416206385
H,4,254.8000564643418,10.807811959421343
H,4,269.7882950798913,10.549302423652136
H,4,284.77653369544083,9.652362091049667
H,4,299.76477231099034,8.609447879852723
H,4,314.7530109265399,7.618169820023866
H,4,329.7412495420894,6.580790155085822
H,4,344.7294881576389,4.679863982823065
H,4,359.7177267731884,3.2432744597994656
H,4,374.7059653887379,1.512513621018627
H,4,389.6942040042875,-0.8869174426408222
H,4,404.682442619837,-3.5473708111767337
H,4,419.6706812353865,-6.064807147732608
H,4,434.658919850936,-8.79415157466957
H,5,0.0,0.0
H,5,17.515902074095035,-17.515902074095035
H,5,35.03180414819007,-12.75277824605546
H,5,52.5477062222851,-5.145803788104388
H,5,70.06360829638014,-1.4144722591136087
H,5,87.57951037047518,-0.477504566449511
H,5,105.0954124445702,0.06435080106327007
H,5,122.61131451866524,0.4286275815061913
H,5,140.12721659276028,0.45538634112531895
H,5,157.64311866685532,0.07114776930637845
H,5,175.15902074095035,-0.09926497874218398
H,5,192.6749228150454,-0.24532512244311988
H,5,210.1908248891404,-1.2333456701225316
H,5,227.70672696323544,-2.4210582190767127
H,5,245.22262903733048,-3.414539545929955
H,5,262.7385311114255,-4.767739347651968
H,5,280.25443318552055,-6.387721494960488
H,5,297.7703352596156,-7.958780642276906
H,5,315.28623733371063,-9.968909985453422
H,5,332.80213940780567,-12.013114486134214
H,5,350.3180414819007,-14.102564024229991
H,5,367.83394355599575,-16.44388040513195
H,5,385.3498456300908,-19.12597540257218
H,5,402.8657477041858,-21.61873100000895
H,5,420.3816497782808,-24.60726831506952
H,5,437.89755185237584,-27.667908198542023
H,5,455.4134539264709,-30.78386004392587
H,5,472.9293560005659,-34.156416644009255
H,5,490.44525807466096,-37.690791205045684
H,5,507.96116014875605,-40.9979707707883
H,6,0.0,0.0
H,6,22.37570797216847,-15.35853871927525
H,6,44.75141594433694,-6.250587491703676
H,6,67.12712391650541,-1.4293391664240858
H,6,89.50283188867388,-0.6176267471624044
H,6,111.87853986084235,0.18424324085670207
H,6,134.25424783301082,0.7677188145790979
H,6,156.6299558051793,-0.22528053857939767
H,6,179.00566377734776,-0.8726705621621136
H,6,201.38137174951623,-2.2311566307086537
H,6,223.7570797216847,-3.7412417960238997
H,6,246.13278769385317,-5.553993890840189
H,6,268.50849566602164,-7.32465699724429
H,6,290.8842036381901,-8.91489086916863
H,6,313.2599116103586,-11.44848847148711
H,6,335.63561958252706,-13.588382834010474
H,6,358.0113275546955,-16.314960984343998
H,6,380.387035526864,-18.75682021277936
H,6,402.76274349903247,-21.29668891444112
H,6,425.13845147120094,-24.025844156322535
H,6,447.5141594433694,-26.91574120826766
H,6,469.8898674155379,-29.81381865442529
H,6,492.26557538770635,-32.88163834375928
H,6,514.6412833598748,-36.08978356701817
H,6,537.0169913320433,-39.52783107951791
H,6,559.3926993042118,-42.994536516887706
H,6,581.7684072763802,-46.574102027105596
H,6,604.1441152485487,-50.65063021456376
H,6,626.5198232207172,-54.79906651961653
H,6,648.8955311928856,-59.1538064621717
H,7,0.0,0.0
H,7,22.161961394952087,-16.58372254524857
H,7,44.323922789904174,-6.734253080070054
H,7,66.48588418485626,-2.617872861801345
H,7,88.64784557980835,-1.0031439310909178
H,7,110.80980697476043,-0.7640309490758881
H,7,132.97176836971252,-0.30922593584276115
H,7,155.13372976466462,-0.7831084651273272
H,7,177.2956911596167,-1.2253414249620675
H,7,199.45765255456877,-1.7786735716055944
H,7,221.61961394952087,-2.4747797178840756
H,7,243.78157534447297,-3.63443200031935
H,7,265.94353673942504,-4.83666910938274
H,7,288.1054981343771,-6.272667969522786
H,7,310.26745952932924,-7.810169523234038
H,7,332.4294209242813,-9.331218243012302
H,7,354.5913823192334,-11.386453343071992
H,7,376.75334371418546,-13.472181150248616
H,7,398.91530510913753,-15.662948460121186
H,7,421.07726650408966,-18.181792962207282
H,7,443.23922789904174,-20.646423682828583
H,7,465.4011892939938,-23.516768815354112
H,7,487.56315068894594,-26.341502182751412
H,7,509.725112083898,-29.296853117913656
H,7,531.8870734788501,-32.66090265873879
H,7,554.0490348738022,-36.30852905165705
H,7,576.2109962687542,-39.71316295983979
H,7,598.3729576637063,-43.532534370668486
H,7,620.5349190586585,-47.39108191235539
H,7,642.6968804536106,-51.62008170839283
H,8,0.0,0.0
H,8,22.527699273687748,-17.32156420051066
H,8,45.055398547375496,-6.3121848796329445
H,8,67.58309782106325,-1.1447479488614931
H,8,90.11079709475099,0.362184534295082
H,8,112.63849636843874,0.6900054313833692
H,8,135.1661956421265,0.6264678056655271
H,8,157.69389491581424,0.8522429665378297
H,8,180.22159418950199,0.5281094492416116
H,8,202.74929346318973,0.14371767618482068
H,8,225.27699273687747,-0.5873762047082494
H,8,247.80469201056522,-1.4839921059260064
H,8,270.332391284253,-2.5903677411610033
H,8,292.86009055794074,-3.92461926721694
H,8,315.3877898316285,-5.5545328291960345
H,8,337.9154891053162,-7.232714390567821
H,8,360.44318837900397,-9.663653827600001
H,8,382.9708876526917,-11.92559014682513
H,8,405.49858692637946,-14.343271216505627
H,8,428.0262862000672,-17.45301403165041
H,8,450.55398547375495,-20.273629427982485
H,8,473.0816847474427,-23.86762741411178
H,8,495.60938402113044,-27.419593357397332
H,8,518.1370832948182,-31.26171493704669
H,8,540.664782568506,-35.39500822715485
H,8,563.1924818421937,-39.62604982095047
H,8,585.7201811158815,-44.24041928645977
H,8,608.2478803895692,-48.9531389723561
H,8,630.775579663257,-53.70141952651409
H,8,653.3032789369447,-59.00848816467226
H,9,0.0,0.0
H,9,22.11313183101048,-14.445621081282056
H,9,44.22626366202096,-3.4883443505298715
H,9,66.33939549303145,1.7986058849836297
H,9,88.45252732404192,3.694419783956775
H,9,110.5656591550524,5.225721698354832
H,9,132.6787909860629,5.634262067613832
H,9,154.79192281707336,5.776600883729714
H,9,176.90505464808385,5.667284788163869
H,9,199.01818647909434,5.436900116955826
H,9,221.1313183101048,4.615169551705122
H,9,243.2444501411153,3.511927634468833
H,9,265.3575819721258,1.8574070814138395
H,9,287.4707138031363,0.1405243615957943
H,9,309.5838456341467,-2.1558650665668324
H,9,331.6969774651572,-4.538442356143776
H,9,353.8101092961677,-7.111178110102287
H,9,375.9232411271782,-10.155767636602434
H,9,398.0363729581887,-13.261330795060644
H,9,420.1495047891991,-16.79595999925067
H,9,442.2626366202096,-20.416131885890536
H,9,464.3757684512201,-24.359130218109954
H,9,486.4889002822306,-28.59385963286894
H,9,508.6020321132411,-33.25876850228303
H,9,530.7151639442516,-37.95518477488565
H,9,552.8282957752621,-42.74738498474437
H,9,574.9414276062726,-47.753363520117546
H,9,597.0545594372829,-53.158291370571646
H,9,619.1676912682934,-58.638716854447125
H,9,641.2808230993039,-64.58410102879839
H,10,0.0,0.0
H,10,22.143782573604426,-18.205227528549493
H,10,44.28756514720885,-8.937951781222388
H,10,66.43134772081328,-2.9240558626243214
H,10,88.5751302944177,-1.45082664838597
H,10,110.71891286802213,-1.2866021424408984
H,10,132.86269544162656,-1.131913960524912
H,10,155.00647801523098,-1.3747814328411323
H,10,177.1502605888354,-1.753079381149604
H,10,199.29404316243983,-3.0852957451285192
H,10,221.43782573604426,-3.8487489602250378
H,10,243.5816083096487,-5.1336227804263785
H,10,265.7253908832531,-6.8538087793349405
H,10,287.86917345685754,-8.53394605174799
H,10,310.01295603046196,-10.639589810583004
H,10,332.1567386040664,-12.977140636623574
H,10,354.3005211776708,-15.348251276233782
H,10,376.44430375127524,-17.867519836098666
H,10,398.58808632487967,-20.407036439702267
H,10,420.7318688984841,-23.479784033999863
H,10,442.8756514720885,-26.384965053088706
H,10,465.01943404569295,-29.886830119904573
H,10,487.1632166192974,-33.484147560943256
H,10,509.3069991929018,-37.38110077713685
H,10,531.4507817665062,-41.463296885916805
H,10,553.5945643401107,-45.93160765138555
H,10,575.7383469137151,-50.463124179369515
H,10,597.8821294873195,-55.202535843408896
H,10,620.0259120609239,-60.11352410583663
H,10,642.1696946345284,-65.27481981602148
H,11,0.0,0.0
H,11,18.5320958926318,-14.351289893524878
H,11,37.0641917852636,-7.5260749663423
H,11,55.596287677895404,-4.0659810319086915
H,11,74.1283835705272,-2.5950494923870195
H,11,92.660479463159,-2.5869895007593016
H,11,111.19257535579081,-2.010284378366819
H,11,129.72467124842262,-2.061676069232604
H,11,148.2567671410544,-2.0829302524007005
H,11,166.7888630336862,-2.9620714801382633
H,11,185.320958926318,-3.283781462177444
H,11,203.85305481894983,-3.8250434978757255
H,11,222.38515071158162,-4.534800613887967
H,11,240.9172466042134,-5.659438185095894
H,11,259.44934249684525,-6.533615343637933
H,11,277.98143838947703,-7.860709205743376
H,11,296.5135342821088,-9.561779265320013
H,11,315.0456301747406,-11.409047716470866
H,11,333.5777260673724,-13.006854967783852
H,11,352.10982196000424,-15.113776608743592
H,11,370.641917852636,-17.462778778745417
H,11,389.1740137452678,-19.781408162633056
H,11,407.70610963789966,-22.341767160519623
H,11,426.23820553053145,-25.016946643030735
H,11,444.77030142316323,-27.725734678819833
H,11,463.302397315795,-30.860039475354256
H,11,481.8344932084268,-34.01962132800503
H,11,500.36658910105865,-37.44103558928083
H,11,518.8986849936905,-41.20767558760082
H,11,537.4307808863223,-45.0561856884425
H,12,0.0,0.0
H,12,18.24359485647637,-15.428487280321589
H,12,36.48718971295274,-8.494911634276907
H,12,54.73078456942911,-4.4218112770047355
H,12,72.97437942590548,-3.1832693353302233
H,12,91.21797428238185,-2.4862479044991375
H,12,109.46156913885822,-2.4134251004930434
H,12,127.7051639953346,-2.373583846892217
H,12,145.94875885181096,-2.523240900802989
H,12,164.19235370828733,-2.583968834826692
H,12,182.4359485647637,-2.841792735936963
H,12,200.67954342124008,-3.5340606065211375
H,12,218.92313827771645,-4.355424606250779
H,12,237.1667331341928,-5.349418540576721
H,12,255.4103279906692,-6.3250026926460805
H,12,273.65392284714557,-7.620671428249409
H,12,291.89751770362193,-9.091272577888105
H,12,310.1411125600983,-10.753726993647774
H,12,328.38470741657466,-12.585655955147104
H,12,346.628302273051,-14.497799232738089
H,12,364.8718971295274,-16.817399440382474
H,12,383.1154919860038,-19.155993714024362
H,12,401.35908684248017,-21.534667876218123
H,12,419.60268169895653,-24.16272584197162
H,12,437.8462765554329,-27.06236820854417
H,12,456.08987141190926,-30.11237323672259
H,12,474.3334662683856,-33.27137159137152
H,12,492.577061124862,-36.713217490647594
H,12,510.8206559813384,-40.31435185726531
H,12,529.0642508378147,-43.985803261237436
H,13,0.0,0.0
H,13,18.266153043262772,-16.595679984654666
H,13,36.532306086525544,-7.566733556013592
H,13,54.79845912978831,-3.5191987439138686
H,13,73.06461217305109,-2.3698449762625557
H,13,91.33076521631386,-1.8707332076682803
H,13,109.59691825957663,-1.5227764743379595
H,13,127.8630713028394,-1.4578109234531809
H,13,146.12922434610218,-1.558490813616089
H,13,164.39537738936494,-1.7092534822700713
H,13,182.66153043262773,-2.116439560307583
H,13,200.9276834758905,-2.8046021111327377
H,13,219.19383651915325,-3.581984733167161
H,13,237.45998956241604,-4.746044624116706
H,13,255.7261426056788,-5.935954335574053
H,13,273.9922956489416,-7.199042754509549
H,13,292.25844869220435,-8.86165630712486
H,13,310.5246017354671,-10.468082445294158
H,13,328.7907547787299,-12.319497889183197
H,13,347.0569078219927,-14.502682389098823
H,13,365.32306086525546,-16.56071582038976
H,13,383.5892139085182,-18.976817997748526
H,13,401.855366951781,-21.566754324255385
H,13,420.12151999504374,-24.17124390252144
H,13,438.3876730383065,-27.113044548284506
H,13,456.6538260815693,-30.235787991558254
H,13,474.9199791248321,-33.3459794172129
H,13,493.18613216809484,-36.90739127486967
H,13,511.4522852113576,-40.54674972122393
H,13,529.7184382546204,-44.39594145621845
H,14,0.0,0.0
H,14,18.279243913618735,-15.974488742019133
H,14,36.55848782723747,-7.208657622766367
H,14,54.837731740856206,-3.327613780332669
H,14,73.11697565447494,-1.3727939211549511
H,14,91.39621956809367,-1.0245386245550634
H,14,109.67546348171241,-0.2420570827129609
H,14,127.95470739533116,0.15112358412190474
H,14,146.23395130894988,0.02874878585055285
H,14,164.5131952225686,-0.0848905876910635
H,14,182.79243913618734,-0.5709683849460703
H,14,201.0716830498061,-0.8672884678529726
H,14,219.35092696342483,-1.7477793880380261
H,14,237.63017087704355,-2.6524971708984424
H,14,255.9094147906623,-3.729104240810358
H,14,274.188658704281,-4.969313634656487
H,14,292.46790261789977,-6.579149270927587
H,14,310.7471465315185,-8.214924079720674
H,14,329.0263904451372,-10.169530529235033
H,14,347.305634358756,-12.445249903937906
H,14,365.5848782723747,-14.440470359386097
H,14,383.86412218599344,-17.084464053245995
H,14,402.1433660996122,-19.76116770328406
H,14,420.4226100132309,-22.653649182152208
H,14,438.70185392684965,-25.71849474653095
H,14,456.9810978404684,-29.001446067236543
H,14,475.2603417540871,-32.290434909880446
H,14,493.53958566770586,-35.98424744385579
H,14,511.8188295813246,-39.780813140366035
H,14,530.0980734949434,-43.78016849178266
H,15,0.0,0.0
H,15,18.36649774797025,-16.233773361031293
H,15,36.7329954959405,-7.289037932311672
H,15,55.09949324391075,-2.5115089426310107
H,15,73.465990991881,-1.1040636874376304
H,15,91.83248873985124,-0.10550295033806378
H,15,110.1989864878215,0.13523768857812968
H,15,128.56548423579176,0.42467697945872374
H,15,146.931981983762,0.4576362789788391
H,15,165.29847973173224,0.4074801903436196
H,15,183.6649774797025,-0.09203444097360602
H,15,202.03147522767276,-0.5392418583749361
H,15,220.397972975643,-1.2186441562963637
H,15,238.76447072361324,-2.3704673480793588
H,15,257.1309684715835,-3.641624436237663
H,15,275.49746621955376,-5.054894991398498
H,15,293.863963967524,-6.65004125164603
H,15,312.23046171549424,-8.808909225523621
H,15,330.5969594634645,-10.866077850931902
H,15,348.96345721143473,-13.32657088625507
H,15,367.329954959405,-15.663168920257021
H,15,385.6964527073753,-18.529506198218826
H,15,404.0629504553455,-21.41035162937368
H,15,422.42944820331576,-24.689215206698236
H,15,440.795945951286,-27.937740866609147
H,15,459.16244369925624,-31.611041594810104
H,15,477.5289414472265,-35.13280625495486
H,15,495.89543919519673,-39.082005645944946
H,15,514.261936943167,-43.2889767693805
H,15,532.6284346911373,-47.48168393154259
H,16,0.0,0.0
H,16,18.335147413177232,-14.138288270686544
H,16,36.670294826354464,-2.60525162494465
H,16,55.005442239531696,1.0153916785522767
H,16,73.34058965270893,3.737115706836221
H,16,91.67573706588615,4.835921385780551
H,16,110.01088447906339,6.215685435036647
H,16,128.34603189224063,7.346475033563763
H,16,146.68117930541786,7.716001832590706
H,16,165.01632671859508,8.024608684687536
H,16,183.3514741317723,8.233300242507198
H,16,201.68662154494956,8.020510885112174
H,16,220.02176895812678,7.496090929783179
H,16,238.356916371304,6.700509665800979
H,16,256.69206378448126,5.676305653972804
H,16,275.02721119765846,4.44928045125738
H,16,293.3623586108357,2.956667111941158
H,16,311.69750602401297,1.2711471457070616
H,16,330.03265343719016,-0.7919528003920391
H,16,348.3678008503674,-3.000686523087097
H,16,366.7029482635446,-5.3025855403241735
H,16,385.03809567672187,-7.924725641112502
H,16,403.3732430898991,-10.457983019824098
H,16,421.7083905030763,-13.541706505983484
H,16,440.04353791625357,-16.80655104493235
H,16,458.3786853294308,-19.943061175911225
H,16,476.713832742608,-23.67025514311041
H,16,495.0489801557853,-27.293238022638377
H,16,513.3841275689625,-31.00407663048918
H,16,531.7192749821397,-35.239321533324414
H,17,0.0,0.0
H,17,18.05138305156265,-14.684260489441515
H,17,36.1027661031253,-3.5241570735369407
H,17,54.15414915468794,1.5190221178370962
H,17,72.2055322062506,3.4380814036304486
H,17,90.25691525781325,4.768839778454549
H,17,108.30829830937589,6.303300350141981
H,17,126.35968136093854,7.526398203824556
H,17,144.4110644125012,8.321943905820035
H,17,162.46244746406384,8.843850481922402
H,17,180.5138305156265,9.434402534528658
H,17,198.56521356718915,9.675628126854292
H,17,216.61659661875177,9.775571759298003
H,17,234.66797967031442,9.424736833105527
H,17,252.71936272187708,9.206282366215419
H,17,270.7707457734397,8.703547460708478
H,17,288.8221288250024,7.9272910170146815
H,17,306.87351187656503,6.78647749488448
H,17,324.9248949281277,5.752757084106577
H,17,342.97627797969034,4.341168218187988
H,17,361.027661031253,2.649154339661095
H,17,379.07904408281564,0.9723480754414595
H,17,397.1304271343783,-1.1963279530008322
H,17,415.18181018594095,-3.3253001432777864
H,17,433.23319323750354,-5.811600728092571
H,17,451.2845762890662,-8.336878778378036
H,17,469.33595934062885,-10.991350675495084
H,17,487.3873423921915,-14.164925842634489
H,17,505.43872544375415,-17.288129359891172
H,17,523.4901084953168,-20.72265221429825
H,18,0.0,0.0
H,18,18.41342316955435,-15.571325307934885
H,18,36.8268463391087,-2.840299052452231
H,18,55.24026950866305,1.6087925243579946
H,18,73.6536926782174,4.118070622870363
H,18,92.06711584777175,5.665517911702025
H,18,110.4805390173261,7.303759758020718
H,18,128.89396218688046,8.702911781047675
H,18,147.3073853564348,9.608850238813119
H,18,165.72080852598913,10.41360617898195
H,18,184.1342316955435,11.335168237808574
H,18,202.54765486509785,11.726545358751196
H,18,220.9610780346522,12.149860712620097
H,18,239.37450120420652,12.156779453855506
H,18,257.7879243737609,11.976423221634036
H,18,276.20134754331525,11.543341147981494
H,18,294.6147707128696,11.002608067967401
H,18,313.0281938824239,10.325861971342022
H,18,331.44161705197826,9.387422631440415
H,18,349.85504022153265,8.350779456237774
H,18,368.268463391087,7.042369736800424
H,18,386.6818865606413,5.6326383339117
H,18,405.0953097301957,3.833094545558936
H,18,423.50873289975004,1.8337877960460105
H,18,441.9221560693044,-0.4344761667903754
H,18,460.3355792388587,-2.8452131327528605
H,18,478.74900240841305,-5.507703924502152
H,18,497.16242557796744,-8.481900764852583
H,18,515.5758487475218,-11.478694707909256
H,18,533.9892719170762,-14.70680357304127
H,19,0.0,0.0
H,19,18.034265573894547,-15.38723371421194
H,19,36.068531147789095,-4.096496360967684
H,19,54.102796721683646,0.29569376914837875
H,19,72.13706229557819,2.5605321424658314
H,19,90.17132786947273,4.177608316629218
H,19,108.20559344336729,5.233096823031033
H,19,126.23985901726184,6.164664020167891
H,19,144.27412459115638,7.054937408231297
H,19,162.30839016505092,7.711757250571253
H,19,180.34265573894547,8.200435420374845
H,19,198.37692131284,8.73534986470733
H,19,216.41118688673458,9.047980980847427
H,19,234.44545246062913,8.81279094214085
H,19,252.47971803452367,8.537548389796257
H,19,270.5139836084182,8.130739739673174
H,19,288.54824918231276,7.350238792310165
H,19,306.58251475620733,6.60733269862402
H,19,324.61678033010185,5.513126543295016
H,19,342.6510459039964,4.379441133751413
H,19,360.68531147789093,2.9645895069323274
H,19,378.7195770517855,1.351553078371012
H,19,396.75384262568,-0.44878346271758573
H,19,414.7881081995746,-2.3463394772062998
H,19,432.82237377346917,-4.478234750182651
H,19,450.8566393473637,-6.878907511033788
H,19,468.89090492125825,-9.32266885728643
H,19,486.92517049515277,-12.257745762146726
H,19,504.95943606904734,-15.059061637028321
H,19,522.9937016429419,-18.344638781091987
H,20,0.0,0.0
H,20,18.41276539460033,-15.536924334334575
H,20,36.82553078920066,-3.0964933268314354
H,20,55.238296183801,2.8587549995069708
H,20,73.65106157840133,5.462159220396629
H,20,92.06382697300165,7.728732629949903
H,20,110.476592367602,10.0307185619277
H,20,128.8893577622023,11.36666838534424
H,20,147.30212315680265,12.737563379100948
H,20,165.714888551403,14.011756622519357
H,20,184.1276539460033,15.176407989476445
H,20,202.54041934060365,16.24832347043167
H,20,220.953184735204,16.835186454253062
H,20,239.3659501298043,17.628349584465894
H,20,257.7787155244046,17.84064074310885
H,20,276.19148091900496,17.907698654309286
H,20,294.6042463136053,17.82588173225639
H,20,313.01701170820564,17.42812482254959
H,20,331.429777102806,16.876935897620967
H,20,349.84254249740627,15.956200619171284
H,20,368.2553078920066,15.009185766424821
H,20,386.66807328660695,13.878764915692102
H,20,405.0808386812073,12.515093885495276
H,20,423.49360407580764,10.843033576368043
H,20,441.906369470408,9.11907802649722
H,20,460.31913486500827,7.164041930618339
H,20,478.7319002596086,4.698417133189082
H,20,497.14466565420895,2.4200055284119344
H,20,515.5574310488092,-0.3794921873986823
H,20,533.9701964434096,-3.0409870157475325
H,21,0.0,0.0
H,21,16.3895919071042,-14.335358586009406
H,21,32.7791838142084,-5.333827104136972
H,21,49.1687757213126,1.774553975126878
H,21,65.5583676284168,4.677188426426241
H,21,81.94795953552101,6.360183607073068
H,21,98.3375514426252,7.739286058468721
H,21,114.7271433497294,8.937020108752165
H,21,131.1167352568336,9.18153550995379
H,21,147.5063271639378,9.531715351649808
H,21,163.89591907104202,9.257794689045
H,21,180.28551097814622,9.083160717153675
H,21,196.6751028852504,8.203134183683318
H,21,213.0646947923546,6.982914557303104
H,21,229.4542866994588,5.676924017038402
H,21,245.843878606563,3.9968389689415744
H,21,262.2334705136672,1.7095323099043753
H,21,278.6230624207714,-0.9518041411429294
H,21,295.0126543278756,-4.140905030132615
H,21,311.4022462349798,-7.330608205700003
H,21,327.79183814208403,-11.126591178478918
H,21,344.18143004918824,-15.157629413236918
H,21,360.57102195629244,-19.48786329226317
H,21,376.96061386339665,-24.128474269121682
H,21,393.3502057705008,-29.249301442167223
H,21,409.739797677605,-34.27842984215761
H,21,426.1293895847092,-39.61950815970607
H,21,442.5189814918134,-45.26775349940709
H,21,458.9085733989176,-51.06953075192314
H,21,475.2981653060218,-57.07623892640464
H,22,0.0,0.0
H,22,16.9556705581037,-16.9556705581037
H,22,33.9113411162074,-2.910589978010119
H,22,50.8670116743111,3.8627162637965426
H,22,67.8226822324148,7.273528011785402
H,22,84.77835279051851,9.694125996461253
H,22,101.7340233486222,12.223533367745858
H,22,118.6896939067259,13.96180902032593
H,22,135.6453644648296,15.52641503151338
H,22,152.6010350229333,16.614276251954408
H,22,169.55670558103702,16.840796629919254
H,22,186.5123761391407,16.911084312415625
H,22,203.4680466972444,16.362614176281454
H,22,220.42371725534812,14.957018798679144
H,22,237.3793878134518,13.686186422660711
H,22,254.33505837155553,11.555714485675935
H,22,271.2907289296592,9.115684878417028
H,22,288.2463994877629,6.188257042401119
H,22,305.2020700458666,2.800431940159399
H,22,322.15774060397035,-0.8603508722861761
H,22,339.11341116207404,-4.746938500351973
H,22,356.06908172017773,-8.81627262041917
H,22,373.0247522782814,-13.581038040667181
H,22,389.9804228363851,-18.545575983803303
H,22,406.9360933944888,-23.652948531550635
H,22,423.89176395259256,-28.850165633833797
H,22,440.84743451069625,-34.42640895958539
H,22,457.80310506879994,-40.04111345652677
H,22,474.7587756269036,-45.87887194399457
H,22,491.7144461850073,-51.61505723903798
H,23,0.0,0.0
H,23,16.923674819879828,-15.544485333836732
H,23,33.847349639759656,-3.53654236986155
H,23,50.771024459639484,1.746946518846876
H,23,67.69469927951931,4.814474599171817
H,23,84.61837409939915,6.616860770085978
H,23,101.54204891927897,8.369921618754134
H,23,118.46572373915879,9.405299701603525
H,23,135.38939855903863,10.472523461878751
H,23,152.31307337891846,10.979700139253083
H,23,169.2367481987983,10.952128106181505
H,23,186.1604230186781,11.208290690044265
H,23,203.08409783855794,10.979262055985203
H,23,220.00777265843777,10.71706688987166
H,23,236.93144747831758,10.155266325694356
H,23,253.85512229819741,9.331672379587161
H,23,270.77879711807725,8.271149783305589
H,23,287.70247193795706,6.831184701499637
H,23,304.6261467578369,5.200721044896397
H,23,321.5498215777167,3.1489955168538586
H,23,338.4734963975966,0.9780711699618223
H,23,355.3971712174764,-1.1360351396744477
H,23,372.3208460373562,-3.700364362845619
H,23,389.24452085723607,-6.47284707680825
H,23,406.1681956771159,-9.285002869402945
H,23,423.0918704969957,-12.519414484594279
H,23,440.01554531687555,-15.446896928778074
H,23,456.93922013675535,-18.999320911089
H,23,473.86289495663516,-22.517999277384547
H,23,490.786569776515,-26.42758143843656
H,24,0.0,0.0
H,24,17.09191430310558,-14.311546873466835
H,24,34.18382860621116,-3.272944435531393
H,24,51.27574290931673,2.5083791620571674
H,24,68.36765721242232,6.112984086025037
H,24,85.4595715155279,8.367016071759124
H,24,102.55148581863347,10.085999609078087
H,24,119.64340012173905,11.35292604284571
H,24,136.73531442484463,12.837083325360311
H,24,153.8272287279502,13.374368822981467
H,24,170.9191430310558,13.848772392623033
H,24,188.01105733416136,13.852043237630312
H,24,205.10297163726693,13.80572263614738
H,24,222.19488594037253,13.517311971340007
H,24,239.2868002434781,12.682607879983351
H,24,256.3787145465837,11.735794319047557
H,24,273.47062884968926,10.52998830060767
H,24,290.56254315279483,8.946400234238467
H,24,307.6544574559004,7.463118991634303
H,24,324.746371759006,5.371185600490435
H,24,341.8382860621116,3.431408782914616
H,24,358.93020036521716,1.225593714331069
H,24,376.02211466832273,-1.3940411605893246
H,24,393.1140289714283,-3.9003242090773824
H,24,410.20594327453387,-6.665517920667412
H,24,427.2978575776395,-9.357671856768604
H,24,444.38977188074506,-12.484950188243431
H,24,461.4816861838506,-15.708054597153136
H,24,478.5736004869562,-19.157949538762637
H,24,495.6655147900618,-22.635205081821084
H,25,0.0,0.0
H,25,17.519186235542232,-13.920562103120032
H,25,35.038372471084465,-2.112577006519551
H,25,52.55755870662669,3.4073689961539912
H,25,70.07674494216893,6.2979438093702385
H,25,87.59593117771117,8.811893436396659
H,25,105.11511741325339,10.473803681332171
H,25,122.63430364879562,12.158070734814714
H,25,140.15348988433786,13.019201167436933
H,25,157.6726761198801,13.80900565914743
H,25,175.19186235542233,13.756711821793516
H,25,192.71104859096457,13.897797487879558
H,25,210.23023482650677,13.488941061191838
H,25,227.749421062049,12.805307408077653
H,25,245.26860729759125,11.792937972241248
H,25,262.7877935331335,10.771894128472297
H,25,280.3069797686757,9.127501112974926
H,25,297.82616600421795,7.263554349814285
H,25,315.3453522397602,4.998615909803618
H,25,332.8645384753024,2.71836000911901
H,25,350.38372471084466,-0.1267389330274682
H,25,367.9029109463869,-3.0295996635360893
H,25,385.42209718192913,-6.342077466196486
H,25,402.94128341747137,-9.800861252059917
H,25,420.46046965301355,-13.395335015646879
H,25,437.9796558885558,-17.140603445855447
H,25,455.498842124098,-21.60393493943951
H,25,473.01802835964025,-25.850580025653073
H,25,490.5372145951825,-30.367393786118214
H,25,508.0564008307248,-35.09297501873789
I,1,0.0,0.0
I,1,20.587274189040144,-15.837179328098465
I,1,41.17454837808029,-6.376523571782855
I,1,61.76182256712043,-0.31583708298928315
I,1,82.34909675616058,2.0161778093162326
I,1,102.93637094520072,3.6089144601730396
I,1,123.52364513424087,3.93477496941523
I,1,144.110919323281,4.202293552947623
I,1,164.69819351232115,3.4593391100606823
I,1,185.2854677013613,2.8153566117540834
I,1,205.87274189040144,1.5359799298356904
I,1,226.46001607944157,0.2875752497638189
I,1,247.04729026848173,-1.6716954189901685
I,1,267.6345644575219,-3.4260309345722817
I,1,288.221838646562,-5.277578306466523
I,1,308.80911283560215,-7.703217738355477
I,1,329.3963870246423,-10.553702343666089
I,1,349.98366121368247,-13.377997881123804
I,1,370.5709354027226,-16.55871621873257
I,1,391.1582095917627,-20.39039105859979
I,1,411.7454837808029,-24.011767074739055
I,1,432.33275796984304,-28.03484882461919
I,1,452.92003215888315,-32.55825596949222
I,1,473.5073063479233,-36.74533247520958
I,1,494.09458053696346,-41.47370761103349
I,1,514.6818547260036,-46.20379087395912
I,1,535.2691289150438,-51.41445684755581
I,1,555.8564031040839,-56.25269507663944
I,1,576.443677293124,-61.99380825214166
I,1,597.0309514821641,-67.56876831551006
I,2,0.0,0.0
I,2,20.36576087513941,-17.04142925402813
I,2,40.73152175027882,-8.087233274112315
I,2,61.09728262541823,-2.59336356695205
I,2,81.46304350055765,-0.35441256127744225
I,2,101.82880437569706,0.22485045968352324
I,2,122.19456525083646,0.8249561095532982
I,2,142.56032612597588,0.9755869953056902
I,2,162.9260870011153,0.6914424430036377
I,2,183.2918478762547,0.3605509078922182
I,2,203.65760875139412,-0.6593964653546607
I,2,224.02336962653354,-1.4101358316501091
I,2,244.38913050167292,-2.6352088262884195
I,2,264.75489137681234,-3.9877658527627773
I,2,285.12065225195175,-5.478499554602649
I,2,305.48641312709117,-6.988617519720208
I,2,325.8521740022306,-8.957744787479783
I,2,346.21793487737,-10.742681267077842
I,2,366.5836957525094,-12.880881526473104
I,2,386.94945662764883,-14.957321166844395
I,2,407.31521750278824,-17.26592883524279
I,2,427.68097837792766,-19.63462677665808
I,2,448.0467392530671,-22.393182306892186
I,2,468.4125001282065,-25.11030984491248
I,2,488.77826100334585,-28.047690988036663
I,2,509.14402187848526,-30.82628399574571
I,2,529.5097827536247,-34.03777808297178
I,2,549.8755436287641,-37.27974603760413
I,2,570.2413045039035,-40.78623409279567
I,2,590.607065379043,-44.34629934006034
I,3,0.0,0.0
I,3,21.141788201531565,-16.683721232014417
I,3,42.28357640306313,-8.405200500484582
I,3,63.42536460459469,-2.7617907081705084
I,3,84.56715280612626,-0.05963584093471752
I,3,105.70894100765783,-0.0392738967794628
I,3,126.85072920918938,0.912627251078419
I,3,147.99251741072095,0.36245799184629846
I,3,169.13430561225252,-0.24180496311055322
I,3,190.2760938137841,-1.2458182770554345
I,3,211.41788201531566,-2.2922460667501525
I,3,232.55967021684722,-3.3699313546511576
I,3,253.70145841837876,-5.143401436276264
I,3,274.84324661991036,-6.762389505208375
I,3,295.9850348214419,-8.34757362748229
I,3,317.1268230229735,-10.253318625636098
I,3,338.26861122450504,-12.43555454586209
I,3,359.4103994260366,-14.308309135127217
I,3,380.5521876275682,-16.59122082879111
I,3,401.6939758290997,-19.13918186100085
I,3,422.8357640306313,-21.70675273824361
I,3,443.97755223216285,-24.38013036656139
I,3,465.11934043369445,-27.34639501666328
I,3,486.261128635226,-30.278017887587282
I,3,507.4029168367575,-33.53884714173046
I,3,528.5447050382891,-36.75101103271879
I,3,549.6864932398207,-40.244641128628984
I,3,570.8282814413523,-43.856290605316985
I,3,591.9700696428838,-47.51980021821191
I,3,613.1118578444153,-51.548760378683596
I,4,0.0,0.0
I,4,21.000531456372652,-15.142466536539423
I,4,42.001062912745304,-5.106103781030555
I,4,63.00159436911795,-0.6115331913553987
I,4,84.00212582549061,1.5699376940723653
I,4,105.00265728186326,2.817872974456378
I,4,126.0031887382359,3.7839738135542973
I,4,147.00372019460858,3.454683573406129
I,4,168.00425165098122,3.8117134297350788
I,4,189.00478310735386,3.2390559624517437
I,4,210.00531456372653,2.9899302840974826
I,4,231.00584602009917,2.621818552945939
I,4,252.0063774764718,1.6005097856872794
I,4,273.00690893284445,0.5596752955574402
I,4,294.00744038921715,-0.4104169201247032
I,4,315.0079718455898,-2.15272491744156
I,4,336.00850330196243,-3.840700584600029
I,4,357.0090347583351,-5.883314921654119
I,4,378.0095662147077,-8.190667745492988
I,4,399.0100976710804,-10.613009440884639
I,4,420.01062912745306,-13.25308665747815
I,4,441.0111605838257,-16.17498084894396
I,4,462.01169204019834,-19.460462080970217
I,4,483.012223496571,-22.60587129701787
I,4,504.0127549529436,-26.22163619008279
I,4,525.0132864093163,-29.918087587605214
I,4,546.0138178656889,-34.218400777229476
I,4,567.0143493220617,-38.533151694555954
I,4,588.0148807784343,-43.043897344540596
I,4,609.015412234807,-47.74209758814038
I,5,0.0,0.0
I,5,20.732515335386093,-16.01046882321659
I,5,41.46503067077219,-6.949302371102213
I,5,62.19754600615828,-0.6037285910698245
I,5,82.93006134154437,1.5970207759772848
I,5,103.66257667693047,2.286991365832762
I,5,124.39509201231655,3.617539801321101
I,5,145.12760734770265,3.6623580774326
I,5,165.86012268308875,3.58927030723018
I,5,186.59263801847484,3.0130071458496843
I,5,207.32515335386094,2.333559854411476
I,5,228.05766868924704,1.2100726170741325
I,5,248.7901840246331,0.310956984692524
I,5,269.5226993600192,-1.1512425425951278
I,5,290.2552146954053,-3.060383535969663
I,5,310.9877300307914,-5.156766407752627
I,5,331.7202453661775,-7.329544425772724
I,5,352.4527607015636,-10.021820865448092
I,5,373.1852760369497,-12.35347100552957
I,5,393.9177913723358,-15.387515583687275
I,5,414.6503067077219,-18.548884031370903
I,5,435.382822043108,-21.89645164041042
I,5,456.1153373784941,-25.57965536585857
I,5,476.8478527138802,-29.37499073446486
I,5,497.5803680492662,-33.41942586266549
I,5,518.3128833846523,-37.86267576933102
I,5,539.0453987200384,-42.28059105879089
I,5,559.7779140554245,-47.03267818134702
I,5,580.5104293908106,-51.820435193367985
I,5,601.2429447261967,-56.980077941090826
I,6,0.0,0.0
I,6,24.050430084123064,-14.456607728827446
I,6,48.10086016824613,-2.9147376951174593
I,6,72.1512902523692,0.3439889296698624
I,6,96.20172033649226,2.0081293632704273
I,6,120.25215042061532,3.094709882902478
I,6,144.3025805047384,3.7166573567545527
I,6,168.35301058886145,4.120240435543536
I,6,192.40344067298452,4.361544569798781
I,6,216.45387075710758,4.216209158392587
I,6,240.50430084123064,3.5700317935879013
I,6,264.55473092535374,2.8646420275835567
I,6,288.6051610094768,1.7882889340601196
I,6,312.6555910935998,0.5487931270015451
I,6,336.7060211777229,-0.9336601537109459
I,6,360.756451261846,-2.5488956719310636
I,6,384.80688134596903,-4.593037717783318
I,6,408.85731143009207,-6.585468571453816
I,6,432.90774151421516,-9.031577581138663
I,6,456.95817159833825,-11.567272069226476
I,6,481.0086016824613,-14.386411179840138
I,6,505.0590317665843,-17.223934978260615
I,6,529.1094618507075,-20.621038409059224
I,6,553.1598919348305,-24.056747466244815
I,6,577.2103220189535,-27.676741390625125
I,6,601.2607521030766,-31.61669369344463
I,6,625.3111821871996,-35.653912165483916
I,6,649.3616122713228,-40.11738188177867
I,6,673.4120423554458,-44.65121822325057
I,6,697.4624724395688,-49.524234133097025
I,7,0.0,0.0
I,7,23.97969689480298,-14.941281508366124
I,7,47.95939378960596,-4.411218801785203
I,7,71.93909068440894,-0.05669187820262778
I,7,95.91878757921192,1.7321579213991214
I,7,119.89848447401491,2.6093212069428517
I,7,143.87818136881788,2.7268214132326705
I,7,167.85787826362088,2.926493733820422
I,7,191.83757515842385,2.565912398343471
I,7,215.81727205322682,2.2048095080065764
I,7,239.79696894802981,1.6420180147653411
I,7,263.7766658428328,0.515581796128572
I,7,287.75636273763575,-0.9786395389273821
I,7,311.73605963243875,-2.444166634986516
I,7,335.71575652724175,-4.1932535682447565
I,7,359.6954534220447,-6.294842815139361
I,7,383.6751503168477,-8.431856804314862
I,7,407.6548472116507,-10.766265996611537
I,7,431.63454410645363,-13.513910983011272
I,7,455.61424100125663,-16.4066365947113
I,7,479.59393789605963,-19.493189266995273
I,7,503.57363479086257,-22.860570891787518
I,7,527.5533316856656,-26.250002222268222
I,7,551.5330285804686,-30.09792253525677
I,7,575.5127254752715,-34.13126010962492
I,7,599.4924223700746,-38.344107533533816
I,7,623.4721192648775,-42.705575418769854
I,7,647.4518161596804,-47.2270153243536
I,7,671.4315130544835,-51.89256912956341
I,7,695.4112099492864,-56.80565479163113
I,8,0.0,0.0
I,8,24.57659648625991,-13.941372701033137
I,8,49.15319297251982,-3.6158852900567453
I,8,73.72978945877972,-0.4819043154315352
I,8,98.30638594503964,1.3457752478765173
I,8,122.88298243129955,1.9935514303749784
I,8,147.45957891755944,2.617875161454748
I,8,172.03617540381936,2.643325400248955
I,8,196.61277189007927,2.576369453588086
I,8,221.1893683763392,1.7940715710415418
I,8,245.7659648625991,0.6402819703313867
I,8,270.342561348859,-0.6695805146733846
I,8,294.9191578351189,-1.7654112706508727
I,8,319.4957543213788,-3.391516988306023
I,8,344.0723508076387,-5.273097882879938
I,8,368.64894729389863,-7.686564639667608
I,8,393.22554378015855,-9.993733569198469
I,8,417.80214026641846,-12.814764629249282
I,8,442.3787367526784,-15.053211702563829
I,8,466.9553332389383,-18.227351133429465
I,8,491.5319297251982,-21.284476159462656
I,8,516.1085262114581,-24.338269061116307
I,8,540.685122697718,-27.892382809171636
I,8,565.2617191839779,-31.672563708187
I,8,589.8383156702378,-35.620824508054966
I,8,614.4149121564977,-39.57076137375407
I,8,638.9915086427576,-43.72319314187166
I,8,663.5681051290176,-48.07127792444078
I,8,688.1447016152774,-52.83625016629844
I,8,712.7212981015374,-57.44094963644625
I,9,0.0,0.0
I,9,24.119198361269095,-15.712932023869818
I,9,48.23839672253819,-2.7397010684891683
I,9,72.35759508380728,1.5236779376490546
I,9,96.47679344507638,3.264912085479665
I,9,120.59599180634548,4.096353399307432
I,9,144.71519016761457,5.2262695910240495
I,9,168.83438852888366,5.174751949460216
I,9,192.95358689015276,5.528166532837531
I,9,217.07278525142186,5.195539057319138
I,9,241.19198361269096,5.120410927233138
I,9,265.31118197396006,4.232707107295539
I,9,289.43038033522913,3.188011156621428
I,9,313.54957869649826,1.9820034447211583
I,9,337.66877705776733,0.39564799080915236
I,9,361.78797541903646,-1.200577819817795
I,9,385.9071737803055,-3.0687006870695086
I,9,410.0263721415746,-4.93906046657645
I,9,434.1455705028437,-7.036091086082308
I,9,458.2647688641128,-9.39404274073064
I,9,482.3839672253819,-11.909300789501401
I,9,506.503165586651,-14.541803641737886
I,9,530.6223639479201,-17.37566859182209
I,9,554.7415623091892,-20.49365539790506
I,9,578.8607606704583,-23.703559391404838
I,9,602.9799590317274,-27.210897680710673
I,9,627.0991573929965,-31.01521276122071
I,9,651.2183557542655,-34.83794434154629
I,9,675.3375541155347,-39.2353904766735
I,9,699.4567524768038,-43.61877147339226
I,10,0.0,0.0
I,10,23.89748040457533,-15.808695704915053
I,10,47.79496080915066,-3.702338998707617
I,10,71.69244121372598,0.8042687027411972
I,10,95.58992161830132,2.5004405063608033
I,10,119.48740202287665,3.5236881534467983
I,10,143.38488242745197,4.012472217999914
I,10,167.2823628320273,4.592416352506831
I,10,191.17984323660264,4.564448982694927
I,10,215.07732364117797,4.438301848757703
I,10,238.9748040457533,3.944746747828418
I,10,262.8722844503286,3.393223333513788
I,10,286.76976485490394,2.355193713679455
I,10,310.6672452594793,1.3034842876840003
I,10,334.5647256640546,-0.18371909049892565
I,10,358.46220606862994,-1.999353581046364
I,10,382.3596864732053,-3.899387999219414
I,10,406.2571668777806,-6.045034735452987
I,10,430.15464728235594,-8.58670833619908
I,10,454.05212768693127,-11.19578229084135
I,10,477.9496080915066,-14.244800063819582
I,10,501.84708849608194,-17.42313148453428
I,10,525.7445689006572,-20.756504749518342
I,10,549.6420493052326,-24.41264914623639
I,10,573.5395297098079,-28.160199825794848
I,10,597.4370101143833,-32.3788033452081
I,10,621.3344905189585,-36.585924090124195
I,10,645.2319709235339,-41.10131693953406
I,10,669.1294513281092,-45.93521476745343
I,10,693.0269317326846,-50.81613981426051
I,11,0.0,0.0
I,11,18.970348373445898,-15.639192879967684
I,11,37.940696746891795,-7.592425881756878
I,11,56.91104512033769,-3.7167576916939
I,11,75.88139349378359,-1.6930381192497777
I,11,94.85174186722949,-1.7103468089173361
I,11,113.82209024067538,-1.4184192370917401
I,11,132.7924386141213,-1.2898278308210251
I,11,151.76278698756718,-1.5280435398580323
I,11,170.73313536101307,-2.4718582170958143
I,11,189.70348373445898,-2.5708020201315094
I,11,208.67383210790487,-3.419502377590959
I,11,227.64418048135076,-4.243074138581704
I,11,246.61452885479667,-5.171238890845075
I,11,265.5848772282426,-6.0282182283092425
I,11,284.55522560168845,-7.1037664859974825
I,11,303.52557397513436,-8.621405278984298
I,11,322.4959223485803,-10.22963247724158
I,11,341.46627072202614,-11.61795179622186
I,11,360.43661909547205,-13.305281857746877
I,11,379.40696746891797,-15.22771708729897
I,11,398.3773158423638,-17.470208963265065
I,11,417.34766421580974,-19.657361837144094
I,11,436.31801258925566,-22.11993634058439
I,11,455.2883609627015,-24.444894462297043
I,11,474.25870933614743,-26.88812313304436
I,11,493.22905770959335,-29.767272214899947
I,11,512.1994060830392,-32.869395981641844
I,11,531.1697544564852,-36.04752793573914
I,11,550.140102829931,-38.98408836951552
I,12,0.0,0.0
I,12,18.65277332571221,-13.501327534669823
I,12,37.30554665142442,-7.341426638694166
I,12,55.95831997713663,-3.8463255881899343
I,12,74.61109330284884,-1.6373285415661059
I,12,93.26386662856106,-2.125487007190088
I,12,111.91663995427326,-3.0231502409241813
I,12,130.56941327998547,-4.01777512025177
I,12,149.2221866056977,-6.058944941903292
I,12,167.8749599314099,-7.062366526141744
I,12,186.52773325712212,-8.411326899266442
I,12,205.1805065828343,-10.660840298161247
I,12,223.83327990854653,-12.82303420116682
I,12,242.48605323425875,-15.364344611305654
I,12,261.13882655997094,-18.455241407118194
I,12,279.7915998856832,-21.64470647963094
I,12,298.4443732113954,-24.092601868439147
I,12,317.09714653710756,-26.972707652457643
I,12,335.7499198628198,-30.15294431635209
I,12,354.402693188532,-33.969237894823095
I,12,373.05546651424424,-37.624211932372305
I,12,391.70823983995643,-40.93676713092742
I,12,410.3610131656686,-45.18926790914844
I,12,429.01378649138087,-48.9629856538603
I,12,447.66655981709306,-52.54697366507969
I,12,466.31933314280525,-56.58774333570966
I,12,484.9721064685175,-61.1319667804957
I,12,503.6248797942297,-65.80754588786249
I,12,522.2776531199419,-70.6316635811607
I,12,540.9304264456541,-75.0116527562999
I,13,0.0,0.0
I,13,18.60384761460805,-16.17568367751722
I,13,37.2076952292161,-8.648798520039822
I,13,55.81154284382415,-4.49353644834116
I,13,74.4153904584322,-3.498036941141862
I,13,93.01923807304024,-2.686317906261678
I,13,111.6230856876483,-2.996102310662039
I,13,130.22693330225636,-3.4653022229535253
I,13,148.8307809168644,-3.803451207521931
I,13,167.43462853147244,-4.892674401944504
I,13,186.03847614608048,-6.092032061199319
I,13,204.64232376068856,-7.407243880478433
I,13,223.2461713752966,-8.851533145679923
I,13,241.85001898990464,-10.723332773187167
I,13,260.4538666045127,-12.30549119037309
I,13,279.0577142191207,-14.154042643332446
I,13,297.6615618337288,-16.448447226900328
I,13,316.26540944833687,-18.30617884750916
I,13,334.8692570629449,-20.44312200551485
I,13,353.47310467755295,-23.150575689565073
I,13,372.07695229216097,-25.611623157621352
I,13,390.68079990676904,-28.642724013930888
I,13,409.2846475213771,-31.558791151582568
I,13,427.8884951359851,-34.58589656209966
I,13,446.4923427505932,-37.665675289245655
I,13,465.09619036520127,-40.9568095925498
I,13,483.7000379798093,-44.38798246985476
I,13,502.30388559441735,-48.07711130511922
I,13,520.9077332090254,-52.003772078983786
I,13,539.5115808236335,-55.681002234763696
I,14,0.0,0.0
I,14,18.59668490022273,-15.186646100985424
I,14,37.19336980044546,-7.802531581712891
I,14,55.79005470066819,-4.090319054484667
I,14,74.38673960089092,-2.717954423876435
I,14,92.98342450111365,-3.0296554015432093
I,14,111.58010940133639,-3.675914085281434
I,14,130.1767943015591,-3.893495848032984
I,14,148.77347920178184,-4.6499849773361746
I,14,167.37016410200457,-4.915850262402927
I,14,185.9668490022273,-5.897795236909673
I,14,204.56353390245002,-6.94513406845175
I,14,223.16021880267277,-8.343240035966971
I,14,241.7569037028955,-9.330443077444698
I,14,260.3535886031182,-11.187301427083923
I,14,278.95027350334095,-12.730024241480578
I,14,297.5469584035637,-14.648763204816248
I,14,316.1436433037864,-16.658689675655296
I,14,334.74032820400913,-18.81905087783167
I,14,353.33701310423186,-20.810143365263457
I,14,371.9336980044546,-23.241598314414944
I,14,390.5303829046773,-25.968230811438218
I,14,409.12706780490004,-28.850402311722462
I,14,427.72375270512276,-31.871686990451735
I,14,446.32043760534555,-35.05667105661587
I,14,464.9171225055683,-38.46356237082438
I,14,483.513807405791,-41.91143180850253
I,14,502.1104923060137,-45.65088190404737
I,14,520.7071772062365,-49.550300106083284
I,14,539.3038621064592,-53.71830545498909
I,15,0.0,0.0
I,15,19.095075096209104,-15.151988437529784
I,15,38.19015019241821,-7.4568312507600965
I,15,57.285225288627316,-4.659419277052606
I,15,76.38030038483642,-3.2203678536925224
I,15,95.47537548104552,-2.865288509017063
I,15,114.57045057725463,-3.2000637125736944
I,15,133.66552567346372,-4.375267652050212
I,15,152.76060076967283,-5.098717751604568
I,15,171.85567586588195,-6.310593357313053
I,15,190.95075096209104,-7.49655186404226
I,15,210.04582605830015,-9.248227241140341
I,15,229.14090115450927,-10.583962785329334
I,15,248.23597625071835,-11.97959579021341
I,15,267.33105134692744,-13.863104340829807
I,15,286.4261264431366,-15.527176799778204
I,15,305.52120153934567,-17.77717119001511
I,15,324.61627663555475,-20.231439367308155
I,15,343.7113517317639,-22.425393929515735
I,15,362.806426827973,-25.018852466204237
I,15,381.90150192418207,-27.612916531663643
I,15,400.9965770203912,-30.417224660329794
I,15,420.0916521166003,-33.54595774795945
I,15,439.1867272128094,-36.70688837594287
I,15,458.28180230901853,-39.94046970870784
I,15,477.3768774052276,-43.16264200686271
I,15,496.4719525014367,-46.91683989174112
I,15,515.5670275976458,-50.351727455239086
I,15,534.6621026938549,-54.1310235670818
I,15,553.757177790064,-58.13651593045307
I,16,0.0,0.0
I,16,18.677593412084132,-15.349289113794583
I,16,37.355186824168264,-4.462737923294789
I,16,56.03278023625239,0.8413085440323087
I,16,74.71037364833653,2.5966139164098223
I,16,93.38796706042066,4.027733967310013
I,16,112.06556047250479,4.899595599659179
I,16,130.74315388458893,5.575186552882258
I,16,149.42074729667306,5.622513180419389
I,16,168.09834070875718,5.559211965980296
I,16,186.77593412084133,4.931696898837799
I,16,205.45352753292545,4.326476316335061
I,16,224.13112094500957,3.7787536873492513
I,16,242.80871435709372,2.7651159444208986
I,16,261.48630776917787,1.119502689253693
I,16,280.16390118126196,-0.5896420336229653
I,16,298.8414945933461,-2.585017728372634
I,16,317.51908800543026,-4.811954075347501
I,16,336.19668141751436,-7.378857575581264
I,16,354.8742748295985,-9.796365739657745
I,16,373.55186824168266,-12.892559418406393
I,16,392.22946165376675,-15.929860633877865
I,16,410.9070550658509,-19.26872552586866
I,16,429.58464847793505,-22.89092160899071
I,16,448.26224189001914,-26.536185280916413
I,16,466.9398353021033,-30.314175276106027
I,16,485.61742871418744,-34.40606748644689
I,16,504.2950221262716,-38.46913863526635
I,16,522.9726155383557,-42.90005259669584
I,16,541.6502089504398,-47.160808584338156
I,17,0.0,0.0
I,17,18.278415655437854,-15.329831898565049
I,17,36.55683131087571,-4.845273368283916
I,17,54.83524696631356,-0.3595469420360473
I,17,73.11366262175142,1.509394289058008
I,17,91.39207827718927,3.330457841601188
I,17,109.67049393262712,4.495937802501629
I,17,127.94890958806498,5.113589553656155
I,17,146.22732524350283,5.12054263918759
I,17,164.5057408989407,5.065599359941245
I,17,182.78415655437854,4.7157876269191945
I,17,201.06257220981638,4.23312328745962
I,17,219.34098786525425,3.268949361309751
I,17,237.61940352069212,1.9307222969854365
I,17,255.89781917612996,0.5046677435616118
I,17,274.1762348315678,-1.287502917151528
I,17,292.45465048700567,-3.0399769844174784
I,17,310.73306614244353,-5.292426221306414
I,17,329.0114817978814,-7.708290618103945
I,17,347.2898974533192,-10.434366469121812
I,17,365.5683131087571,-13.382231111231249
I,17,383.84672876419495,-16.72535513993455
I,17,402.12514441963276,-20.27500963011329
I,17,420.40356007507063,-23.94786071164708
I,17,438.6819757305085,-27.67964844371602
I,17,456.96039138594637,-31.897045891288087
I,17,475.23880704138423,-36.09116407500892
I,17,493.51722269682205,-40.59197835686564
I,17,511.7956383522599,-45.206132252635825
I,17,530.0740540076978,-49.966201159573586
I,18,0.0,0.0
I,18,18.3935150705424,-15.042052142429547
I,18,36.7870301410848,-2.7184025141923414
I,18,55.1805452116272,1.805276007003279
I,18,73.5740602821696,4.0982974268209205
I,18,91.967575352712,5.928549052266334
I,18,110.3610904232544,6.982662602580618
I,18,128.7546054937968,7.990740644290128
I,18,147.1481205643392,8.473519759584917
I,18,165.5416356348816,8.841822226098799
I,18,183.935150705424,8.679229116992929
I,18,202.32866577596639,8.17119240353415
I,18,220.7221808465088,7.636839666216417
I,18,239.1156959170512,6.937382215279058
I,18,257.5092109875936,5.772088312786991
I,18,275.902726058136,4.680981671714278
I,18,294.2962411286784,3.085116040932462
I,18,312.68975619922077,1.3697212425850012
I,18,331.0832712697632,-0.5094016633011051
I,18,349.4767863403056,-2.620612173761799
I,18,367.870301410848,-4.910321960816987
I,18,386.2638164813904,-7.533676412985415
I,18,404.65733155193277,-10.094624123804522
I,18,423.0508466224752,-12.901521022611632
I,18,441.4443616930176,-15.95227009378226
I,18,459.83787676355996,-18.994857465790517
I,18,478.2313918341024,-22.357141438457347
I,18,496.6249069046448,-25.6996416999462
I,18,515.0184219751872,-29.47123413324573
I,18,533.4119370457296,-33.19619293157348
I,19,0.0,0.0
I,19,17.95754085385698,-14.880819027479015
I,19,35.91508170771396,-4.059493759775982
I,19,53.872622561570935,1.9679714956410308
I,19,71.83016341542792,4.841349412228311
I,19,89.7877042692849,7.165653983702796
I,19,107.74524512314187,9.178280635270923
I,19,125.70278597699885,10.050046917734761
I,19,143.66032683085584,11.083794289479243
I,19,161.61786768471282,11.144925826676598
I,19,179.5754085385698,11.265687778218478
I,19,197.5329493924268,10.69998386302268
I,19,215.49049024628374,9.53969055876587
I,19,233.44803110014072,8.077571795787463
I,19,251.4055719539977,5.9415647175137565
I,19,269.3631128078547,3.4572907104090973
I,19,287.3206536617117,0.74661832793538
I,19,305.27819451556866,-2.000182170358073
I,19,323.23573536942564,-5.0931768947584715
I,19,341.1932762232826,-8.625405728757073
I,19,359.1508170771396,-12.255377138004178
I,19,377.1083579309966,-16.393721944355548
I,19,395.0658987848536,-20.579431033626975
I,19,413.02343963871056,-25.163631911919765
I,19,430.9809804925675,-29.540107133059394
I,19,448.93852134642447,-34.23339623940154
I,19,466.89606220028145,-39.34463015250981
I,19,484.85360305413843,-44.134277205442686
I,19,502.8111439079954,-49.26853324294848
I,19,520.7686847618525,-54.544304748430704
I,20,0.0,0.0
I,20,18.301261821465953,-15.670945166846282
I,20,36.60252364293191,-2.039455518853458
I,20,54.903785464397856,4.16620101915354
I,20,73.20504728586381,8.122370062854174
I,20,91.50630910732977,10.941063588679924
I,20,109.80757092879571,12.758787959022683
I,20,128.10883275026168,13.63570789651655
I,20,146.41009457172763,14.233143923749282
I,20,164.71135639319357,14.780855953069107
I,20,183.01261821465954,14.383840827806807
I,20,201.31388003612548,13.557930884916289
I,20,219.61514185759142,12.10664914490323
I,20,237.9164036790574,10.380473032086257
I,20,256.21766550052337,7.872763461068246
I,20,274.5189273219893,4.707903591685408
I,20,292.82018914345525,1.113038508012437
I,20,311.1214509649212,-2.6969609403018353
I,20,329.42271278638714,-7.011262140530505
I,20,347.7239746078531,-11.34839626610517
I,20,366.0252364293191,-16.084365776601146
I,20,384.326498250785,-21.30150502006819
I,20,402.62776007225096,-26.587525221388773
I,20,420.92902189371694,-31.89697828528449
I,20,439.23028371518285,-37.307914827051604
I,20,457.5315455366488,-42.83589628883942
I,20,475.8328073581148,-48.39488565333829
I,20,494.13406917958076,-54.09223376900701
I,20,512.4353310010467,-60.00557412622453
I,20,530.7365928225126,-65.92656989493383
I,21,0.0,0.0
I,21,18.571104517689704,-13.909179796230369
I,21,37.14220903537941,-7.74989203220645
I,21,55.71331355306911,2.607346079591565
I,21,74.28441807075882,6.4961242528308105
I,21,92.85552258844852,9.997778872119682
I,21,111.42662710613823,12.575312563375633
I,21,129.99773162382792,14.371471747607984
I,21,148.56883614151764,16.238609837615883
I,21,167.13994065920735,17.75695422211564
I,21,185.71104517689704,19.294410975898444
I,21,204.28214969458674,19.538793383169804
I,21,222.85325421227645,20.684907918924438
I,21,241.42435872996617,21.38583289315892
I,21,259.99546324765583,20.989456445285214
I,21,278.56656776534555,21.15930083078814
I,21,297.1376722830353,20.40408656552148
I,21,315.708776800725,20.127815565770334
I,21,334.2798813184147,19.627455666275523
I,21,352.85098583610437,19.31546060663021
I,21,371.4220903537941,18.19044134557697
I,21,389.9931948714838,16.711311622697053
I,21,408.56429938917347,15.376175756435828
I,21,427.1354039068632,13.656912780338473
I,21,445.7065084245529,12.011649988384306
I,21,464.2776129422426,10.277929991177984
I,21,482.84871745993235,7.95033914078607
I,21,501.419821977622,5.729239638538161
I,21,519.9909264953117,2.862168945886765
I,21,538.5620310130014,-0.054229440515086935
I,22,0.0,0.0
I,22,18.200890181631053,-14.79418839405988
I,22,36.401780363262105,-2.207249810173032
I,22,54.60267054489316,5.535507173295414
I,22,72.80356072652421,10.006275560632673
I,22,91.00445090815526,12.899953612765486
I,22,109.20534108978632,15.639938053074147
I,22,127.40623127141737,18.08326949247285
I,22,145.60712145304842,20.615839770937555
I,22,163.80801163467947,22.58636971707739
I,22,182.00890181631053,24.6448409789123
I,22,200.20979199794158,26.178934931610854
I,22,218.41068217957263,27.551063583313407
I,22,236.61157236120368,28.854448533958703
I,22,254.81246254283474,29.79244541559649
I,22,273.0133527244658,30.579976189774413
I,22,291.21424290609684,31.261618281355425
I,22,309.4151330877279,31.35510284065998
I,22,327.61602326935895,31.61337085002208
I,22,345.81691345099,31.50895208651872
I,22,364.01780363262105,31.34678115467159
I,22,382.2186938142521,30.90623235602112
I,22,400.41958399588316,30.29248624448161
I,22,418.6204741775142,29.30251752108353
I,22,436.82136435914526,28.148191934821398
I,22,455.0222545407763,26.810824402016067
I,22,473.22314472240737,24.962586139341568
I,22,491.4240349040384,23.24450171797548
I,22,509.6249250856695,21.088482186329202
I,22,527.8258152673005,18.725580717071466
I,23,0.0,0.0
I,23,18.350994276351635,-13.665454960761323
I,23,36.70198855270327,2.4299796802707903
I,23,55.052982829054905,9.191895499518445
I,23,73.40397710540654,12.387467262783403
I,23,91.75497138175817,16.520532837900433
I,23,110.10596565810981,19.595483975167056
I,23,128.45695993446145,20.63598812619233
I,23,146.80795421081308,21.170427347129163
I,23,165.1589484871647,20.008799042681147
I,23,183.50994276351634,18.960121348164563
I,23,201.860937039868,16.720853081981858
I,23,220.21193131621962,13.689890962771528
I,23,238.56292559257125,10.609103538351576
I,23,256.9139198689229,6.790797025528832
I,23,275.26491414527453,2.666965149528153
I,23,293.61590842162616,-1.8587713982918785
I,23,311.9669026979778,-6.219754533552077
I,23,330.3178969743294,-11.305265858251857
I,23,348.66889125068104,-16.606600919535026
I,23,367.01988552703267,-21.892461280310215
I,23,385.37087980338436,-27.93915737710472
I,23,403.721874079736,-33.742242806646004
I,23,422.0728683560876,-39.741760535378376
I,23,440.42386263243924,-45.995786449251966
I,23,458.77485690879087,-52.346520331677254
I,23,477.1258511851425,-59.05468364931505
I,23,495.4768454614941,-65.36322177621412
I,23,513.8278397378458,-72.08683251843155
I,23,532.1788340141974,-78.4731965640346
I,24,0.0,0.0
I,24,18.19955924507004,-14.175338666078938
I,24,36.39911849014008,-2.0342829272703824
I,24,54.598677735210124,3.2136475763273253
I,24,72.79823698028017,6.508994018988574
I,24,90.99779622535021,8.87449553763561
I,24,109.19735547042025,10.747684122549657
I,24,127.39691471549028,12.55466619532325
I,24,145.59647396056033,13.887372387514091
I,24,163.79603320563038,15.565896016521123
I,24,181.99559245070043,16.601284801849403
I,24,200.19515169577045,17.47360796889373
I,24,218.3947109408405,18.38281833883505
I,24,236.59427018591055,18.869993248772033
I,24,254.79382943098057,19.210291340071194
I,24,272.99338867605064,19.280382335568447
I,24,291.19294792112066,19.144050698698095
I,24,309.3925071661907,19.10852518502213
I,24,327.59206641126076,18.811109124629866
I,24,345.7916256563308,18.04571457280872
I,24,363.99118490140086,17.507342340248158
I,24,382.1907441464709,16.458722921039907
I,24,400.3903033915409,15.166963288585748
I,24,418.589862636611,13.689414644241879
I,24,436.789421881681,12.00243366173163
I,24,454.988981126751,9.91133449628228
I,24,473.1885403718211,7.800036188325066
I,24,491.3880996168911,5.458682581091239
I,24,509.58765886196113,2.880676276167492
I,24,527.7872181070312,0.15899911272708778
I,25,0.0,0.0
I,25,18.163086978925367,-15.193846812588637
I,25,36.326173957850735,-3.6645321281467034
I,25,54.489260936776105,5.191727785064778
I,25,72.65234791570147,9.096177889744268
I,25,90.81543489462683,12.384350452959751
I,25,108.97852187355221,15.641163537019494
I,25,127.14160885247757,18.138915905445046
I,25,145.30469583140294,20.8865701616308
I,25,163.46778281032832,22.968818745105835
I,25,181.63086978925367,24.880797715926462
I,25,199.79395676817904,26.37074922456904
I,25,217.95704374710442,28.00646722329978
I,25,236.12013072602977,29.170303787723554
I,25,254.28321770495515,30.16782063089383
I,25,272.4463046838805,30.434385609586286
I,25,290.6093916628059,31.217754989212153
I,25,308.77247864173125,31.16986171956438
I,25,326.93556562065663,31.433394863085425
I,25,345.09865259958195,31.12587058239103
I,25,363.26173957850733,30.887417773491677
I,25,381.4248265574327,30.452239737344712
I,25,399.5879135363581,29.462153374832383
I,25,417.75100051528347,28.547131832615605
I,25,435.91408749420884,27.361127747658827
I,25,454.07717447313416,26.008652719399606
I,25,472.24026145205954,24.302461053910292
I,25,490.4033484309849,22.433512111108598
I,25,508.5664354099103,20.383511838001084
I,25,526.7295223888357,17.992537327388845
